latitude,longitude,recorded_at,day_of_week,day_of_week_num,is_weekend,month,hour,period,noise_class,noise_level_dba
43.238371,76.914357,2026-02-25T15:14:34+05:00,Wednesday,2,0,2,15,daytime,others,52.82
43.237236,76.924403,2026-03-22T09:41:58+05:00,Sunday,6,1,3,9,morning,transport,68.87
43.233136,76.975432,2026-04-19T18:41:44+05:00,Sunday,6,1,4,18,evening,human,60.49
43.259635,76.943863,2026-02-23T11:52:08+05:00,Monday,0,0,2,11,daytime,transport,65.48
43.239064,76.927923,2026-01-30T08:02:45+05:00,Friday,4,0,1,8,morning,transport,83.41
43.287816,76.891904,2025-12-02T10:18:12+05:00,Tuesday,1,0,12,10,morning,others,66.02
43.262781,76.952689,2026-03-21T18:34:31+05:00,Saturday,5,1,3,18,evening,human,70.89
43.240825,76.91844,2026-04-03T08:22:15+05:00,Friday,4,0,4,8,morning,transport,68.89
43.221722,76.901188,2026-02-23T06:53:23+05:00,Monday,0,0,2,6,morning,others,38.15
43.252076,76.944405,2025-12-07T17:23:57+05:00,Sunday,6,1,12,17,evening,human,68.53
43.254378,76.946459,2025-11-11T09:27:45+05:00,Tuesday,1,0,11,9,morning,human,63.29
43.286271,76.891353,2026-02-13T17:44:55+05:00,Friday,4,0,2,17,evening,building_noise,77.12
43.239377,76.917546,2026-01-23T08:09:15+05:00,Friday,4,0,1,8,morning,transport,69.12
43.238509,76.919791,2026-01-04T20:35:33+05:00,Sunday,6,1,1,20,evening,transport,71.44
43.354075,77.036802,2026-02-25T18:22:17+05:00,Wednesday,2,0,2,18,evening,transport,77.7
43.222825,76.898775,2025-12-13T21:38:08+05:00,Saturday,5,1,12,21,late_evening,others,41.45
43.266483,76.926347,2026-03-19T07:07:13+05:00,Thursday,3,0,3,7,morning,human,63.4
43.260508,76.967325,2026-02-17T13:51:46+05:00,Tuesday,1,0,2,13,daytime,animals,47.03
43.259922,76.972188,2025-12-16T11:00:52+05:00,Tuesday,1,0,12,11,daytime,others,49.65
43.282106,76.88863,2025-11-01T08:51:43+05:00,Saturday,5,1,11,8,morning,building_noise,81.65
43.257295,76.971487,2025-11-06T07:36:56+05:00,Thursday,3,0,11,7,morning,animals,43.26
43.253745,76.943602,2025-11-23T17:39:23+05:00,Sunday,6,1,11,17,evening,human,66.29
43.344052,76.952462,2026-02-09T08:54:14+05:00,Monday,0,0,2,8,morning,transport,80.93
43.255983,76.975694,2026-04-23T23:58:13+05:00,Thursday,3,0,4,23,late_evening,animals,35.02
43.218346,76.926678,2026-03-10T09:58:02+05:00,Tuesday,1,0,3,9,morning,transport,79.1
43.260931,76.967597,2026-01-18T10:41:30+05:00,Sunday,6,1,1,10,morning,animals,50.25
43.235532,76.958133,2026-04-05T18:55:20+05:00,Sunday,6,1,4,18,evening,human,61.47
43.284286,76.893573,2026-04-20T17:01:47+05:00,Monday,0,0,4,17,evening,building_noise,72.56
43.265518,76.82608,2026-01-24T15:21:44+05:00,Saturday,5,1,1,15,daytime,others,49.91
43.239212,76.929551,2026-05-04T08:49:04+05:00,Monday,0,0,5,8,morning,alert,78.09
43.233948,76.955929,2026-02-06T23:36:32+05:00,Friday,4,0,2,23,late_evening,human,72.23
43.254074,76.948086,2026-05-04T20:55:02+05:00,Monday,0,0,5,20,evening,human,68.91
43.220443,76.93113,2026-02-04T06:49:14+05:00,Wednesday,2,0,2,6,morning,transport,62.58
43.23823,76.956742,2026-03-19T17:53:10+05:00,Thursday,3,0,3,17,evening,transport,76.57
43.265727,76.925447,2025-11-20T08:09:33+05:00,Thursday,3,0,11,8,morning,building_noise,68.88
43.218692,76.931141,2025-12-23T07:59:05+05:00,Tuesday,1,0,12,7,morning,transport,81.08
43.220222,76.925993,2025-12-03T22:36:33+05:00,Wednesday,2,0,12,22,late_evening,transport,69.25
43.26591,76.929306,2026-02-19T08:34:23+05:00,Thursday,3,0,2,8,morning,human,63.71
43.251152,76.862073,2026-01-14T18:11:13+05:00,Wednesday,2,0,1,18,evening,transport,75.54
43.262563,76.95248,2026-03-24T08:30:01+05:00,Tuesday,1,0,3,8,morning,others,50.78
43.23901,76.914597,2026-04-07T18:31:17+05:00,Tuesday,1,0,4,18,evening,transport,69.49
43.253001,76.945387,2026-03-30T16:25:15+05:00,Monday,0,0,3,16,daytime,human,64.04
43.28587,76.89691,2025-12-04T12:35:05+05:00,Thursday,3,0,12,12,daytime,building_noise,76.91
43.258641,76.946556,2025-12-27T00:46:37+05:00,Saturday,5,1,12,0,night,human,56.07
43.262087,76.928605,2025-12-12T15:20:18+05:00,Friday,4,0,12,15,daytime,animals,48.85
43.250514,76.940243,2026-04-20T22:27:21+05:00,Monday,0,0,4,22,late_evening,human,64.85
43.216235,76.925189,2026-03-17T09:18:00+05:00,Tuesday,1,0,3,9,morning,transport,78.51
43.238713,76.917499,2026-03-21T17:14:10+05:00,Saturday,5,1,3,17,evening,transport,66.08
43.258351,76.946777,2026-01-29T15:25:57+05:00,Thursday,3,0,1,15,daytime,human,60.44
43.254202,76.943865,2026-04-16T16:40:27+05:00,Thursday,3,0,4,16,daytime,human,67.81
43.34932,77.041256,2026-04-09T07:59:18+05:00,Thursday,3,0,4,7,morning,transport,70.59
43.283573,76.891153,2026-03-20T10:17:39+05:00,Friday,4,0,3,10,morning,building_noise,77.66
43.2902,76.897054,2026-01-07T20:02:33+05:00,Wednesday,2,0,1,20,evening,transport,64.34
43.277714,76.885595,2026-02-12T15:30:21+05:00,Thursday,3,0,2,15,daytime,building_noise,72.11
43.351943,77.041027,2026-02-17T05:46:01+05:00,Tuesday,1,0,2,5,night,transport,54.73
43.281089,76.893936,2026-02-12T11:07:36+05:00,Thursday,3,0,2,11,daytime,building_noise,73.7
43.34913,77.035839,2026-02-03T18:24:15+05:00,Tuesday,1,0,2,18,evening,transport,76.04
43.256012,76.970258,2025-11-11T10:07:20+05:00,Tuesday,1,0,11,10,morning,animals,47.65
43.262521,76.930534,2026-01-16T10:20:52+05:00,Friday,4,0,1,10,morning,human,63.82
43.255628,76.944409,2025-12-23T21:15:07+05:00,Tuesday,1,0,12,21,late_evening,human,66.26
43.263749,76.928353,2026-01-17T18:02:18+05:00,Saturday,5,1,1,18,evening,human,71.07
43.260345,76.953398,2026-05-06T09:03:14+05:00,Wednesday,2,0,5,9,morning,building_noise,61.0
43.239289,76.917339,2026-05-10T07:29:10+05:00,Sunday,6,1,5,7,morning,others,55.69
43.221012,76.901108,2026-03-27T18:03:58+05:00,Friday,4,0,3,18,evening,human,55.02
43.256167,76.944748,2026-05-03T02:47:10+05:00,Sunday,6,1,5,2,night,human,51.91
43.261637,76.953613,2026-02-05T21:52:37+05:00,Thursday,3,0,2,21,late_evening,building_noise,54.73
43.246734,76.939961,2026-01-02T22:22:13+05:00,Friday,4,0,1,22,late_evening,human,76.13
43.260116,76.976127,2026-03-08T07:13:28+05:00,Sunday,6,1,3,7,morning,animals,43.53
43.220925,76.900589,2026-01-27T03:27:41+05:00,Tuesday,1,0,1,3,night,others,35.0
43.23629,76.956815,2026-05-03T12:09:47+05:00,Sunday,6,1,5,12,daytime,human,62.1
43.247994,76.862158,2026-03-26T17:32:13+05:00,Thursday,3,0,3,17,evening,transport,74.8
43.256431,76.946179,2026-03-29T22:43:38+05:00,Sunday,6,1,3,22,late_evening,human,66.49
43.235311,76.920474,2026-05-01T17:21:42+05:00,Friday,4,0,5,17,evening,transport,80.32
43.259764,76.973897,2025-12-15T18:43:08+05:00,Monday,0,0,12,18,evening,human,51.47
43.264983,76.928109,2026-03-16T14:56:11+05:00,Monday,0,0,3,14,daytime,human,63.02
43.261671,76.953612,2026-02-05T21:47:37+05:00,Thursday,3,0,2,21,late_evening,building_noise,57.39
43.245975,76.942145,2025-11-29T07:12:08+05:00,Saturday,5,1,11,7,morning,human,62.69
43.235151,76.977205,2025-12-22T07:43:42+05:00,Monday,0,0,12,7,morning,others,43.76
43.247351,76.937671,2026-01-29T23:59:38+05:00,Thursday,3,0,1,23,late_evening,alert,73.53
43.23772,76.959536,2025-12-30T15:57:11+05:00,Tuesday,1,0,12,15,daytime,human,63.19
43.239635,76.928622,2025-12-06T19:59:35+05:00,Saturday,5,1,12,19,evening,alert,71.17
43.25495,76.945596,2026-04-17T13:53:45+05:00,Friday,4,0,4,13,daytime,human,60.36
43.239284,76.955065,2026-03-17T18:45:09+05:00,Tuesday,1,0,3,18,evening,transport,80.19
43.247323,76.860861,2026-01-22T01:35:48+05:00,Thursday,3,0,1,1,night,transport,52.37
43.246808,76.859582,2026-02-07T18:49:00+05:00,Saturday,5,1,2,18,evening,transport,71.37
43.235727,76.92297,2026-04-02T19:32:44+05:00,Thursday,3,0,4,19,evening,transport,78.15
43.250616,76.937955,2026-04-17T06:32:02+05:00,Friday,4,0,4,6,morning,transport,58.42
43.262406,76.953895,2026-02-06T11:30:04+05:00,Friday,4,0,2,11,daytime,transport,65.47
43.247158,76.942459,2025-11-13T17:39:50+05:00,Thursday,3,0,11,17,evening,alert,76.98
43.279512,76.896705,2026-02-18T18:36:25+05:00,Wednesday,2,0,2,18,evening,building_noise,72.88
43.283306,76.895264,2025-11-20T07:52:57+05:00,Thursday,3,0,11,7,morning,building_noise,65.61
43.28769,76.89472,2026-04-10T08:34:25+05:00,Friday,4,0,4,8,morning,building_noise,74.78
43.239396,76.932061,2026-03-21T09:55:04+05:00,Saturday,5,1,3,9,morning,alert,72.14
43.263581,76.927694,2026-04-01T16:45:43+05:00,Wednesday,2,0,4,16,daytime,human,63.98
43.239017,76.930573,2025-12-21T00:00:33+05:00,Sunday,6,1,12,0,night,transport,49.12
43.341582,76.948727,2026-04-10T16:09:45+05:00,Friday,4,0,4,16,daytime,transport,70.54
43.239708,76.929203,2025-12-06T19:54:35+05:00,Saturday,5,1,12,19,evening,alert,70.44
43.284464,76.896508,2026-01-31T14:42:18+05:00,Saturday,5,1,1,14,daytime,building_noise,84.18
43.278435,76.893322,2026-02-06T18:44:11+05:00,Friday,4,0,2,18,evening,building_noise,72.72
43.236664,76.916887,2025-12-01T10:12:03+05:00,Monday,0,0,12,10,morning,others,54.67
43.247918,76.937337,2025-12-11T19:59:17+05:00,Thursday,3,0,12,19,evening,human,68.39
43.236659,76.913266,2026-01-31T07:35:00+05:00,Saturday,5,1,1,7,morning,transport,61.29
43.27323,76.890336,2026-04-08T19:13:48+05:00,Wednesday,2,0,4,19,evening,transport,67.63
43.278411,76.894844,2026-05-04T09:15:44+05:00,Monday,0,0,5,9,morning,building_noise,75.35
43.26669,76.81976,2026-04-02T12:34:46+05:00,Thursday,3,0,4,12,daytime,others,52.5
43.258919,76.945262,2026-01-11T16:11:50+05:00,Sunday,6,1,1,16,daytime,human,56.25
43.262689,76.953999,2026-03-05T12:13:58+05:00,Thursday,3,0,3,12,daytime,human,68.43
43.278015,76.887782,2025-12-25T17:23:51+05:00,Thursday,3,0,12,17,evening,building_noise,80.37
43.236908,76.929684,2026-03-21T22:46:16+05:00,Saturday,5,1,3,22,late_evening,alert,74.6
43.265739,76.927982,2026-04-06T15:11:18+05:00,Monday,0,0,4,15,daytime,human,64.86
43.336762,76.953187,2026-01-18T09:57:30+05:00,Sunday,6,1,1,9,morning,transport,70.8
43.234156,76.918703,2025-12-27T21:26:14+05:00,Saturday,5,1,12,21,late_evening,others,52.01
43.288601,76.89158,2026-01-12T21:38:15+05:00,Monday,0,0,1,21,late_evening,transport,57.58
43.258546,76.944602,2026-01-07T21:31:30+05:00,Wednesday,2,0,1,21,late_evening,human,64.05
43.240572,76.921847,2026-02-12T11:08:23+05:00,Thursday,3,0,2,11,daytime,alert,75.29
43.23942,76.921375,2026-01-06T13:41:13+05:00,Tuesday,1,0,1,13,daytime,transport,68.99
43.250048,76.941987,2025-11-20T13:07:07+05:00,Thursday,3,0,11,13,daytime,building_noise,71.84
43.234818,76.976432,2026-03-22T16:45:40+05:00,Sunday,6,1,3,16,daytime,human,48.69
43.26064,76.944341,2025-12-28T23:45:40+05:00,Sunday,6,1,12,23,late_evening,human,69.8
43.342963,76.947717,2025-11-04T09:40:06+05:00,Tuesday,1,0,11,9,morning,transport,75.24
43.255549,76.942008,2026-02-21T17:12:29+05:00,Saturday,5,1,2,17,evening,others,63.35
43.335465,76.94344,2026-05-04T19:42:02+05:00,Monday,0,0,5,19,evening,transport,77.92
43.262637,76.927542,2025-11-18T16:31:56+05:00,Tuesday,1,0,11,16,daytime,building_noise,64.5
43.23909,76.921778,2026-02-07T20:42:03+05:00,Saturday,5,1,2,20,evening,transport,71.45
43.220912,76.927883,2026-02-18T17:47:24+05:00,Wednesday,2,0,2,17,evening,transport,77.35
43.231953,76.959218,2025-11-17T07:05:31+05:00,Monday,0,0,11,7,morning,transport,76.41
43.340724,76.949201,2026-03-31T19:16:05+05:00,Tuesday,1,0,3,19,evening,transport,79.73
43.360992,77.044107,2026-03-27T17:42:14+05:00,Friday,4,0,3,17,evening,transport,78.08
43.243574,76.860159,2026-03-26T08:09:57+05:00,Thursday,3,0,3,8,morning,alert,80.43
43.234042,76.957516,2026-04-06T11:52:32+05:00,Monday,0,0,4,11,daytime,human,59.93
43.246213,76.917689,2026-03-20T09:40:29+05:00,Friday,4,0,3,9,morning,others,66.13
43.238587,76.93204,2026-04-27T07:30:55+05:00,Monday,0,0,4,7,morning,transport,63.21
43.263349,76.824435,2026-03-10T07:10:28+05:00,Tuesday,1,0,3,7,morning,human,50.6
43.219346,76.930067,2026-04-04T16:32:45+05:00,Saturday,5,1,4,16,daytime,transport,67.35
43.238682,76.915502,2026-04-16T18:41:19+05:00,Thursday,3,0,4,18,evening,building_noise,71.0
43.2586,76.973668,2025-12-05T22:00:36+05:00,Friday,4,0,12,22,late_evening,animals,35.07
43.258787,76.968717,2026-05-02T11:38:31+05:00,Saturday,5,1,5,11,daytime,human,54.17
43.252806,76.946503,2026-02-04T08:47:38+05:00,Wednesday,2,0,2,8,morning,others,63.0
43.255896,76.949122,2026-01-20T18:01:57+05:00,Tuesday,1,0,1,18,evening,human,62.47
43.238257,76.931233,2025-12-26T08:44:52+05:00,Friday,4,0,12,8,morning,alert,73.83
43.253889,76.944676,2026-01-30T18:58:12+05:00,Friday,4,0,1,18,evening,human,71.03
43.278403,76.893436,2026-05-06T12:34:02+05:00,Wednesday,2,0,5,12,daytime,building_noise,73.35
43.222526,76.90115,2026-02-24T17:44:14+05:00,Tuesday,1,0,2,17,evening,others,57.58
43.223003,76.901827,2025-11-07T17:16:08+05:00,Friday,4,0,11,17,evening,human,59.77
43.238835,76.914512,2026-04-11T12:48:01+05:00,Saturday,5,1,4,12,daytime,building_noise,57.96
43.238489,76.917421,2026-04-17T23:01:18+05:00,Friday,4,0,4,23,late_evening,others,57.01
43.251308,76.941264,2025-11-11T15:53:58+05:00,Tuesday,1,0,11,15,daytime,transport,58.32
43.219593,76.898894,2026-03-30T10:52:24+05:00,Monday,0,0,3,10,morning,human,50.29
43.248831,76.938223,2026-05-03T12:08:32+05:00,Sunday,6,1,5,12,daytime,human,62.14
43.247935,76.864618,2026-04-20T17:12:33+05:00,Monday,0,0,4,17,evening,transport,77.46
43.279525,76.890281,2026-03-22T23:00:58+05:00,Sunday,6,1,3,23,late_evening,others,57.19
43.262403,76.969509,2026-03-12T09:16:02+05:00,Thursday,3,0,3,9,morning,others,51.36
43.24115,76.922683,2026-04-06T06:24:39+05:00,Monday,0,0,4,6,morning,transport,59.55
43.238134,76.930652,2026-01-05T21:19:54+05:00,Monday,0,0,1,21,late_evening,alert,74.2
43.219282,76.929781,2025-11-09T00:40:04+05:00,Sunday,6,1,11,0,night,transport,57.41
43.219809,76.90509,2026-04-28T08:39:46+05:00,Tuesday,1,0,4,8,morning,others,43.28
43.350581,77.037488,2026-03-05T18:43:56+05:00,Thursday,3,0,3,18,evening,transport,76.0
43.257067,76.944557,2025-11-01T21:48:03+05:00,Saturday,5,1,11,21,late_evening,human,69.12
43.356399,77.035875,2026-03-17T11:17:59+05:00,Tuesday,1,0,3,11,daytime,transport,70.69
43.234378,76.955752,2026-05-01T08:15:42+05:00,Friday,4,0,5,8,morning,transport,67.72
43.253752,76.944813,2025-12-20T20:25:31+05:00,Saturday,5,1,12,20,evening,human,72.96
43.339973,76.949257,2026-01-07T07:35:15+05:00,Wednesday,2,0,1,7,morning,transport,80.76
43.288292,76.891259,2026-01-06T18:28:06+05:00,Tuesday,1,0,1,18,evening,building_noise,78.18
43.260198,76.945501,2026-01-02T02:21:58+05:00,Friday,4,0,1,2,night,human,57.01
43.253035,76.943018,2026-03-01T13:44:49+05:00,Sunday,6,1,3,13,daytime,human,61.59
43.25799,76.947607,2026-05-01T20:07:06+05:00,Friday,4,0,5,20,evening,human,73.08
43.260484,76.973576,2026-03-31T07:34:37+05:00,Tuesday,1,0,3,7,morning,animals,39.98
43.219959,76.927683,2026-04-03T17:25:22+05:00,Friday,4,0,4,17,evening,alert,87.88
43.275593,76.89151,2026-04-03T09:14:18+05:00,Friday,4,0,4,9,morning,building_noise,76.05
43.266075,76.926307,2026-03-01T18:17:10+05:00,Sunday,6,1,3,18,evening,human,65.38
43.250547,76.944003,2026-04-10T12:45:33+05:00,Friday,4,0,4,12,daytime,human,65.09
43.262474,76.971336,2026-03-27T09:39:38+05:00,Friday,4,0,3,9,morning,animals,35.0
43.255269,76.971995,2025-11-26T08:08:03+05:00,Wednesday,2,0,11,8,morning,others,45.55
43.262982,76.954139,2026-01-18T07:04:52+05:00,Sunday,6,1,1,7,morning,others,56.54
43.256212,76.944509,2026-03-22T20:36:05+05:00,Sunday,6,1,3,20,evening,human,65.27
43.237054,76.958466,2026-05-09T00:09:44+05:00,Saturday,5,1,5,0,night,human,62.85
43.26251,76.954806,2026-01-26T17:21:24+05:00,Monday,0,0,1,17,evening,human,56.94
43.243465,76.93304,2025-11-24T08:29:40+05:00,Monday,0,0,11,8,morning,alert,67.95
43.338588,76.940887,2026-01-01T09:23:11+05:00,Thursday,3,0,1,9,morning,transport,74.04
43.239402,76.920922,2026-02-28T18:18:34+05:00,Saturday,5,1,2,18,evening,transport,74.68
43.288507,76.890348,2026-04-22T22:33:04+05:00,Wednesday,2,0,4,22,late_evening,building_noise,65.22
43.353114,77.040863,2026-05-05T09:09:35+05:00,Tuesday,1,0,5,9,morning,transport,77.57
43.248339,76.861521,2026-04-04T16:56:35+05:00,Saturday,5,1,4,16,daytime,transport,72.63
43.238542,76.920996,2026-01-27T11:08:41+05:00,Tuesday,1,0,1,11,daytime,transport,72.18
43.237263,76.926322,2026-04-02T18:56:24+05:00,Thursday,3,0,4,18,evening,transport,81.24
43.283637,76.891162,2025-12-26T17:38:57+05:00,Friday,4,0,12,17,evening,building_noise,79.51
43.257603,76.967613,2026-02-10T17:22:50+05:00,Tuesday,1,0,2,17,evening,human,56.56
43.261144,76.955477,2026-01-07T00:08:35+05:00,Wednesday,2,0,1,0,night,others,37.48
43.259258,76.967612,2025-11-08T13:48:36+05:00,Saturday,5,1,11,13,daytime,human,54.53
43.217159,76.902186,2025-11-03T17:41:49+05:00,Monday,0,0,11,17,evening,human,55.21
43.246294,76.862747,2025-12-15T18:18:21+05:00,Monday,0,0,12,18,evening,alert,85.22
43.2208,76.899443,2026-05-09T14:13:34+05:00,Saturday,5,1,5,14,daytime,human,55.29
43.245977,76.857945,2026-03-21T00:31:32+05:00,Saturday,5,1,3,0,night,transport,49.55
43.262182,76.82192,2026-03-30T08:40:17+05:00,Monday,0,0,3,8,morning,human,60.89
43.284316,76.897717,2025-11-01T15:04:15+05:00,Saturday,5,1,11,15,daytime,building_noise,72.43
43.244826,76.855582,2025-11-23T09:24:01+05:00,Sunday,6,1,11,9,morning,transport,69.88
43.24923,76.940059,2026-01-28T12:16:53+05:00,Wednesday,2,0,1,12,daytime,human,64.43
43.217428,76.927068,2026-03-27T19:20:15+05:00,Friday,4,0,3,19,evening,transport,79.46
43.257526,76.965375,2025-12-28T12:45:47+05:00,Sunday,6,1,12,12,daytime,human,54.72
43.238636,76.918163,2026-03-23T19:22:55+05:00,Monday,0,0,3,19,evening,transport,66.32
43.237505,76.92265,2026-03-13T17:39:24+05:00,Friday,4,0,3,17,evening,transport,74.56
43.239234,76.928126,2025-12-29T19:27:17+05:00,Monday,0,0,12,19,evening,alert,78.29
43.252044,76.946936,2025-12-06T08:32:14+05:00,Saturday,5,1,12,8,morning,human,62.2
43.238601,76.922598,2026-04-26T12:18:28+05:00,Sunday,6,1,4,12,daytime,transport,64.83
43.23859,76.927283,2026-04-10T18:36:28+05:00,Friday,4,0,4,18,evening,alert,77.6
43.236791,76.956727,2026-03-22T09:33:39+05:00,Sunday,6,1,3,9,morning,human,68.48
43.281859,76.896455,2026-02-06T09:50:14+05:00,Friday,4,0,2,9,morning,building_noise,73.53
43.262579,76.97091,2026-02-01T16:42:15+05:00,Sunday,6,1,2,16,daytime,human,52.83
43.261362,76.952952,2025-11-02T17:34:47+05:00,Sunday,6,1,11,17,evening,building_noise,75.87
43.264877,76.821632,2026-04-09T18:50:54+05:00,Thursday,3,0,4,18,evening,human,59.42
43.241031,76.921814,2026-04-11T10:55:25+05:00,Saturday,5,1,4,10,morning,transport,67.26
43.283858,76.894478,2026-04-29T15:35:41+05:00,Wednesday,2,0,4,15,daytime,building_noise,71.52
43.280206,76.889062,2025-12-23T14:01:41+05:00,Tuesday,1,0,12,14,daytime,building_noise,72.89
43.261862,76.969501,2025-11-03T18:27:41+05:00,Monday,0,0,11,18,evening,animals,52.13
43.215642,76.92907,2026-02-23T06:52:08+05:00,Monday,0,0,2,6,morning,transport,63.95
43.283321,76.894369,2026-02-02T10:49:24+05:00,Monday,0,0,2,10,morning,building_noise,77.69
43.262871,76.954891,2026-04-23T07:03:50+05:00,Thursday,3,0,4,7,morning,others,48.38
43.22466,76.900051,2026-01-25T22:37:31+05:00,Sunday,6,1,1,22,late_evening,others,45.7
43.232981,76.957164,2025-12-12T04:18:35+05:00,Friday,4,0,12,4,night,building_noise,54.57
43.265162,76.926417,2026-04-22T08:51:48+05:00,Wednesday,2,0,4,8,morning,human,65.81
43.284158,76.892974,2026-04-20T17:04:47+05:00,Monday,0,0,4,17,evening,building_noise,75.05
43.265875,76.954707,2026-02-16T01:43:46+05:00,Monday,0,0,2,1,night,others,42.2
43.280921,76.890812,2026-03-30T14:19:59+05:00,Monday,0,0,3,14,daytime,building_noise,66.82
43.264621,76.822547,2026-05-10T20:57:30+05:00,Sunday,6,1,5,20,evening,human,64.9
43.223109,76.900505,2025-11-11T17:44:08+05:00,Tuesday,1,0,11,17,evening,animals,51.29
43.263535,76.953124,2026-02-14T22:33:15+05:00,Saturday,5,1,2,22,late_evening,transport,56.27
43.26052,76.952788,2026-03-13T12:34:54+05:00,Friday,4,0,3,12,daytime,building_noise,69.51
43.219178,76.899519,2025-12-28T20:41:37+05:00,Sunday,6,1,12,20,evening,others,46.84
43.220568,76.928036,2026-01-22T19:38:58+05:00,Thursday,3,0,1,19,evening,transport,80.49
43.235464,76.920338,2026-01-30T09:16:33+05:00,Friday,4,0,1,9,morning,transport,76.67
43.255521,76.943528,2026-01-09T20:23:00+05:00,Friday,4,0,1,20,evening,human,77.94
43.253195,76.944728,2025-12-14T03:09:44+05:00,Sunday,6,1,12,3,night,human,51.46
43.35188,77.03573,2026-03-16T18:04:11+05:00,Monday,0,0,3,18,evening,transport,76.87
43.215524,76.923183,2025-12-04T18:50:36+05:00,Thursday,3,0,12,18,evening,others,76.86
43.237306,76.958886,2026-02-13T19:16:33+05:00,Friday,4,0,2,19,evening,transport,75.67
43.23642,76.921329,2025-12-09T18:33:50+05:00,Tuesday,1,0,12,18,evening,transport,76.98
43.26412,76.927383,2026-04-04T16:56:57+05:00,Saturday,5,1,4,16,daytime,human,63.84
43.263718,76.957179,2026-01-16T14:33:12+05:00,Friday,4,0,1,14,daytime,human,61.86
43.259775,76.966504,2025-12-09T07:29:40+05:00,Tuesday,1,0,12,7,morning,others,49.03
43.238436,76.929927,2025-12-17T20:00:24+05:00,Wednesday,2,0,12,20,evening,alert,70.33
43.23798,76.916211,2025-12-07T19:14:35+05:00,Sunday,6,1,12,19,evening,building_noise,63.31
43.221709,76.926503,2025-12-17T17:49:19+05:00,Wednesday,2,0,12,17,evening,transport,80.45
43.264672,76.819911,2026-01-16T20:09:35+05:00,Friday,4,0,1,20,evening,human,62.73
43.351489,77.040054,2025-12-22T16:01:01+05:00,Monday,0,0,12,16,daytime,transport,68.5
43.251684,76.941273,2026-01-18T08:05:22+05:00,Sunday,6,1,1,8,morning,human,65.4
43.259095,76.970373,2025-11-28T18:16:08+05:00,Friday,4,0,11,18,evening,human,55.46
43.260132,76.970417,2025-11-30T06:43:00+05:00,Sunday,6,1,11,6,morning,others,36.51
43.237918,76.91627,2026-02-12T12:08:48+05:00,Thursday,3,0,2,12,daytime,transport,61.96
43.237692,76.93012,2026-03-07T21:27:16+05:00,Saturday,5,1,3,21,late_evening,transport,65.28
43.238422,76.92885,2025-11-03T16:39:21+05:00,Monday,0,0,11,16,daytime,transport,58.48
43.283248,76.889571,2026-03-30T11:46:08+05:00,Monday,0,0,3,11,daytime,building_noise,72.39
43.259752,76.947332,2025-11-18T23:40:22+05:00,Tuesday,1,0,11,23,late_evening,human,62.96
43.258396,76.972875,2025-12-21T20:40:40+05:00,Sunday,6,1,12,20,evening,animals,40.24
43.259432,76.970742,2025-11-20T08:43:37+05:00,Thursday,3,0,11,8,morning,others,46.08
43.237041,76.917265,2026-05-02T20:48:16+05:00,Saturday,5,1,5,20,evening,transport,59.26
43.250054,76.941161,2026-03-14T15:03:13+05:00,Saturday,5,1,3,15,daytime,building_noise,63.25
43.235725,76.917671,2025-11-29T00:18:41+05:00,Saturday,5,1,11,0,night,transport,47.22
43.262152,76.971781,2026-03-27T09:45:38+05:00,Friday,4,0,3,9,morning,animals,35.0
43.237239,76.923087,2026-02-03T16:16:51+05:00,Tuesday,1,0,2,16,daytime,transport,67.83
43.280434,76.893719,2025-12-11T21:00:34+05:00,Thursday,3,0,12,21,late_evening,transport,60.6
43.253081,76.942463,2025-12-25T21:53:29+05:00,Thursday,3,0,12,21,late_evening,transport,66.34
43.256973,76.949469,2025-11-30T09:52:20+05:00,Sunday,6,1,11,9,morning,others,63.35
43.248888,76.85978,2026-01-29T17:35:56+05:00,Thursday,3,0,1,17,evening,alert,84.59
43.263408,76.955529,2026-02-01T19:26:09+05:00,Sunday,6,1,2,19,evening,human,71.89
43.221642,76.900598,2026-02-18T12:52:06+05:00,Wednesday,2,0,2,12,daytime,human,59.08
43.342819,76.949811,2026-02-22T08:01:58+05:00,Sunday,6,1,2,8,morning,transport,72.8
43.287169,76.897453,2025-12-22T12:51:56+05:00,Monday,0,0,12,12,daytime,building_noise,73.07
43.219457,76.929676,2026-04-18T15:15:58+05:00,Saturday,5,1,4,15,daytime,transport,73.83
43.241748,76.919163,2026-03-16T20:02:52+05:00,Monday,0,0,3,20,evening,transport,70.17
43.258729,76.948094,2026-01-24T14:40:31+05:00,Saturday,5,1,1,14,daytime,human,61.84
43.221706,76.929853,2026-03-29T14:11:56+05:00,Sunday,6,1,3,14,daytime,transport,64.84
43.237481,76.931442,2025-12-20T17:20:15+05:00,Saturday,5,1,12,17,evening,alert,66.64
43.239247,76.930483,2026-05-05T07:58:48+05:00,Tuesday,1,0,5,7,morning,alert,72.02
43.247415,76.861694,2026-05-01T18:53:09+05:00,Friday,4,0,5,18,evening,alert,89.13
43.260326,76.944855,2026-01-22T11:16:20+05:00,Thursday,3,0,1,11,daytime,human,56.61
43.24094,76.932198,2026-03-26T12:25:56+05:00,Thursday,3,0,3,12,daytime,transport,63.65
43.280374,76.888929,2025-11-13T18:51:33+05:00,Thursday,3,0,11,18,evening,building_noise,78.41
43.251782,76.942964,2026-02-20T21:20:18+05:00,Friday,4,0,2,21,late_evening,human,71.74
43.215505,76.929656,2026-04-21T11:09:32+05:00,Tuesday,1,0,4,11,daytime,building_noise,75.37
43.238772,76.918477,2026-01-23T13:29:13+05:00,Friday,4,0,1,13,daytime,transport,58.6
43.222327,76.926894,2026-04-08T15:28:54+05:00,Wednesday,2,0,4,15,daytime,others,66.76
43.261149,76.953624,2026-02-08T15:21:47+05:00,Sunday,6,1,2,15,daytime,human,63.01
43.237061,76.92907,2026-03-21T22:52:16+05:00,Saturday,5,1,3,22,late_evening,alert,73.17
43.260298,76.975377,2025-11-29T20:45:34+05:00,Saturday,5,1,11,20,evening,animals,35.73
43.258102,76.974685,2026-03-29T08:22:58+05:00,Sunday,6,1,3,8,morning,animals,39.4
43.234702,76.955538,2025-11-01T15:04:31+05:00,Saturday,5,1,11,15,daytime,others,60.24
43.23779,76.922371,2025-11-09T12:26:37+05:00,Sunday,6,1,11,12,daytime,transport,65.43
43.258766,76.946205,2026-02-03T19:12:38+05:00,Tuesday,1,0,2,19,evening,human,65.13
43.249224,76.940132,2026-04-30T07:55:57+05:00,Thursday,3,0,4,7,morning,human,72.88
43.239675,76.921903,2026-01-08T14:35:37+05:00,Thursday,3,0,1,14,daytime,transport,65.14
43.348964,77.042815,2026-03-07T21:02:48+05:00,Saturday,5,1,3,21,late_evening,transport,71.7
43.23298,76.977461,2026-02-20T16:15:53+05:00,Friday,4,0,2,16,daytime,others,51.96
43.285432,76.897991,2025-11-07T14:49:38+05:00,Friday,4,0,11,14,daytime,building_noise,76.22
43.257842,76.947321,2026-04-30T19:34:31+05:00,Thursday,3,0,4,19,evening,human,64.94
43.279176,76.896765,2026-04-04T11:29:19+05:00,Saturday,5,1,4,11,daytime,building_noise,77.85
43.223619,76.90143,2026-01-13T08:52:31+05:00,Tuesday,1,0,1,8,morning,others,47.42
43.285061,76.895616,2025-12-22T08:46:15+05:00,Monday,0,0,12,8,morning,building_noise,77.8
43.222233,76.905029,2026-01-02T21:13:56+05:00,Friday,4,0,1,21,late_evening,others,43.05
43.222407,76.904426,2026-03-06T16:19:04+05:00,Friday,4,0,3,16,daytime,human,54.35
43.285725,76.89381,2025-12-08T15:23:05+05:00,Monday,0,0,12,15,daytime,building_noise,72.54
43.262596,76.955255,2026-03-01T08:24:38+05:00,Sunday,6,1,3,8,morning,others,51.52
43.262632,76.82331,2026-04-21T13:27:35+05:00,Tuesday,1,0,4,13,daytime,human,59.23
43.231039,76.974178,2025-11-04T11:37:21+05:00,Tuesday,1,0,11,11,daytime,others,47.58
43.340542,76.949348,2026-01-27T13:44:19+05:00,Tuesday,1,0,1,13,daytime,transport,67.19
43.22165,76.896324,2026-02-01T19:43:53+05:00,Sunday,6,1,2,19,evening,human,59.29
43.35559,77.039893,2026-02-27T12:30:14+05:00,Friday,4,0,2,12,daytime,transport,67.26
43.241988,76.928816,2026-03-03T08:25:01+05:00,Tuesday,1,0,3,8,morning,alert,70.35
43.235347,76.975383,2026-03-31T23:36:32+05:00,Tuesday,1,0,3,23,late_evening,others,38.75
43.264826,76.953756,2026-02-01T15:41:32+05:00,Sunday,6,1,2,15,daytime,human,65.19
43.279955,76.88731,2026-03-09T23:48:24+05:00,Monday,0,0,3,23,late_evening,transport,62.96
43.259968,76.975876,2026-01-18T08:36:50+05:00,Sunday,6,1,1,8,morning,animals,41.03
43.279581,76.89334,2026-01-19T21:01:57+05:00,Monday,0,0,1,21,late_evening,building_noise,64.91
43.26619,76.816879,2026-03-30T10:37:29+05:00,Monday,0,0,3,10,morning,alert,62.14
43.223529,76.898678,2026-01-16T08:36:03+05:00,Friday,4,0,1,8,morning,others,46.22
43.250979,76.946293,2026-01-08T09:30:34+05:00,Thursday,3,0,1,9,morning,human,69.31
43.218065,76.897402,2026-04-02T20:23:28+05:00,Thursday,3,0,4,20,evening,others,48.9
43.237468,76.917384,2025-12-22T14:41:13+05:00,Monday,0,0,12,14,daytime,transport,59.7
43.234757,76.978469,2026-03-01T02:28:15+05:00,Sunday,6,1,3,2,night,others,35.0
43.279519,76.897605,2026-03-24T15:25:44+05:00,Tuesday,1,0,3,15,daytime,building_noise,77.17
43.236837,76.922579,2025-12-24T03:59:43+05:00,Wednesday,2,0,12,3,night,transport,59.71
43.238472,76.916069,2026-04-16T18:36:19+05:00,Thursday,3,0,4,18,evening,building_noise,71.83
43.354125,77.039289,2026-03-28T13:07:18+05:00,Saturday,5,1,3,13,daytime,transport,71.37
43.235472,76.954012,2025-11-22T18:45:09+05:00,Saturday,5,1,11,18,evening,transport,66.24
43.247744,76.939891,2026-01-03T13:37:00+05:00,Saturday,5,1,1,13,daytime,alert,76.81
43.263393,76.968699,2026-02-17T09:40:33+05:00,Tuesday,1,0,2,9,morning,others,46.37
43.343366,76.946428,2026-03-21T16:30:00+05:00,Saturday,5,1,3,16,daytime,others,65.09
43.34479,76.954083,2026-03-23T08:28:21+05:00,Monday,0,0,3,8,morning,transport,74.29
43.280431,76.894035,2026-03-02T16:46:00+05:00,Monday,0,0,3,16,daytime,building_noise,72.23
43.239092,76.922095,2025-12-01T07:42:04+05:00,Monday,0,0,12,7,morning,building_noise,84.7
43.274799,76.883691,2026-02-07T07:12:16+05:00,Saturday,5,1,2,7,morning,transport,65.38
43.256732,76.944226,2025-11-23T21:16:17+05:00,Sunday,6,1,11,21,late_evening,human,64.93
43.217157,76.928367,2026-04-28T19:53:32+05:00,Tuesday,1,0,4,19,evening,transport,76.83
43.231939,76.975204,2026-04-22T12:19:35+05:00,Wednesday,2,0,4,12,daytime,human,51.92
43.26175,76.952819,2026-04-29T17:31:41+05:00,Wednesday,2,0,4,17,evening,human,67.95
43.238716,76.932006,2026-02-10T22:58:26+05:00,Tuesday,1,0,2,22,late_evening,alert,76.87
43.238698,76.918045,2026-04-12T16:45:45+05:00,Sunday,6,1,4,16,daytime,transport,67.85
43.354065,77.037268,2026-04-29T07:31:51+05:00,Wednesday,2,0,4,7,morning,transport,79.32
43.23433,76.957293,2026-01-06T09:46:13+05:00,Tuesday,1,0,1,9,morning,others,67.42
43.258187,76.966705,2026-02-14T21:13:02+05:00,Saturday,5,1,2,21,late_evening,others,46.07
43.219068,76.92871,2026-04-14T19:38:46+05:00,Tuesday,1,0,4,19,evening,transport,80.5
43.220292,76.929229,2025-12-02T07:34:00+05:00,Tuesday,1,0,12,7,morning,transport,81.26
43.23879,76.92223,2026-02-14T21:48:05+05:00,Saturday,5,1,2,21,late_evening,building_noise,65.46
43.350876,77.038539,2026-02-17T07:59:51+05:00,Tuesday,1,0,2,7,morning,transport,75.01
43.275813,76.897037,2026-03-14T11:36:37+05:00,Saturday,5,1,3,11,daytime,building_noise,76.21
43.275388,76.894548,2026-04-28T14:24:22+05:00,Tuesday,1,0,4,14,daytime,building_noise,72.79
43.262663,76.954071,2026-04-29T14:52:34+05:00,Wednesday,2,0,4,14,daytime,human,61.37
43.218875,76.931333,2026-01-03T13:28:35+05:00,Saturday,5,1,1,13,daytime,transport,73.98
43.284368,76.893868,2025-11-22T17:59:46+05:00,Saturday,5,1,11,17,evening,building_noise,72.56
43.232709,76.97387,2026-04-27T08:49:05+05:00,Monday,0,0,4,8,morning,others,44.24
43.221493,76.90028,2025-12-14T08:46:13+05:00,Sunday,6,1,12,8,morning,others,46.47
43.278323,76.88788,2025-12-25T17:16:51+05:00,Thursday,3,0,12,17,evening,building_noise,80.03
43.23808,76.954207,2025-11-12T07:52:51+05:00,Wednesday,2,0,11,7,morning,transport,79.29
43.250562,76.937745,2026-03-08T04:24:22+05:00,Sunday,6,1,3,4,night,human,48.14
43.248464,76.938058,2025-12-05T00:24:13+05:00,Friday,4,0,12,0,night,human,62.19
43.218846,76.928168,2026-03-28T18:42:30+05:00,Saturday,5,1,3,18,evening,alert,77.98
43.360857,77.043918,2026-03-15T20:14:22+05:00,Sunday,6,1,3,20,evening,transport,70.07
43.232685,76.956596,2026-03-23T07:59:13+05:00,Monday,0,0,3,7,morning,transport,75.35
43.260949,76.971391,2025-11-08T15:45:33+05:00,Saturday,5,1,11,15,daytime,transport,59.4
43.238732,76.960607,2026-04-19T06:35:59+05:00,Sunday,6,1,4,6,morning,alert,66.82
43.263235,76.929999,2026-02-12T22:36:05+05:00,Thursday,3,0,2,22,late_evening,human,58.97
43.238328,76.933022,2026-01-06T10:15:07+05:00,Tuesday,1,0,1,10,morning,transport,64.89
43.244095,76.86329,2026-02-03T20:10:59+05:00,Tuesday,1,0,2,20,evening,transport,64.07
43.23887,76.917485,2026-04-22T13:46:29+05:00,Wednesday,2,0,4,13,daytime,transport,61.24
43.218095,76.90188,2025-11-05T23:32:17+05:00,Wednesday,2,0,11,23,late_evening,others,42.46
43.348987,77.032473,2025-12-07T08:35:30+05:00,Sunday,6,1,12,8,morning,transport,69.97
43.25261,76.946407,2026-02-04T08:58:38+05:00,Wednesday,2,0,2,8,morning,others,64.08
43.280563,76.89505,2025-11-17T09:57:06+05:00,Monday,0,0,11,9,morning,building_noise,75.36
43.245845,76.942368,2026-03-30T17:16:01+05:00,Monday,0,0,3,17,evening,alert,75.95
43.239829,76.916944,2026-03-13T21:20:29+05:00,Friday,4,0,3,21,late_evening,transport,63.39
43.248356,76.863094,2025-11-28T23:30:22+05:00,Friday,4,0,11,23,late_evening,human,64.63
43.23494,76.958289,2026-05-10T08:48:47+05:00,Sunday,6,1,5,8,morning,human,64.54
43.225058,76.902175,2026-02-21T10:00:55+05:00,Saturday,5,1,2,10,morning,others,51.92
43.238249,76.954169,2026-01-20T23:52:50+05:00,Tuesday,1,0,1,23,late_evening,human,74.11
43.252249,76.943288,2026-02-11T18:42:15+05:00,Wednesday,2,0,2,18,evening,human,66.39
43.264474,76.82078,2026-02-17T20:22:16+05:00,Tuesday,1,0,2,20,evening,human,57.88
43.279706,76.896762,2026-02-18T18:37:25+05:00,Wednesday,2,0,2,18,evening,building_noise,73.86
43.261502,76.964312,2026-03-05T09:40:23+05:00,Thursday,3,0,3,9,morning,others,49.45
43.221939,76.928371,2025-12-18T19:36:23+05:00,Thursday,3,0,12,19,evening,transport,83.8
43.260997,76.818206,2026-04-24T21:27:45+05:00,Friday,4,0,4,21,late_evening,human,66.36
43.266067,76.823967,2026-03-17T11:15:05+05:00,Tuesday,1,0,3,11,daytime,human,51.8
43.261932,76.954363,2026-03-03T08:11:49+05:00,Tuesday,1,0,3,8,morning,others,52.29
43.222756,76.903334,2026-02-26T00:25:52+05:00,Thursday,3,0,2,0,night,others,35.0
43.221303,76.90015,2026-01-11T17:13:34+05:00,Sunday,6,1,1,17,evening,human,56.97
43.217766,76.928358,2025-12-08T17:54:08+05:00,Monday,0,0,12,17,evening,transport,75.56
43.263797,76.955058,2026-02-11T12:32:53+05:00,Wednesday,2,0,2,12,daytime,human,70.75
43.263251,76.955658,2026-01-03T21:16:50+05:00,Saturday,5,1,1,21,late_evening,others,51.6
43.240031,76.931283,2026-03-09T09:09:29+05:00,Monday,0,0,3,9,morning,alert,72.2
43.23861,76.917306,2026-03-27T18:05:11+05:00,Friday,4,0,3,18,evening,transport,69.19
43.246445,76.863064,2026-02-25T07:09:29+05:00,Wednesday,2,0,2,7,morning,transport,79.01
43.238733,76.916248,2025-12-17T19:19:59+05:00,Wednesday,2,0,12,19,evening,transport,68.87
43.261991,76.95258,2025-12-22T08:10:55+05:00,Monday,0,0,12,8,morning,others,50.22
43.284672,76.895782,2026-01-31T14:43:18+05:00,Saturday,5,1,1,14,daytime,building_noise,81.36
43.262444,76.9532,2025-12-18T18:54:26+05:00,Thursday,3,0,12,18,evening,human,67.96
43.214916,76.93025,2026-02-21T16:52:01+05:00,Saturday,5,1,2,16,daytime,transport,66.38
43.221805,76.926956,2026-04-21T18:18:15+05:00,Tuesday,1,0,4,18,evening,transport,87.8
43.355268,77.040721,2025-11-17T18:16:28+05:00,Monday,0,0,11,18,evening,transport,72.08
43.238018,76.956343,2026-01-12T08:59:38+05:00,Monday,0,0,1,8,morning,transport,73.96
43.250482,76.945169,2026-01-21T17:01:18+05:00,Wednesday,2,0,1,17,evening,human,71.21
43.26211,76.963731,2026-05-10T12:18:00+05:00,Sunday,6,1,5,12,daytime,human,54.67
43.24683,76.857613,2026-05-08T13:45:37+05:00,Friday,4,0,5,13,daytime,human,63.76
43.256046,76.944196,2026-01-22T15:57:27+05:00,Thursday,3,0,1,15,daytime,human,61.45
43.260411,76.822425,2025-11-27T11:27:47+05:00,Thursday,3,0,11,11,daytime,others,49.99
43.237519,76.919055,2026-02-26T16:36:11+05:00,Thursday,3,0,2,16,daytime,alert,81.38
43.337909,76.947104,2026-04-03T17:11:07+05:00,Friday,4,0,4,17,evening,alert,86.01
43.256342,76.943215,2026-03-16T08:09:13+05:00,Monday,0,0,3,8,morning,transport,64.79
43.254497,76.946215,2025-12-09T16:47:43+05:00,Tuesday,1,0,12,16,daytime,human,68.18
43.220902,76.929448,2025-11-08T07:45:42+05:00,Saturday,5,1,11,7,morning,transport,73.4
43.223305,76.904887,2026-04-16T22:50:53+05:00,Thursday,3,0,4,22,late_evening,others,38.78
43.252408,76.940787,2026-01-08T16:08:12+05:00,Thursday,3,0,1,16,daytime,human,61.58
43.25921,76.945858,2026-03-18T08:09:20+05:00,Wednesday,2,0,3,8,morning,human,60.02
43.267809,76.926183,2025-11-06T23:29:10+05:00,Thursday,3,0,11,23,late_evening,others,64.08
43.353283,77.038951,2025-12-08T10:56:26+05:00,Monday,0,0,12,10,morning,transport,68.48
43.353801,77.043846,2025-12-21T18:30:57+05:00,Sunday,6,1,12,18,evening,transport,75.15
43.2673,76.823226,2025-12-13T17:40:10+05:00,Saturday,5,1,12,17,evening,others,56.1
43.258694,76.974921,2025-12-20T20:12:58+05:00,Saturday,5,1,12,20,evening,animals,35.37
43.238358,76.930938,2025-12-06T09:40:24+05:00,Saturday,5,1,12,9,morning,alert,69.25
43.221751,76.902748,2026-03-26T14:20:48+05:00,Thursday,3,0,3,14,daytime,human,51.33
43.277251,76.891769,2026-02-14T05:33:20+05:00,Saturday,5,1,2,5,night,transport,46.01
43.263814,76.821088,2026-04-30T22:30:59+05:00,Thursday,3,0,4,22,late_evening,alert,68.64
43.240035,76.928804,2025-12-26T21:18:33+05:00,Friday,4,0,12,21,late_evening,alert,70.2
43.255919,76.943367,2026-02-07T12:56:42+05:00,Saturday,5,1,2,12,daytime,transport,69.83
43.256858,76.970419,2026-03-25T18:36:19+05:00,Wednesday,2,0,3,18,evening,human,63.18
43.239199,76.923387,2025-11-21T11:10:57+05:00,Friday,4,0,11,11,daytime,transport,67.1
43.282006,76.892291,2026-01-08T08:17:11+05:00,Thursday,3,0,1,8,morning,building_noise,76.28
43.257108,76.970472,2026-03-01T17:43:13+05:00,Sunday,6,1,3,17,evening,animals,55.19
43.276884,76.890865,2026-01-26T09:11:28+05:00,Monday,0,0,1,9,morning,building_noise,75.21
43.219715,76.899448,2026-02-28T16:43:15+05:00,Saturday,5,1,2,16,daytime,building_noise,60.27
43.26122,76.954139,2026-04-30T17:28:01+05:00,Thursday,3,0,4,17,evening,human,66.38
43.238127,76.930003,2025-12-03T22:53:35+05:00,Wednesday,2,0,12,22,late_evening,alert,71.49
43.266387,76.822048,2026-02-06T17:38:25+05:00,Friday,4,0,2,17,evening,animals,50.98
43.237138,76.914004,2026-03-19T14:20:28+05:00,Thursday,3,0,3,14,daytime,transport,57.18
43.341122,76.951491,2026-03-08T17:25:28+05:00,Sunday,6,1,3,17,evening,transport,74.0
43.224184,76.90173,2026-04-24T12:10:15+05:00,Friday,4,0,4,12,daytime,human,54.39
43.231843,76.975184,2026-03-29T08:02:55+05:00,Sunday,6,1,3,8,morning,transport,52.41
43.276377,76.891535,2025-11-05T13:41:49+05:00,Wednesday,2,0,11,13,daytime,building_noise,72.17
43.233436,76.959417,2026-03-19T07:01:58+05:00,Thursday,3,0,3,7,morning,transport,79.67
43.251714,76.940866,2025-11-23T22:09:14+05:00,Sunday,6,1,11,22,late_evening,others,64.03
43.252,76.946748,2026-02-17T19:01:13+05:00,Tuesday,1,0,2,19,evening,human,72.5
43.264134,76.929522,2026-03-09T11:50:37+05:00,Monday,0,0,3,11,daytime,human,66.54
43.23935,76.915085,2026-02-17T08:23:35+05:00,Tuesday,1,0,2,8,morning,transport,62.72
43.246117,76.862775,2025-11-06T08:46:21+05:00,Thursday,3,0,11,8,morning,transport,78.21
43.222389,76.903477,2025-11-30T09:35:59+05:00,Sunday,6,1,11,9,morning,others,46.06
43.248654,76.940026,2025-11-30T17:14:09+05:00,Sunday,6,1,11,17,evening,animals,51.13
43.26157,76.953682,2026-01-20T16:09:26+05:00,Tuesday,1,0,1,16,daytime,human,67.4
43.265635,76.927354,2025-12-24T08:13:49+05:00,Wednesday,2,0,12,8,morning,human,59.97
43.239875,76.922145,2026-03-03T18:49:30+05:00,Tuesday,1,0,3,18,evening,transport,78.11
43.23552,76.93248,2025-11-24T07:39:45+05:00,Monday,0,0,11,7,morning,transport,62.65
43.342824,76.953175,2025-12-22T20:39:58+05:00,Monday,0,0,12,20,evening,transport,68.37
43.249659,76.937467,2025-12-22T11:17:44+05:00,Monday,0,0,12,11,daytime,human,65.4
43.340365,76.950674,2026-01-26T08:29:37+05:00,Monday,0,0,1,8,morning,transport,76.17
43.262239,76.928546,2026-04-02T22:35:57+05:00,Thursday,3,0,4,22,late_evening,human,59.8
43.239305,76.92924,2025-11-01T11:31:57+05:00,Saturday,5,1,11,11,daytime,alert,68.13
43.258361,76.949312,2026-03-05T17:42:37+05:00,Thursday,3,0,3,17,evening,human,63.89
43.280859,76.889328,2026-01-31T12:16:06+05:00,Saturday,5,1,1,12,daytime,building_noise,75.49
43.248907,76.940435,2026-02-26T01:03:36+05:00,Thursday,3,0,2,1,night,human,54.58
43.26496,76.924767,2026-02-07T20:42:47+05:00,Saturday,5,1,2,20,evening,human,68.9
43.338247,76.949974,2026-02-05T19:34:06+05:00,Thursday,3,0,2,19,evening,transport,79.79
43.262462,76.952237,2025-11-28T07:29:22+05:00,Friday,4,0,11,7,morning,others,53.56
43.254718,76.944008,2026-03-15T10:12:32+05:00,Sunday,6,1,3,10,morning,human,61.92
43.253802,76.943855,2026-05-02T07:03:27+05:00,Saturday,5,1,5,7,morning,human,66.66
43.220376,76.901493,2026-04-17T21:22:52+05:00,Friday,4,0,4,21,late_evening,others,46.31
43.238111,76.930074,2026-05-10T17:05:45+05:00,Sunday,6,1,5,17,evening,alert,79.71
43.263789,76.953362,2025-12-03T19:40:09+05:00,Wednesday,2,0,12,19,evening,human,66.29
43.252688,76.946454,2026-04-09T17:22:56+05:00,Thursday,3,0,4,17,evening,building_noise,71.72
43.281306,76.893132,2026-01-14T16:51:46+05:00,Wednesday,2,0,1,16,daytime,building_noise,81.17
43.237699,76.929086,2026-01-27T17:38:03+05:00,Tuesday,1,0,1,17,evening,alert,74.11
43.239875,76.929425,2026-01-24T08:26:34+05:00,Saturday,5,1,1,8,morning,alert,74.73
43.247666,76.94147,2026-01-13T09:44:58+05:00,Tuesday,1,0,1,9,morning,human,68.1
43.35436,77.041184,2026-05-09T20:33:54+05:00,Saturday,5,1,5,20,evening,transport,66.82
43.263088,76.953887,2025-12-15T13:27:08+05:00,Monday,0,0,12,13,daytime,human,51.42
43.25805,76.946645,2026-04-05T22:07:28+05:00,Sunday,6,1,4,22,late_evening,human,61.12
43.261441,76.95488,2025-12-27T18:11:19+05:00,Saturday,5,1,12,18,evening,human,68.15
43.235067,76.952842,2026-03-18T18:51:52+05:00,Wednesday,2,0,3,18,evening,transport,77.52
43.283651,76.895951,2026-05-08T10:42:42+05:00,Friday,4,0,5,10,morning,building_noise,77.35
43.260497,76.953256,2026-05-09T18:36:48+05:00,Saturday,5,1,5,18,evening,human,69.83
43.344636,76.948047,2026-03-25T18:50:27+05:00,Wednesday,2,0,3,18,evening,transport,75.74
43.233951,76.976673,2026-05-02T08:35:02+05:00,Saturday,5,1,5,8,morning,others,39.68
43.23716,76.93016,2025-11-12T18:53:03+05:00,Wednesday,2,0,11,18,evening,alert,72.29
43.237725,76.930233,2025-11-24T12:56:31+05:00,Monday,0,0,11,12,daytime,transport,61.88
43.223079,76.901486,2026-03-08T09:10:25+05:00,Sunday,6,1,3,9,morning,others,48.08
43.261976,76.9242,2026-01-21T09:03:14+05:00,Wednesday,2,0,1,9,morning,human,63.53
43.264463,76.820048,2026-01-29T22:45:44+05:00,Thursday,3,0,1,22,late_evening,human,51.72
43.231246,76.956052,2026-04-24T22:51:41+05:00,Friday,4,0,4,22,late_evening,human,73.49
43.237631,76.919327,2026-01-10T07:39:00+05:00,Saturday,5,1,1,7,morning,transport,66.03
43.237507,76.955604,2025-11-26T21:39:34+05:00,Wednesday,2,0,11,21,late_evening,human,68.42
43.233104,76.919856,2026-01-08T21:03:55+05:00,Thursday,3,0,1,21,late_evening,others,54.53
43.282504,76.893246,2025-12-22T07:44:17+05:00,Monday,0,0,12,7,morning,transport,65.24
43.220774,76.900107,2026-04-05T19:48:16+05:00,Sunday,6,1,4,19,evening,human,61.42
43.262491,76.955863,2026-03-02T12:41:11+05:00,Monday,0,0,3,12,daytime,human,51.59
43.233097,76.973267,2026-01-09T10:34:54+05:00,Friday,4,0,1,10,morning,human,54.76
43.257537,76.944455,2025-12-23T08:45:03+05:00,Tuesday,1,0,12,8,morning,human,61.23
43.23904,76.935595,2025-11-27T09:10:48+05:00,Thursday,3,0,11,9,morning,alert,77.97
43.273017,76.898782,2025-12-16T10:01:31+05:00,Tuesday,1,0,12,10,morning,building_noise,73.64
43.260415,76.972913,2026-04-14T12:12:28+05:00,Tuesday,1,0,4,12,daytime,animals,46.14
43.253973,76.944751,2025-12-05T14:21:18+05:00,Friday,4,0,12,14,daytime,human,59.63
43.346562,76.949218,2025-12-05T18:06:30+05:00,Friday,4,0,12,18,evening,transport,79.01
43.264167,76.954068,2025-11-18T06:32:11+05:00,Tuesday,1,0,11,6,morning,others,39.97
43.265346,76.953497,2025-11-28T17:28:33+05:00,Friday,4,0,11,17,evening,human,65.33
43.265072,76.927155,2025-11-20T20:53:36+05:00,Thursday,3,0,11,20,evening,human,63.82
43.255543,76.962227,2026-02-06T08:23:24+05:00,Friday,4,0,2,8,morning,others,51.33
43.220047,76.901493,2026-03-26T21:37:25+05:00,Thursday,3,0,3,21,late_evening,others,49.11
43.262867,76.954443,2025-11-26T22:02:52+05:00,Wednesday,2,0,11,22,late_evening,others,51.22
43.263277,76.954223,2026-02-27T08:38:51+05:00,Friday,4,0,2,8,morning,others,51.92
43.282163,76.89728,2026-03-20T10:32:11+05:00,Friday,4,0,3,10,morning,building_noise,76.36
43.25788,76.946153,2026-04-27T12:57:51+05:00,Monday,0,0,4,12,daytime,human,59.57
43.234053,76.958928,2025-11-16T19:11:09+05:00,Sunday,6,1,11,19,evening,human,66.99
43.219213,76.905026,2026-03-02T03:14:41+05:00,Monday,0,0,3,3,night,others,35.0
43.238494,76.930953,2025-12-12T22:05:13+05:00,Friday,4,0,12,22,late_evening,animals,50.96
43.236173,76.922366,2026-05-03T19:57:24+05:00,Sunday,6,1,5,19,evening,human,65.99
43.239085,76.954358,2026-01-14T01:26:24+05:00,Wednesday,2,0,1,1,night,human,51.02
43.341865,76.947904,2026-03-10T01:23:33+05:00,Tuesday,1,0,3,1,night,transport,53.08
43.256887,76.942442,2026-03-10T20:21:34+05:00,Tuesday,1,0,3,20,evening,human,63.72
43.232776,76.975159,2026-04-17T17:32:01+05:00,Friday,4,0,4,17,evening,building_noise,63.04
43.287975,76.889222,2026-04-06T18:29:35+05:00,Monday,0,0,4,18,evening,building_noise,80.21
43.263045,76.970595,2025-12-12T02:20:03+05:00,Friday,4,0,12,2,night,others,35.0
43.247873,76.863719,2026-04-30T14:22:16+05:00,Thursday,3,0,4,14,daytime,transport,64.27
43.217922,76.929348,2026-02-05T07:17:55+05:00,Thursday,3,0,2,7,morning,transport,83.47
43.233125,76.956394,2026-01-27T19:38:47+05:00,Tuesday,1,0,1,19,evening,transport,75.68
43.224106,76.92821,2025-12-29T19:13:45+05:00,Monday,0,0,12,19,evening,transport,78.59
43.251216,76.943878,2026-01-06T17:07:27+05:00,Tuesday,1,0,1,17,evening,others,58.95
43.261929,76.952799,2025-11-10T08:10:25+05:00,Monday,0,0,11,8,morning,others,49.54
43.235746,76.955548,2026-03-19T18:06:15+05:00,Thursday,3,0,3,18,evening,transport,78.4
43.27881,76.894994,2026-05-06T16:38:50+05:00,Wednesday,2,0,5,16,daytime,human,69.09
43.239115,76.91664,2026-02-24T13:58:40+05:00,Tuesday,1,0,2,13,daytime,transport,55.34
43.218241,76.929277,2026-01-20T13:03:27+05:00,Tuesday,1,0,1,13,daytime,transport,75.38
43.221753,76.927159,2026-01-18T13:46:21+05:00,Sunday,6,1,1,13,daytime,transport,66.38
43.286138,76.891418,2026-02-10T06:50:02+05:00,Tuesday,1,0,2,6,morning,transport,56.67
43.263498,76.952739,2026-03-14T21:28:43+05:00,Saturday,5,1,3,21,late_evening,others,47.56
43.235396,76.974959,2026-03-22T15:21:25+05:00,Sunday,6,1,3,15,daytime,human,50.3
43.249903,76.943066,2026-03-28T18:55:11+05:00,Saturday,5,1,3,18,evening,transport,70.06
43.340192,76.947696,2026-05-09T05:29:37+05:00,Saturday,5,1,5,5,night,transport,53.89
43.260086,76.94527,2026-03-19T08:51:47+05:00,Thursday,3,0,3,8,morning,building_noise,72.11
43.265238,76.925598,2026-02-10T16:10:30+05:00,Tuesday,1,0,2,16,daytime,human,64.62
43.258491,76.970607,2026-02-13T21:21:17+05:00,Friday,4,0,2,21,late_evening,animals,39.36
43.238295,76.914965,2026-01-01T17:30:48+05:00,Thursday,3,0,1,17,evening,transport,67.49
43.241774,76.928935,2025-12-22T09:33:53+05:00,Monday,0,0,12,9,morning,alert,72.8
43.285244,76.893332,2026-04-02T12:27:42+05:00,Thursday,3,0,4,12,daytime,building_noise,67.12
43.22273,76.901839,2026-01-20T18:37:37+05:00,Tuesday,1,0,1,18,evening,human,56.79
43.238023,76.957967,2025-11-02T20:01:06+05:00,Sunday,6,1,11,20,evening,human,67.24
43.238997,76.92648,2026-04-02T17:08:49+05:00,Thursday,3,0,4,17,evening,alert,72.51
43.275746,76.897437,2026-04-19T07:55:36+05:00,Sunday,6,1,4,7,morning,building_noise,66.29
43.34614,76.951031,2025-11-24T21:47:35+05:00,Monday,0,0,11,21,late_evening,transport,68.41
43.239727,76.920678,2026-02-05T11:18:43+05:00,Thursday,3,0,2,11,daytime,alert,78.76
43.24515,76.858195,2026-03-10T10:58:27+05:00,Tuesday,1,0,3,10,morning,transport,60.67
43.28206,76.889775,2026-02-04T16:36:04+05:00,Wednesday,2,0,2,16,daytime,building_noise,70.54
43.257718,76.970964,2026-02-06T22:59:45+05:00,Friday,4,0,2,22,late_evening,animals,38.09
43.212851,76.932305,2026-03-26T20:24:36+05:00,Thursday,3,0,3,20,evening,transport,78.64
43.358163,77.036779,2026-02-15T17:38:21+05:00,Sunday,6,1,2,17,evening,alert,79.93
43.235876,76.932636,2026-01-26T21:07:23+05:00,Monday,0,0,1,21,late_evening,alert,66.23
43.263084,76.928321,2025-11-03T17:41:21+05:00,Monday,0,0,11,17,evening,human,68.37
43.250916,76.939379,2026-01-01T18:22:09+05:00,Thursday,3,0,1,18,evening,human,63.3
43.282755,76.887707,2025-12-25T13:05:31+05:00,Thursday,3,0,12,13,daytime,building_noise,72.02
43.250979,76.940503,2025-12-13T19:38:41+05:00,Saturday,5,1,12,19,evening,human,68.52
43.214272,76.929329,2026-04-24T21:04:56+05:00,Friday,4,0,4,21,late_evening,transport,71.16
43.23846,76.930281,2026-05-05T08:33:54+05:00,Tuesday,1,0,5,8,morning,alert,72.44
43.263767,76.968763,2026-04-07T20:37:57+05:00,Tuesday,1,0,4,20,evening,others,47.17
43.352087,77.044696,2026-03-02T07:09:35+05:00,Monday,0,0,3,7,morning,transport,74.92
43.220081,76.928519,2026-04-03T17:20:22+05:00,Friday,4,0,4,17,evening,alert,89.66
43.24047,76.931907,2026-03-09T09:11:29+05:00,Monday,0,0,3,9,morning,alert,70.5
43.239224,76.920272,2026-04-20T18:27:53+05:00,Monday,0,0,4,18,evening,transport,79.98
43.256671,76.972384,2026-01-06T07:50:55+05:00,Tuesday,1,0,1,7,morning,animals,40.28
43.250743,76.944326,2026-01-06T17:03:27+05:00,Tuesday,1,0,1,17,evening,others,61.02
43.257175,76.945623,2026-01-26T10:26:44+05:00,Monday,0,0,1,10,morning,human,60.24
43.260105,76.97379,2026-02-14T02:01:18+05:00,Saturday,5,1,2,2,night,animals,35.25
43.25839,76.972881,2025-11-16T20:54:55+05:00,Sunday,6,1,11,20,evening,animals,38.61
43.261298,76.955481,2026-02-16T09:57:45+05:00,Monday,0,0,2,9,morning,human,59.57
43.21374,76.93062,2026-03-23T08:21:35+05:00,Monday,0,0,3,8,morning,transport,83.76
43.23496,76.915406,2026-01-07T17:15:04+05:00,Wednesday,2,0,1,17,evening,transport,67.85
43.267192,76.926885,2026-05-05T17:00:41+05:00,Tuesday,1,0,5,17,evening,human,63.31
43.253064,76.948715,2026-01-31T10:33:47+05:00,Saturday,5,1,1,10,morning,human,63.93
43.23946,76.915064,2025-11-21T15:00:09+05:00,Friday,4,0,11,15,daytime,transport,57.31
43.255738,76.94584,2026-01-29T13:38:53+05:00,Thursday,3,0,1,13,daytime,building_noise,65.49
43.263948,76.956993,2026-02-06T09:36:10+05:00,Friday,4,0,2,9,morning,alert,80.36
43.345855,76.948347,2026-03-21T20:04:05+05:00,Saturday,5,1,3,20,evening,transport,71.38
43.237823,76.931383,2025-12-20T17:39:15+05:00,Saturday,5,1,12,17,evening,alert,66.36
43.249088,76.858629,2026-03-15T08:30:06+05:00,Sunday,6,1,3,8,morning,building_noise,73.41
43.25947,76.973517,2025-11-09T00:45:37+05:00,Sunday,6,1,11,0,night,animals,35.0
43.238844,76.927076,2026-04-11T09:28:26+05:00,Saturday,5,1,4,9,morning,alert,72.11
43.334265,76.948572,2025-12-09T04:22:43+05:00,Tuesday,1,0,12,4,night,others,54.66
43.257466,76.974366,2026-04-07T20:20:15+05:00,Tuesday,1,0,4,20,evening,animals,41.45
43.236846,76.912714,2026-02-27T09:23:51+05:00,Friday,4,0,2,9,morning,others,63.68
43.236492,76.95905,2026-05-01T19:08:58+05:00,Friday,4,0,5,19,evening,transport,77.93
43.281361,76.896188,2026-02-06T09:45:14+05:00,Friday,4,0,2,9,morning,building_noise,74.3
43.238107,76.913564,2026-03-30T00:40:17+05:00,Monday,0,0,3,0,night,transport,44.79
43.253834,76.9397,2026-01-21T09:22:30+05:00,Wednesday,2,0,1,9,morning,human,68.18
43.21709,76.924681,2026-01-22T18:38:13+05:00,Thursday,3,0,1,18,evening,transport,79.03
43.235446,76.921408,2026-01-24T10:50:19+05:00,Saturday,5,1,1,10,morning,transport,66.09
43.24913,76.859762,2026-02-28T18:26:49+05:00,Saturday,5,1,2,18,evening,transport,72.82
43.236283,76.913578,2025-12-02T09:51:07+05:00,Tuesday,1,0,12,9,morning,transport,63.04
43.258939,76.973847,2026-01-08T10:42:03+05:00,Thursday,3,0,1,10,morning,human,55.56
43.26441,76.824164,2026-01-22T14:15:37+05:00,Thursday,3,0,1,14,daytime,human,56.49
43.259542,76.962984,2025-12-17T22:16:46+05:00,Wednesday,2,0,12,22,late_evening,others,45.45
43.264634,76.927788,2025-11-27T15:43:11+05:00,Thursday,3,0,11,15,daytime,others,58.43
43.258548,76.944057,2026-05-08T15:50:25+05:00,Friday,4,0,5,15,daytime,animals,49.1
43.350767,77.041385,2025-11-29T14:17:31+05:00,Saturday,5,1,11,14,daytime,transport,75.41
43.258791,76.972052,2026-03-26T11:43:01+05:00,Thursday,3,0,3,11,daytime,animals,44.65
43.279375,76.891546,2025-11-16T11:56:17+05:00,Sunday,6,1,11,11,daytime,transport,57.66
43.230489,76.95428,2026-02-27T20:37:47+05:00,Friday,4,0,2,20,evening,human,74.48
43.251401,76.941648,2026-03-15T00:06:51+05:00,Sunday,6,1,3,0,night,human,55.22
43.261294,76.953883,2026-04-14T11:50:30+05:00,Tuesday,1,0,4,11,daytime,human,63.69
43.252189,76.94408,2026-05-02T02:32:35+05:00,Saturday,5,1,5,2,night,human,58.59
43.234364,76.977091,2026-01-14T07:40:37+05:00,Wednesday,2,0,1,7,morning,others,44.0
43.260633,76.974305,2025-12-01T21:16:29+05:00,Monday,0,0,12,21,late_evening,animals,40.13
43.256384,76.966222,2026-04-04T11:12:03+05:00,Saturday,5,1,4,11,daytime,human,55.91
43.252891,76.968164,2025-11-26T10:51:09+05:00,Wednesday,2,0,11,10,morning,transport,58.33
43.254897,76.943057,2025-11-20T08:05:50+05:00,Thursday,3,0,11,8,morning,human,68.65
43.235141,76.922442,2026-04-23T19:46:15+05:00,Thursday,3,0,4,19,evening,transport,79.33
43.265146,76.930257,2025-12-06T09:22:03+05:00,Saturday,5,1,12,9,morning,others,64.86
43.259635,76.972478,2026-05-07T22:58:19+05:00,Thursday,3,0,5,22,late_evening,animals,36.19
43.284011,76.889823,2026-01-16T17:14:33+05:00,Friday,4,0,1,17,evening,building_noise,78.16
43.252372,76.94429,2026-05-08T07:01:28+05:00,Friday,4,0,5,7,morning,others,65.6
43.233538,76.955566,2025-12-31T12:45:43+05:00,Wednesday,2,0,12,12,daytime,human,62.21
43.261898,76.82643,2026-03-01T06:41:22+05:00,Sunday,6,1,3,6,morning,human,42.53
43.237938,76.915704,2026-02-14T09:04:11+05:00,Saturday,5,1,2,9,morning,transport,61.02
43.252689,76.945596,2026-05-07T17:18:00+05:00,Thursday,3,0,5,17,evening,human,62.15
43.261092,76.965818,2025-11-21T09:25:41+05:00,Friday,4,0,11,9,morning,others,47.6
43.216767,76.927966,2026-01-22T16:00:08+05:00,Thursday,3,0,1,16,daytime,transport,69.74
43.282125,76.888775,2026-01-10T21:32:07+05:00,Saturday,5,1,1,21,late_evening,transport,60.81
43.250175,76.943259,2026-01-27T05:59:21+05:00,Tuesday,1,0,1,5,night,transport,47.98
43.249319,76.937973,2026-05-07T21:16:43+05:00,Thursday,3,0,5,21,late_evening,human,68.59
43.235321,76.915751,2025-11-14T15:01:21+05:00,Friday,4,0,11,15,daytime,transport,57.0
43.263229,76.927007,2025-11-14T10:40:51+05:00,Friday,4,0,11,10,morning,human,62.72
43.25299,76.945111,2026-01-29T20:08:32+05:00,Thursday,3,0,1,20,evening,building_noise,72.03
43.244571,76.859315,2025-11-27T21:32:01+05:00,Thursday,3,0,11,21,late_evening,transport,68.99
43.233593,76.956048,2026-04-03T16:19:03+05:00,Friday,4,0,4,16,daytime,human,62.44
43.340709,76.950388,2026-03-21T18:41:19+05:00,Saturday,5,1,3,18,evening,alert,84.61
43.239121,76.918041,2026-04-17T08:29:09+05:00,Friday,4,0,4,8,morning,transport,64.47
43.350218,77.041594,2025-11-20T19:21:50+05:00,Thursday,3,0,11,19,evening,transport,75.48
43.246599,76.860511,2026-01-12T18:09:21+05:00,Monday,0,0,1,18,evening,transport,75.51
43.279448,76.896089,2026-04-21T22:57:40+05:00,Tuesday,1,0,4,22,late_evening,transport,61.63
43.262748,76.822346,2026-04-01T07:15:12+05:00,Wednesday,2,0,4,7,morning,human,53.09
43.250467,76.946327,2026-01-10T11:15:02+05:00,Saturday,5,1,1,11,daytime,human,63.53
43.241464,76.917888,2026-04-26T14:49:26+05:00,Sunday,6,1,4,14,daytime,others,53.52
43.235743,76.960091,2026-04-09T17:02:34+05:00,Thursday,3,0,4,17,evening,transport,77.07
43.238763,76.931514,2025-12-06T09:41:24+05:00,Saturday,5,1,12,9,morning,alert,71.41
43.263789,76.956726,2026-02-06T09:24:10+05:00,Friday,4,0,2,9,morning,alert,79.91
43.247757,76.941008,2026-03-14T21:33:23+05:00,Saturday,5,1,3,21,late_evening,human,69.8
43.220679,76.925468,2026-04-13T07:43:40+05:00,Monday,0,0,4,7,morning,transport,78.08
43.238067,76.931502,2026-03-10T07:41:18+05:00,Tuesday,1,0,3,7,morning,transport,65.17
43.259607,76.973743,2025-12-15T18:21:00+05:00,Monday,0,0,12,18,evening,human,55.59
43.23355,76.959773,2025-12-03T21:23:51+05:00,Wednesday,2,0,12,21,late_evening,human,62.31
43.220511,76.929835,2025-11-23T12:58:03+05:00,Sunday,6,1,11,12,daytime,transport,69.15
43.281911,76.897613,2026-03-16T12:44:48+05:00,Monday,0,0,3,12,daytime,building_noise,73.27
43.280017,76.889638,2026-03-02T07:25:52+05:00,Monday,0,0,3,7,morning,transport,64.52
43.261565,76.925488,2026-02-01T16:10:41+05:00,Sunday,6,1,2,16,daytime,human,65.37
43.240874,76.855347,2026-03-30T21:34:38+05:00,Monday,0,0,3,21,late_evening,others,66.97
43.240219,76.930349,2025-11-16T08:58:38+05:00,Sunday,6,1,11,8,morning,alert,67.41
43.346548,77.036791,2026-01-17T21:28:50+05:00,Saturday,5,1,1,21,late_evening,transport,68.0
43.346678,76.949123,2026-03-20T11:47:56+05:00,Friday,4,0,3,11,daytime,transport,67.29
43.345272,76.950026,2026-02-06T20:51:44+05:00,Friday,4,0,2,20,evening,transport,64.91
43.261824,76.954167,2025-11-09T13:31:38+05:00,Sunday,6,1,11,13,daytime,human,63.36
43.286866,76.897714,2025-12-22T12:51:56+05:00,Monday,0,0,12,12,daytime,building_noise,73.51
43.261797,76.954007,2026-01-17T13:21:33+05:00,Saturday,5,1,1,13,daytime,human,55.69
43.237676,76.954165,2026-04-18T07:15:11+05:00,Saturday,5,1,4,7,morning,human,61.96
43.257608,76.976219,2026-01-25T21:53:11+05:00,Sunday,6,1,1,21,late_evening,animals,38.11
43.224754,76.898485,2026-03-01T13:07:30+05:00,Sunday,6,1,3,13,daytime,animals,46.39
43.23603,76.977144,2026-03-26T19:10:29+05:00,Thursday,3,0,3,19,evening,human,55.64
43.278806,76.894703,2026-03-10T10:52:02+05:00,Tuesday,1,0,3,10,morning,building_noise,72.14
43.233653,76.975277,2025-12-18T20:09:14+05:00,Thursday,3,0,12,20,evening,others,43.61
43.264572,76.926781,2026-03-01T17:20:42+05:00,Sunday,6,1,3,17,evening,human,72.15
43.250412,76.941951,2025-12-15T20:33:37+05:00,Monday,0,0,12,20,evening,human,65.31
43.246594,76.856769,2026-04-07T07:44:54+05:00,Tuesday,1,0,4,7,morning,transport,76.79
43.263742,76.953395,2025-12-03T10:33:58+05:00,Wednesday,2,0,12,10,morning,human,69.2
43.247004,76.943545,2026-03-15T08:13:33+05:00,Sunday,6,1,3,8,morning,human,60.01
43.353433,77.042944,2026-01-08T18:59:43+05:00,Thursday,3,0,1,18,evening,transport,79.86
43.260875,76.969562,2026-01-13T12:25:26+05:00,Tuesday,1,0,1,12,daytime,human,57.24
43.256537,76.970701,2025-11-23T21:32:09+05:00,Sunday,6,1,11,21,late_evening,others,44.51
43.263132,76.954955,2025-12-21T10:42:16+05:00,Sunday,6,1,12,10,morning,human,67.46
43.220632,76.90167,2026-02-10T17:41:44+05:00,Tuesday,1,0,2,17,evening,human,61.37
43.258429,76.944513,2026-01-06T08:51:31+05:00,Tuesday,1,0,1,8,morning,others,55.42
43.263197,76.820962,2026-04-30T22:50:59+05:00,Thursday,3,0,4,22,late_evening,alert,69.79
43.235454,76.920191,2026-04-08T15:52:50+05:00,Wednesday,2,0,4,15,daytime,building_noise,67.58
43.282958,76.896253,2025-11-20T08:51:25+05:00,Thursday,3,0,11,8,morning,building_noise,78.72
43.259246,76.966277,2026-04-24T07:35:59+05:00,Friday,4,0,4,7,morning,others,42.49
43.238695,76.926515,2026-04-02T17:05:49+05:00,Thursday,3,0,4,17,evening,alert,73.61
43.352128,77.038001,2025-12-07T23:22:39+05:00,Sunday,6,1,12,23,late_evening,alert,74.72
43.255131,76.94625,2026-03-30T07:42:08+05:00,Monday,0,0,3,7,morning,human,64.67
43.339362,76.950208,2026-05-10T21:47:51+05:00,Sunday,6,1,5,21,late_evening,transport,69.97
43.235498,76.919009,2026-04-10T08:44:39+05:00,Friday,4,0,4,8,morning,transport,67.32
43.250854,76.945137,2026-03-15T13:46:03+05:00,Sunday,6,1,3,13,daytime,transport,68.22
43.257318,76.971564,2026-04-20T18:51:55+05:00,Monday,0,0,4,18,evening,human,54.09
43.252503,76.942921,2026-02-25T12:52:56+05:00,Wednesday,2,0,2,12,daytime,human,64.31
43.231378,76.974712,2026-04-18T20:05:35+05:00,Saturday,5,1,4,20,evening,others,36.49
43.261094,76.954522,2026-04-27T08:51:57+05:00,Monday,0,0,4,8,morning,others,48.93
43.340368,76.949717,2026-01-25T17:03:18+05:00,Sunday,6,1,1,17,evening,transport,72.59
43.235597,76.933248,2026-01-26T21:02:23+05:00,Monday,0,0,1,21,late_evening,alert,67.45
43.232158,76.979153,2026-05-03T08:07:09+05:00,Sunday,6,1,5,8,morning,others,44.39
43.231248,76.9782,2026-01-28T17:51:39+05:00,Wednesday,2,0,1,17,evening,human,60.7
43.239195,76.932167,2026-03-18T07:23:07+05:00,Wednesday,2,0,3,7,morning,alert,77.38
43.264266,76.821115,2025-12-14T19:51:19+05:00,Sunday,6,1,12,19,evening,human,63.33
43.239669,76.921269,2026-01-26T17:41:38+05:00,Monday,0,0,1,17,evening,alert,85.82
43.219681,76.928278,2025-12-20T08:30:34+05:00,Saturday,5,1,12,8,morning,transport,72.12
43.26906,76.927049,2026-03-12T09:09:20+05:00,Thursday,3,0,3,9,morning,human,70.42
43.248771,76.939984,2025-12-25T08:21:58+05:00,Thursday,3,0,12,8,morning,building_noise,69.79
43.260482,76.967263,2026-02-17T13:28:46+05:00,Tuesday,1,0,2,13,daytime,animals,45.91
43.255943,76.945632,2026-03-07T06:30:20+05:00,Saturday,5,1,3,6,morning,human,56.31
43.219981,76.927952,2025-11-25T07:42:35+05:00,Tuesday,1,0,11,7,morning,transport,78.48
43.351951,77.044547,2026-04-02T13:48:40+05:00,Thursday,3,0,4,13,daytime,transport,64.18
43.237945,76.928928,2026-01-27T17:53:03+05:00,Tuesday,1,0,1,17,evening,alert,75.6
43.251958,76.943327,2026-05-10T15:06:12+05:00,Sunday,6,1,5,15,daytime,human,57.68
43.263577,76.954717,2026-04-09T04:23:38+05:00,Thursday,3,0,4,4,night,others,38.05
43.239372,76.928939,2026-01-31T18:50:28+05:00,Saturday,5,1,1,18,evening,alert,74.12
43.238582,76.916863,2025-12-06T03:31:13+05:00,Saturday,5,1,12,3,night,building_noise,46.54
43.280717,76.895593,2026-04-04T18:43:33+05:00,Saturday,5,1,4,18,evening,building_noise,73.07
43.245969,76.861012,2025-11-16T18:19:41+05:00,Sunday,6,1,11,18,evening,transport,72.6
43.239553,76.928612,2026-01-28T09:41:18+05:00,Wednesday,2,0,1,9,morning,alert,74.55
43.262682,76.963829,2026-01-16T08:44:47+05:00,Friday,4,0,1,8,morning,others,51.94
43.281442,76.895853,2026-03-29T14:45:40+05:00,Sunday,6,1,3,14,daytime,transport,65.08
43.252379,76.945842,2026-01-26T14:35:31+05:00,Monday,0,0,1,14,daytime,human,59.42
43.252457,76.945228,2026-03-02T13:14:28+05:00,Monday,0,0,3,13,daytime,building_noise,61.75
43.238682,76.931463,2026-02-09T09:23:53+05:00,Monday,0,0,2,9,morning,alert,67.03
43.250594,76.937695,2025-11-10T09:27:17+05:00,Monday,0,0,11,9,morning,human,63.61
43.235211,76.91581,2026-04-03T08:17:44+05:00,Friday,4,0,4,8,morning,building_noise,66.03
43.237693,76.958446,2025-11-23T17:06:36+05:00,Sunday,6,1,11,17,evening,human,67.99
43.280765,76.888563,2026-04-20T10:24:29+05:00,Monday,0,0,4,10,morning,building_noise,74.51
43.248605,76.94022,2026-04-10T21:06:53+05:00,Friday,4,0,4,21,late_evening,building_noise,77.72
43.236267,76.91726,2025-11-11T08:23:47+05:00,Tuesday,1,0,11,8,morning,transport,65.29
43.26234,76.954594,2025-12-22T08:37:14+05:00,Monday,0,0,12,8,morning,others,52.84
43.285306,76.900899,2025-12-24T12:54:49+05:00,Wednesday,2,0,12,12,daytime,building_noise,74.61
43.257561,76.974466,2026-04-07T20:01:15+05:00,Tuesday,1,0,4,20,evening,animals,39.34
43.279815,76.89619,2026-03-20T11:34:59+05:00,Friday,4,0,3,11,daytime,building_noise,72.74
43.222476,76.903612,2026-01-11T22:50:35+05:00,Sunday,6,1,1,22,late_evening,others,41.39
43.234122,76.923598,2026-03-15T19:56:37+05:00,Sunday,6,1,3,19,evening,transport,70.83
43.250852,76.942756,2025-11-15T21:07:10+05:00,Saturday,5,1,11,21,late_evening,human,74.1
43.257998,76.970768,2026-02-06T22:56:45+05:00,Friday,4,0,2,22,late_evening,animals,38.36
43.354826,77.037335,2026-03-19T21:23:45+05:00,Thursday,3,0,3,21,late_evening,transport,68.66
43.217246,76.928917,2026-01-15T10:21:01+05:00,Thursday,3,0,1,10,morning,building_noise,77.79
43.249436,76.865452,2026-02-10T12:27:26+05:00,Tuesday,1,0,2,12,daytime,transport,68.4
43.238331,76.927971,2025-11-08T23:00:58+05:00,Saturday,5,1,11,23,late_evening,transport,62.75
43.234919,76.913713,2026-03-19T01:09:38+05:00,Thursday,3,0,3,1,night,transport,46.29
43.232981,76.975688,2025-11-27T17:05:55+05:00,Thursday,3,0,11,17,evening,animals,43.06
43.237947,76.916196,2025-12-07T19:21:35+05:00,Sunday,6,1,12,19,evening,building_noise,63.02
43.248276,76.864029,2025-12-26T00:03:32+05:00,Friday,4,0,12,0,night,human,55.28
43.237345,76.930748,2026-01-05T21:10:54+05:00,Monday,0,0,1,21,late_evening,alert,70.25
43.247038,76.858468,2026-03-06T18:58:50+05:00,Friday,4,0,3,18,evening,transport,85.3
43.264041,76.953939,2026-03-22T09:04:07+05:00,Sunday,6,1,3,9,morning,human,67.82
43.234946,76.957908,2025-11-14T05:33:47+05:00,Friday,4,0,11,5,night,human,52.44
43.263425,76.927108,2026-02-22T19:10:08+05:00,Sunday,6,1,2,19,evening,human,73.04
43.237168,76.924663,2025-12-16T03:01:37+05:00,Tuesday,1,0,12,3,night,transport,55.75
43.287521,76.900507,2026-02-17T08:22:02+05:00,Tuesday,1,0,2,8,morning,building_noise,76.41
43.241045,76.919798,2026-04-15T14:26:50+05:00,Wednesday,2,0,4,14,daytime,transport,65.78
43.253413,76.944082,2026-04-08T17:44:25+05:00,Wednesday,2,0,4,17,evening,human,64.94
43.23416,76.919186,2026-03-10T18:04:35+05:00,Tuesday,1,0,3,18,evening,human,62.5
43.252658,76.94203,2026-01-02T20:24:35+05:00,Friday,4,0,1,20,evening,human,75.75
43.259623,76.944769,2026-04-09T15:17:53+05:00,Thursday,3,0,4,15,daytime,human,58.82
43.252467,76.941898,2026-02-11T08:00:37+05:00,Wednesday,2,0,2,8,morning,human,66.58
43.237805,76.923835,2026-02-07T11:22:45+05:00,Saturday,5,1,2,11,daytime,transport,69.39
43.237986,76.915599,2026-02-08T07:17:01+05:00,Sunday,6,1,2,7,morning,transport,62.79
43.23769,76.929554,2025-12-03T12:41:08+05:00,Wednesday,2,0,12,12,daytime,transport,67.96
43.347578,77.033143,2026-01-05T07:32:02+05:00,Monday,0,0,1,7,morning,alert,84.2
43.236681,76.929804,2026-01-24T08:37:01+05:00,Saturday,5,1,1,8,morning,alert,73.77
43.250635,76.941502,2026-04-13T19:26:56+05:00,Monday,0,0,4,19,evening,human,69.64
43.350021,77.043781,2026-03-17T20:50:57+05:00,Tuesday,1,0,3,20,evening,transport,68.21
43.26119,76.972816,2025-12-28T23:52:34+05:00,Sunday,6,1,12,23,late_evening,animals,36.44
43.347893,77.041128,2025-12-17T18:00:27+05:00,Wednesday,2,0,12,18,evening,transport,82.62
43.264574,76.953103,2025-12-22T07:32:40+05:00,Monday,0,0,12,7,morning,others,49.15
43.260561,76.946239,2026-04-26T10:45:26+05:00,Sunday,6,1,4,10,morning,human,63.69
43.248284,76.942666,2025-12-10T07:42:15+05:00,Wednesday,2,0,12,7,morning,others,62.85
43.254473,76.943053,2026-03-18T12:51:27+05:00,Wednesday,2,0,3,12,daytime,human,64.5
43.236084,76.917214,2026-03-21T17:22:31+05:00,Saturday,5,1,3,17,evening,alert,71.3
43.34244,76.94337,2026-01-01T21:29:31+05:00,Thursday,3,0,1,21,late_evening,transport,67.01
43.255156,76.945409,2026-03-11T17:45:44+05:00,Wednesday,2,0,3,17,evening,human,63.61
43.2402,76.932523,2026-04-10T11:28:27+05:00,Friday,4,0,4,11,daytime,transport,61.79
43.224081,76.901982,2025-11-18T22:11:11+05:00,Tuesday,1,0,11,22,late_evening,others,48.05
43.255557,76.946671,2026-01-26T07:39:35+05:00,Monday,0,0,1,7,morning,human,66.94
43.239686,76.928382,2025-12-12T17:45:45+05:00,Friday,4,0,12,17,evening,alert,69.03
43.223071,76.899069,2026-03-15T17:15:00+05:00,Sunday,6,1,3,17,evening,human,65.02
43.28148,76.888752,2025-12-10T11:13:26+05:00,Wednesday,2,0,12,11,daytime,building_noise,76.58
43.349611,77.037046,2026-05-03T15:22:27+05:00,Sunday,6,1,5,15,daytime,transport,71.45
43.351189,77.03493,2026-01-21T07:48:16+05:00,Wednesday,2,0,1,7,morning,transport,75.59
43.258551,76.968922,2026-01-22T15:29:57+05:00,Thursday,3,0,1,15,daytime,animals,47.4
43.359292,77.045655,2025-11-12T18:52:53+05:00,Wednesday,2,0,11,18,evening,transport,76.28
43.241583,76.928247,2025-11-07T22:31:45+05:00,Friday,4,0,11,22,late_evening,alert,72.22
43.226256,76.904216,2026-01-21T18:10:46+05:00,Wednesday,2,0,1,18,evening,human,56.3
43.237845,76.92178,2026-03-11T07:29:35+05:00,Wednesday,2,0,3,7,morning,transport,74.13
43.221911,76.901148,2026-04-17T07:28:35+05:00,Friday,4,0,4,7,morning,others,46.79
43.25902,76.94746,2026-03-05T08:36:32+05:00,Thursday,3,0,3,8,morning,human,62.58
43.252347,76.944966,2025-11-19T21:50:08+05:00,Wednesday,2,0,11,21,late_evening,human,70.0
43.249917,76.94719,2026-03-03T16:04:41+05:00,Tuesday,1,0,3,16,daytime,alert,72.82
43.26446,76.955198,2026-04-15T15:29:19+05:00,Wednesday,2,0,4,15,daytime,others,62.05
43.218541,76.924543,2025-11-20T22:07:29+05:00,Thursday,3,0,11,22,late_evening,transport,72.95
43.262223,76.953352,2026-04-25T07:54:46+05:00,Saturday,5,1,4,7,morning,others,56.46
43.257518,76.974669,2026-04-08T22:11:20+05:00,Wednesday,2,0,4,22,late_evening,animals,37.81
43.238375,76.919543,2026-03-20T19:36:19+05:00,Friday,4,0,3,19,evening,transport,74.85
43.258383,76.96826,2026-02-27T14:44:49+05:00,Friday,4,0,2,14,daytime,animals,44.06
43.281923,76.894801,2026-02-19T19:30:01+05:00,Thursday,3,0,2,19,evening,transport,66.71
43.237787,76.930029,2026-01-12T18:56:17+05:00,Monday,0,0,1,18,evening,alert,75.9
43.257328,76.970228,2026-03-18T05:17:53+05:00,Wednesday,2,0,3,5,night,others,35.0
43.263028,76.927026,2026-03-12T10:32:45+05:00,Thursday,3,0,3,10,morning,human,59.34
43.239801,76.922854,2025-11-20T17:36:47+05:00,Thursday,3,0,11,17,evening,transport,75.92
43.282093,76.89232,2025-12-30T08:58:00+05:00,Tuesday,1,0,12,8,morning,building_noise,81.18
43.23867,76.929331,2025-12-16T17:28:43+05:00,Tuesday,1,0,12,17,evening,alert,72.31
43.283808,76.890905,2026-01-12T11:09:32+05:00,Monday,0,0,1,11,daytime,building_noise,73.23
43.237454,76.95606,2026-01-09T01:35:25+05:00,Friday,4,0,1,1,night,human,64.42
43.255394,76.94276,2026-03-11T20:09:16+05:00,Wednesday,2,0,3,20,evening,human,64.47
43.349625,77.03984,2025-12-17T08:30:11+05:00,Wednesday,2,0,12,8,morning,transport,80.35
43.286397,76.889867,2025-11-24T12:13:55+05:00,Monday,0,0,11,12,daytime,building_noise,76.03
43.238928,76.922956,2026-04-12T18:27:59+05:00,Sunday,6,1,4,18,evening,alert,77.39
43.222749,76.897629,2025-11-24T16:57:08+05:00,Monday,0,0,11,16,daytime,human,57.64
43.253943,76.946621,2025-12-13T18:08:44+05:00,Saturday,5,1,12,18,evening,human,67.61
43.224517,76.898821,2026-02-09T22:54:52+05:00,Monday,0,0,2,22,late_evening,others,41.53
43.239948,76.92919,2026-02-25T21:36:19+05:00,Wednesday,2,0,2,21,late_evening,alert,70.98
43.277093,76.902755,2026-02-26T14:33:39+05:00,Thursday,3,0,2,14,daytime,building_noise,71.83
43.233373,76.977774,2025-11-07T13:05:20+05:00,Friday,4,0,11,13,daytime,human,55.56
43.340208,76.94582,2025-11-02T14:49:24+05:00,Sunday,6,1,11,14,daytime,transport,63.42
43.219012,76.932574,2025-12-28T22:06:00+05:00,Sunday,6,1,12,22,late_evening,transport,67.03
43.351045,77.037301,2026-02-07T17:39:39+05:00,Saturday,5,1,2,17,evening,transport,69.34
43.263131,76.954403,2026-01-29T08:24:15+05:00,Thursday,3,0,1,8,morning,others,51.51
43.237575,76.921705,2026-04-08T13:40:05+05:00,Wednesday,2,0,4,13,daytime,transport,72.41
43.265925,76.820245,2026-03-08T20:32:12+05:00,Sunday,6,1,3,20,evening,human,68.95
43.264161,76.821107,2026-04-29T08:53:12+05:00,Wednesday,2,0,4,8,morning,human,63.51
43.266077,76.928336,2026-03-29T10:27:23+05:00,Sunday,6,1,3,10,morning,human,56.62
43.260692,76.975194,2026-04-15T18:30:04+05:00,Wednesday,2,0,4,18,evening,human,59.15
43.239375,76.928272,2025-11-17T09:23:04+05:00,Monday,0,0,11,9,morning,alert,79.02
43.265769,76.963449,2026-03-11T20:17:07+05:00,Wednesday,2,0,3,20,evening,animals,45.03
43.256116,76.94452,2025-11-20T09:44:39+05:00,Thursday,3,0,11,9,morning,human,67.18
43.236403,76.916021,2025-11-19T08:28:56+05:00,Wednesday,2,0,11,8,morning,transport,70.6
43.218286,76.924883,2026-01-31T19:48:48+05:00,Saturday,5,1,1,19,evening,transport,69.56
43.232999,76.97711,2026-05-10T15:59:24+05:00,Sunday,6,1,5,15,daytime,animals,43.02
43.249457,76.940687,2026-02-17T10:30:19+05:00,Tuesday,1,0,2,10,morning,human,64.65
43.254206,76.944287,2026-03-22T08:31:00+05:00,Sunday,6,1,3,8,morning,human,62.69
43.249404,76.858383,2026-02-06T09:36:15+05:00,Friday,4,0,2,9,morning,transport,78.06
43.239213,76.923442,2026-04-12T18:28:59+05:00,Sunday,6,1,4,18,evening,alert,77.88
43.220237,76.931215,2025-12-31T23:43:20+05:00,Wednesday,2,0,12,23,late_evening,transport,71.38
43.238547,76.915248,2026-02-13T19:26:21+05:00,Friday,4,0,2,19,evening,transport,69.82
43.259285,76.944174,2026-05-08T15:39:25+05:00,Friday,4,0,5,15,daytime,animals,49.28
43.238326,76.917927,2025-12-20T19:03:24+05:00,Saturday,5,1,12,19,evening,transport,62.34
43.232261,76.977183,2026-02-22T10:33:35+05:00,Sunday,6,1,2,10,morning,others,50.22
43.265287,76.927841,2025-11-30T09:59:54+05:00,Sunday,6,1,11,9,morning,human,64.08
43.254949,76.970339,2025-11-11T10:23:20+05:00,Tuesday,1,0,11,10,morning,animals,48.72
43.285025,76.898466,2026-04-22T17:55:01+05:00,Wednesday,2,0,4,17,evening,building_noise,74.49
43.261398,76.967629,2026-02-13T10:19:22+05:00,Friday,4,0,2,10,morning,human,57.43
43.239156,76.916707,2026-03-09T08:28:19+05:00,Monday,0,0,3,8,morning,others,59.12
43.23892,76.920864,2025-12-20T14:30:11+05:00,Saturday,5,1,12,14,daytime,transport,63.65
43.258203,76.944823,2025-12-31T21:49:43+05:00,Wednesday,2,0,12,21,late_evening,human,62.85
43.263273,76.953459,2026-01-26T10:20:41+05:00,Monday,0,0,1,10,morning,transport,51.85
43.218253,76.92802,2026-03-24T17:30:31+05:00,Tuesday,1,0,3,17,evening,transport,82.64
43.235079,76.952643,2026-01-02T19:05:12+05:00,Friday,4,0,1,19,evening,transport,75.9
43.264491,76.925421,2026-03-27T20:39:47+05:00,Friday,4,0,3,20,evening,building_noise,62.35
43.237629,76.923083,2026-05-08T13:53:41+05:00,Friday,4,0,5,13,daytime,transport,63.89
43.238518,76.932983,2026-02-03T18:58:42+05:00,Tuesday,1,0,2,18,evening,alert,75.39
43.280861,76.902093,2026-04-03T14:40:31+05:00,Friday,4,0,4,14,daytime,building_noise,72.1
43.276366,76.88394,2026-02-21T19:12:39+05:00,Saturday,5,1,2,19,evening,transport,66.82
43.25926,76.96898,2026-05-07T17:59:41+05:00,Thursday,3,0,5,17,evening,human,56.99
43.234124,76.955558,2026-03-20T07:44:52+05:00,Friday,4,0,3,7,morning,alert,82.46
43.27936,76.897309,2026-02-18T18:30:25+05:00,Wednesday,2,0,2,18,evening,building_noise,73.83
43.258717,76.969953,2026-01-03T18:26:26+05:00,Saturday,5,1,1,18,evening,human,61.48
43.238193,76.931884,2025-12-12T22:11:13+05:00,Friday,4,0,12,22,late_evening,animals,49.12
43.238572,76.956152,2026-04-03T11:58:44+05:00,Friday,4,0,4,11,daytime,alert,68.3
43.260976,76.952287,2026-03-30T22:50:19+05:00,Monday,0,0,3,22,late_evening,others,50.56
43.253977,76.944419,2025-12-08T17:45:23+05:00,Monday,0,0,12,17,evening,human,61.86
43.286478,76.887471,2026-03-02T11:16:45+05:00,Monday,0,0,3,11,daytime,building_noise,70.73
43.263654,76.931825,2026-04-29T12:28:25+05:00,Wednesday,2,0,4,12,daytime,human,64.22
43.232784,76.977237,2026-02-05T17:24:02+05:00,Thursday,3,0,2,17,evening,human,57.53
43.264441,76.955062,2026-04-15T15:36:19+05:00,Wednesday,2,0,4,15,daytime,others,61.59
43.235466,76.952481,2026-01-14T14:34:08+05:00,Wednesday,2,0,1,14,daytime,human,65.06
43.262842,76.952125,2025-11-21T18:09:52+05:00,Friday,4,0,11,18,evening,human,72.98
43.260683,76.965506,2026-04-15T22:56:46+05:00,Wednesday,2,0,4,22,late_evening,others,43.65
43.250362,76.943608,2026-04-08T03:14:18+05:00,Wednesday,2,0,4,3,night,human,44.44
43.262333,76.953875,2026-01-29T08:07:15+05:00,Thursday,3,0,1,8,morning,others,52.16
43.266007,76.930172,2026-03-30T13:45:41+05:00,Monday,0,0,3,13,daytime,alert,69.63
43.252247,76.944069,2025-11-13T12:41:41+05:00,Thursday,3,0,11,12,daytime,human,58.32
43.278411,76.897182,2026-03-17T11:55:54+05:00,Tuesday,1,0,3,11,daytime,building_noise,72.77
43.216299,76.924699,2026-03-07T18:42:02+05:00,Saturday,5,1,3,18,evening,transport,65.67
43.355499,77.043983,2026-02-11T07:26:11+05:00,Wednesday,2,0,2,7,morning,transport,74.22
43.341697,76.952556,2026-03-20T19:57:34+05:00,Friday,4,0,3,19,evening,transport,79.74
43.238639,76.956809,2026-04-03T12:01:44+05:00,Friday,4,0,4,12,daytime,alert,68.34
43.246184,76.941862,2026-04-20T14:11:19+05:00,Monday,0,0,4,14,daytime,human,61.23
43.254825,76.937568,2026-04-08T22:10:26+05:00,Wednesday,2,0,4,22,late_evening,human,70.68
43.238507,76.917093,2026-01-24T15:11:47+05:00,Saturday,5,1,1,15,daytime,transport,61.49
43.273569,76.890801,2026-03-11T15:09:39+05:00,Wednesday,2,0,3,15,daytime,building_noise,75.53
43.262053,76.954642,2026-02-13T19:50:44+05:00,Friday,4,0,2,19,evening,human,71.71
43.233219,76.957511,2025-11-08T06:42:00+05:00,Saturday,5,1,11,6,morning,human,59.89
43.233153,76.981591,2025-11-23T22:28:25+05:00,Sunday,6,1,11,22,late_evening,others,40.29
43.263588,76.95508,2025-12-02T21:42:54+05:00,Tuesday,1,0,12,21,late_evening,building_noise,57.71
43.234354,76.977177,2026-01-14T07:42:37+05:00,Wednesday,2,0,1,7,morning,others,42.31
43.251331,76.941905,2026-03-01T18:50:50+05:00,Sunday,6,1,3,18,evening,human,72.12
43.277454,76.896326,2026-04-01T19:39:10+05:00,Wednesday,2,0,4,19,evening,building_noise,67.02
43.281554,76.888551,2025-12-08T09:10:52+05:00,Monday,0,0,12,9,morning,building_noise,75.27
43.258151,76.969258,2026-03-21T17:55:17+05:00,Saturday,5,1,3,17,evening,human,54.25
43.220364,76.927213,2026-04-03T08:06:28+05:00,Friday,4,0,4,8,morning,transport,78.93
43.259002,76.966061,2025-11-06T21:09:54+05:00,Thursday,3,0,11,21,late_evening,others,41.19
43.249652,76.939496,2025-12-20T23:49:47+05:00,Saturday,5,1,12,23,late_evening,human,71.0
43.256813,76.945996,2026-04-13T12:13:03+05:00,Monday,0,0,4,12,daytime,human,60.54
43.220454,76.924833,2026-01-31T18:38:12+05:00,Saturday,5,1,1,18,evening,transport,72.34
43.283362,76.890152,2026-03-30T11:53:08+05:00,Monday,0,0,3,11,daytime,building_noise,71.14
43.262118,76.954582,2025-11-29T07:51:09+05:00,Saturday,5,1,11,7,morning,others,53.2
43.260428,76.945044,2026-05-05T12:07:43+05:00,Tuesday,1,0,5,12,daytime,human,58.29
43.252567,76.946914,2026-03-08T16:23:27+05:00,Sunday,6,1,3,16,daytime,human,62.82
43.234384,76.923299,2026-02-03T14:22:28+05:00,Tuesday,1,0,2,14,daytime,transport,68.25
43.260734,76.968521,2026-04-09T08:05:58+05:00,Thursday,3,0,4,8,morning,others,47.55
43.237718,76.916268,2026-04-26T11:56:55+05:00,Sunday,6,1,4,11,daytime,transport,57.67
43.280631,76.888737,2026-01-05T13:46:33+05:00,Monday,0,0,1,13,daytime,building_noise,71.23
43.238206,76.956546,2026-02-27T00:53:42+05:00,Friday,4,0,2,0,night,human,58.95
43.262192,76.952457,2026-02-14T08:58:31+05:00,Saturday,5,1,2,8,morning,others,55.21
43.237739,76.92232,2026-03-14T12:20:20+05:00,Saturday,5,1,3,12,daytime,animals,55.51
43.3468,77.041824,2026-03-11T19:59:05+05:00,Wednesday,2,0,3,19,evening,transport,74.72
43.235058,76.953567,2025-12-23T07:22:36+05:00,Tuesday,1,0,12,7,morning,human,69.8
43.235515,76.975256,2025-11-26T13:26:05+05:00,Wednesday,2,0,11,13,daytime,human,46.37
43.222282,76.903085,2026-04-20T10:27:51+05:00,Monday,0,0,4,10,morning,human,46.44
43.21649,76.930346,2026-03-01T12:13:32+05:00,Sunday,6,1,3,12,daytime,transport,66.8
43.246395,76.942021,2026-03-29T15:45:46+05:00,Sunday,6,1,3,15,daytime,human,62.47
43.261138,76.95247,2026-05-10T16:20:24+05:00,Sunday,6,1,5,16,daytime,human,60.19
43.221195,76.898838,2026-01-10T17:07:41+05:00,Saturday,5,1,1,17,evening,human,61.04
43.280259,76.897404,2026-04-23T09:44:20+05:00,Thursday,3,0,4,9,morning,building_noise,77.72
43.238892,76.93225,2025-11-03T12:25:43+05:00,Monday,0,0,11,12,daytime,transport,62.33
43.253279,76.944021,2025-11-29T09:12:42+05:00,Saturday,5,1,11,9,morning,others,59.35
43.232399,76.954149,2025-12-15T18:36:56+05:00,Monday,0,0,12,18,evening,transport,73.99
43.264631,76.953804,2026-04-28T10:06:42+05:00,Tuesday,1,0,4,10,morning,human,61.97
43.264581,76.822971,2026-03-26T19:43:27+05:00,Thursday,3,0,3,19,evening,human,62.23
43.238799,76.930187,2026-03-05T17:29:25+05:00,Thursday,3,0,3,17,evening,alert,75.02
43.219178,76.930301,2025-11-22T06:29:39+05:00,Saturday,5,1,11,6,morning,transport,62.82
43.249063,76.863727,2026-04-13T08:31:10+05:00,Monday,0,0,4,8,morning,transport,74.38
43.261986,76.953266,2026-02-05T21:42:37+05:00,Thursday,3,0,2,21,late_evening,building_noise,56.87
43.258812,76.967701,2026-02-09T15:44:20+05:00,Monday,0,0,2,15,daytime,human,52.99
43.215052,76.925961,2026-02-06T13:35:39+05:00,Friday,4,0,2,13,daytime,transport,68.53
43.232594,76.97488,2026-02-18T17:29:46+05:00,Wednesday,2,0,2,17,evening,human,55.69
43.261663,76.967241,2026-01-08T20:20:54+05:00,Thursday,3,0,1,20,evening,others,44.84
43.265225,76.827327,2026-01-28T20:44:46+05:00,Wednesday,2,0,1,20,evening,human,60.46
43.260804,76.963176,2026-04-16T21:11:35+05:00,Thursday,3,0,4,21,late_evening,others,48.86
43.230722,76.973154,2026-02-08T17:27:14+05:00,Sunday,6,1,2,17,evening,human,57.46
43.235476,76.972752,2025-11-19T19:19:00+05:00,Wednesday,2,0,11,19,evening,human,59.66
43.233986,76.957487,2026-03-01T08:48:48+05:00,Sunday,6,1,3,8,morning,human,66.56
43.282449,76.889441,2025-12-17T13:25:33+05:00,Wednesday,2,0,12,13,daytime,building_noise,76.75
43.264281,76.925991,2026-05-04T23:04:25+05:00,Monday,0,0,5,23,late_evening,others,56.98
43.237044,76.923643,2025-11-04T17:24:57+05:00,Tuesday,1,0,11,17,evening,transport,81.06
43.256162,76.968543,2026-02-07T17:43:25+05:00,Saturday,5,1,2,17,evening,human,57.57
43.245975,76.856286,2026-01-14T16:14:23+05:00,Wednesday,2,0,1,16,daytime,transport,66.46
43.354176,77.03849,2026-03-30T10:25:56+05:00,Monday,0,0,3,10,morning,transport,71.65
43.218295,76.929632,2026-02-13T08:16:43+05:00,Friday,4,0,2,8,morning,transport,77.95
43.282724,76.889987,2026-05-05T23:25:35+05:00,Tuesday,1,0,5,23,late_evening,building_noise,61.79
43.254266,76.945762,2026-04-15T10:43:02+05:00,Wednesday,2,0,4,10,morning,transport,64.83
43.260226,76.971996,2026-01-28T22:16:40+05:00,Wednesday,2,0,1,22,late_evening,animals,40.08
43.251683,76.940275,2026-01-28T09:41:17+05:00,Wednesday,2,0,1,9,morning,human,69.26
43.281963,76.892049,2025-12-30T09:00:00+05:00,Tuesday,1,0,12,9,morning,building_noise,83.4
43.23704,76.927325,2026-03-13T09:50:22+05:00,Friday,4,0,3,9,morning,alert,68.7
43.289159,76.895858,2025-12-18T13:23:49+05:00,Thursday,3,0,12,13,daytime,building_noise,70.17
43.247805,76.939487,2026-04-01T21:19:01+05:00,Wednesday,2,0,4,21,late_evening,human,68.93
43.224255,76.90608,2025-11-14T20:08:43+05:00,Friday,4,0,11,20,evening,others,45.63
43.276937,76.893243,2026-04-12T20:42:24+05:00,Sunday,6,1,4,20,evening,transport,61.79
43.218477,76.927102,2026-03-12T17:55:31+05:00,Thursday,3,0,3,17,evening,transport,83.46
43.264395,76.925995,2025-11-02T20:26:24+05:00,Sunday,6,1,11,20,evening,human,60.59
43.353166,77.042545,2026-03-28T10:19:30+05:00,Saturday,5,1,3,10,morning,transport,74.53
43.234355,76.957064,2025-12-21T21:09:21+05:00,Sunday,6,1,12,21,late_evening,human,66.1
43.248335,76.863827,2026-04-04T01:24:09+05:00,Saturday,5,1,4,1,night,transport,53.64
43.220357,76.924168,2026-04-24T04:31:53+05:00,Friday,4,0,4,4,night,transport,59.5
43.250786,76.936675,2026-04-11T19:43:50+05:00,Saturday,5,1,4,19,evening,human,67.01
43.359231,77.036394,2026-01-15T08:18:09+05:00,Thursday,3,0,1,8,morning,transport,71.82
43.276845,76.890845,2026-03-03T13:36:04+05:00,Tuesday,1,0,3,13,daytime,building_noise,73.39
43.217439,76.930149,2026-04-02T07:43:15+05:00,Thursday,3,0,4,7,morning,transport,82.51
43.26144,76.969793,2025-11-03T18:21:41+05:00,Monday,0,0,11,18,evening,animals,49.93
43.258481,76.945178,2026-02-22T04:56:34+05:00,Sunday,6,1,2,4,night,human,46.39
43.250248,76.940428,2025-11-19T11:23:01+05:00,Wednesday,2,0,11,11,daytime,human,61.75
43.218896,76.931666,2026-04-27T14:39:40+05:00,Monday,0,0,4,14,daytime,transport,72.75
43.24007,76.955944,2026-03-01T18:19:54+05:00,Sunday,6,1,3,18,evening,human,66.71
43.241055,76.854704,2026-03-30T21:45:38+05:00,Monday,0,0,3,21,late_evening,others,67.63
43.258411,76.947536,2026-02-20T09:19:38+05:00,Friday,4,0,2,9,morning,human,61.88
43.259413,76.968911,2026-03-06T22:12:53+05:00,Friday,4,0,3,22,late_evening,others,47.72
43.268128,76.925751,2026-03-27T11:20:33+05:00,Friday,4,0,3,11,daytime,human,62.9
43.260973,76.953705,2026-02-06T19:22:10+05:00,Friday,4,0,2,19,evening,human,65.97
43.233814,76.955703,2026-04-06T21:27:14+05:00,Monday,0,0,4,21,late_evening,human,66.07
43.214734,76.927839,2025-12-29T19:54:38+05:00,Monday,0,0,12,19,evening,transport,80.13
43.247911,76.937769,2026-03-31T21:34:56+05:00,Tuesday,1,0,3,21,late_evening,human,70.75
43.239124,76.915035,2026-01-31T08:55:37+05:00,Saturday,5,1,1,8,morning,transport,66.96
43.238118,76.930118,2025-12-12T21:13:31+05:00,Friday,4,0,12,21,late_evening,alert,66.01
43.239416,76.921444,2026-04-28T06:32:16+05:00,Tuesday,1,0,4,6,morning,transport,60.56
43.343146,76.949031,2026-04-09T09:30:19+05:00,Thursday,3,0,4,9,morning,transport,75.95
43.263018,76.964738,2025-12-28T20:39:57+05:00,Sunday,6,1,12,20,evening,others,48.1
43.251279,76.942514,2026-02-28T10:45:35+05:00,Saturday,5,1,2,10,morning,alert,70.07
43.23748,76.914004,2026-02-01T18:05:39+05:00,Sunday,6,1,2,18,evening,building_noise,65.11
43.258737,76.976766,2026-03-04T07:53:23+05:00,Wednesday,2,0,3,7,morning,animals,35.0
43.356777,77.042931,2026-02-03T17:00:59+05:00,Tuesday,1,0,2,17,evening,alert,84.43
43.2636,76.925782,2026-04-02T19:08:53+05:00,Thursday,3,0,4,19,evening,human,72.5
43.251407,76.945941,2025-11-17T15:26:14+05:00,Monday,0,0,11,15,daytime,human,60.49
43.23945,76.930638,2026-02-12T17:59:59+05:00,Thursday,3,0,2,17,evening,alert,69.23
43.25259,76.946542,2026-02-07T02:16:42+05:00,Saturday,5,1,2,2,night,human,57.62
43.222336,76.903557,2025-11-13T16:32:28+05:00,Thursday,3,0,11,16,daytime,human,46.87
43.214662,76.929044,2026-04-24T17:32:36+05:00,Friday,4,0,4,17,evening,transport,77.88
43.238453,76.916769,2026-02-20T21:49:49+05:00,Friday,4,0,2,21,late_evening,transport,57.23
43.236068,76.956117,2025-11-29T18:44:38+05:00,Saturday,5,1,11,18,evening,human,64.77
43.283408,76.888479,2025-11-15T13:49:14+05:00,Saturday,5,1,11,13,daytime,building_noise,76.74
43.358438,77.039015,2025-11-06T17:48:13+05:00,Thursday,3,0,11,17,evening,transport,73.05
43.281803,76.894798,2025-12-11T11:05:30+05:00,Thursday,3,0,12,11,daytime,building_noise,71.66
43.236064,76.930471,2025-12-04T19:44:12+05:00,Thursday,3,0,12,19,evening,alert,76.07
43.285091,76.891991,2026-03-28T15:09:05+05:00,Saturday,5,1,3,15,daytime,building_noise,76.92
43.23687,76.976428,2026-02-03T18:06:17+05:00,Tuesday,1,0,2,18,evening,human,55.03
43.238931,76.928429,2026-01-05T22:32:05+05:00,Monday,0,0,1,22,late_evening,alert,70.39
43.236622,76.957075,2025-12-26T01:05:29+05:00,Friday,4,0,12,1,night,human,55.55
43.339718,76.945693,2026-03-21T08:07:06+05:00,Saturday,5,1,3,8,morning,transport,73.4
43.261353,76.97473,2026-03-25T09:22:01+05:00,Wednesday,2,0,3,9,morning,animals,39.3
43.259711,76.968159,2026-01-10T11:35:56+05:00,Saturday,5,1,1,11,daytime,animals,47.76
43.259135,76.97597,2026-03-05T22:53:17+05:00,Thursday,3,0,3,22,late_evening,animals,38.59
43.225552,76.899529,2026-02-10T22:41:37+05:00,Tuesday,1,0,2,22,late_evening,others,45.85
43.266326,76.929227,2025-11-01T18:25:41+05:00,Saturday,5,1,11,18,evening,human,65.81
43.233263,76.92228,2025-12-20T18:32:41+05:00,Saturday,5,1,12,18,evening,transport,73.43
43.23892,76.923156,2026-01-12T09:02:30+05:00,Monday,0,0,1,9,morning,transport,78.43
43.223178,76.899734,2026-01-09T21:02:36+05:00,Friday,4,0,1,21,late_evening,others,45.42
43.235498,76.915847,2025-12-20T07:30:52+05:00,Saturday,5,1,12,7,morning,transport,60.63
43.241512,76.922952,2026-03-01T14:01:09+05:00,Sunday,6,1,3,14,daytime,human,62.94
43.282076,76.899606,2026-04-22T17:29:43+05:00,Wednesday,2,0,4,17,evening,building_noise,76.93
43.35131,77.039249,2026-01-06T22:17:41+05:00,Tuesday,1,0,1,22,late_evening,transport,72.47
43.34141,76.944779,2025-11-11T07:25:55+05:00,Tuesday,1,0,11,7,morning,transport,75.14
43.261601,76.8191,2026-04-18T10:20:56+05:00,Saturday,5,1,4,10,morning,human,55.35
43.265539,76.953548,2026-03-03T17:50:37+05:00,Tuesday,1,0,3,17,evening,human,72.59
43.237808,76.929948,2026-03-30T23:24:39+05:00,Monday,0,0,3,23,late_evening,alert,72.95
43.261306,76.973488,2026-02-01T08:30:55+05:00,Sunday,6,1,2,8,morning,animals,40.35
43.234051,76.97551,2025-11-03T06:42:32+05:00,Monday,0,0,11,6,morning,others,36.45
43.280997,76.893024,2026-01-14T17:08:46+05:00,Wednesday,2,0,1,17,evening,building_noise,79.34
43.346638,77.036471,2026-03-13T09:56:09+05:00,Friday,4,0,3,9,morning,transport,73.37
43.235459,76.972409,2025-11-27T08:47:00+05:00,Thursday,3,0,11,8,morning,others,43.03
43.221861,76.900298,2026-01-27T14:54:33+05:00,Tuesday,1,0,1,14,daytime,human,49.85
43.353808,77.040831,2026-02-01T22:50:45+05:00,Sunday,6,1,2,22,late_evening,transport,67.43
43.236122,76.916009,2026-02-08T04:57:24+05:00,Sunday,6,1,2,4,night,transport,43.15
43.257454,76.944379,2025-12-27T14:58:25+05:00,Saturday,5,1,12,14,daytime,human,59.2
43.239467,76.92154,2026-03-16T17:31:45+05:00,Monday,0,0,3,17,evening,transport,81.37
43.259963,76.970064,2026-02-16T20:24:47+05:00,Monday,0,0,2,20,evening,animals,35.53
43.222916,76.900046,2026-01-16T12:08:21+05:00,Friday,4,0,1,12,daytime,human,53.11
43.212854,76.928137,2025-11-13T18:58:41+05:00,Thursday,3,0,11,18,evening,transport,79.02
43.217377,76.926452,2025-12-30T06:41:29+05:00,Tuesday,1,0,12,6,morning,transport,65.85
43.234685,76.954797,2026-04-11T23:19:27+05:00,Saturday,5,1,4,23,late_evening,human,73.03
43.22072,76.905557,2026-04-09T20:21:17+05:00,Thursday,3,0,4,20,evening,others,49.2
43.266011,76.976817,2026-05-01T22:21:05+05:00,Friday,4,0,5,22,late_evening,animals,37.81
43.260668,76.965054,2026-02-15T16:05:02+05:00,Sunday,6,1,2,16,daytime,human,56.62
43.252317,76.945137,2026-04-05T20:01:12+05:00,Sunday,6,1,4,20,evening,human,66.07
43.237654,76.929111,2026-01-12T19:08:17+05:00,Monday,0,0,1,19,evening,alert,75.81
43.23957,76.931231,2026-03-21T09:59:23+05:00,Saturday,5,1,3,9,morning,alert,67.13
43.239376,76.922705,2026-02-19T07:31:22+05:00,Thursday,3,0,2,7,morning,transport,79.1
43.236611,76.954546,2026-04-16T19:29:50+05:00,Thursday,3,0,4,19,evening,others,70.39
43.248819,76.940195,2026-03-16T06:49:10+05:00,Monday,0,0,3,6,morning,human,64.93
43.264718,76.821265,2026-04-06T23:31:22+05:00,Monday,0,0,4,23,late_evening,transport,58.9
43.22163,76.901265,2025-11-13T17:00:18+05:00,Thursday,3,0,11,17,evening,transport,58.15
43.261177,76.955161,2025-11-13T18:56:24+05:00,Thursday,3,0,11,18,evening,human,66.8
43.347256,77.045176,2025-12-17T08:14:13+05:00,Wednesday,2,0,12,8,morning,transport,79.04
43.350262,77.035413,2026-04-20T07:42:45+05:00,Monday,0,0,4,7,morning,transport,82.62
43.259938,76.944453,2026-04-15T20:45:44+05:00,Wednesday,2,0,4,20,evening,alert,70.76
43.218357,76.927981,2026-05-07T08:01:11+05:00,Thursday,3,0,5,8,morning,transport,76.76
43.237547,76.922426,2025-12-09T07:37:05+05:00,Tuesday,1,0,12,7,morning,transport,80.11
43.264169,76.927123,2026-02-22T16:55:34+05:00,Sunday,6,1,2,16,daytime,human,66.09
43.256439,76.972035,2025-11-27T14:05:07+05:00,Thursday,3,0,11,14,daytime,human,54.67
43.239402,76.930134,2026-05-09T20:23:42+05:00,Saturday,5,1,5,20,evening,alert,65.54
43.251543,76.946281,2026-02-26T14:06:10+05:00,Thursday,3,0,2,14,daytime,human,58.56
43.224075,76.903607,2025-12-30T20:09:21+05:00,Tuesday,1,0,12,20,evening,others,50.33
43.286354,76.892209,2026-03-24T12:53:43+05:00,Tuesday,1,0,3,12,daytime,building_noise,70.04
43.236961,76.977099,2026-03-19T00:21:53+05:00,Thursday,3,0,3,0,night,animals,35.0
43.265022,76.823966,2025-12-31T19:18:31+05:00,Wednesday,2,0,12,19,evening,human,63.63
43.338245,76.947412,2025-12-10T08:32:41+05:00,Wednesday,2,0,12,8,morning,transport,76.28
43.235965,76.922628,2025-12-02T07:37:38+05:00,Tuesday,1,0,12,7,morning,transport,78.11
43.253045,76.944793,2026-01-29T20:10:32+05:00,Thursday,3,0,1,20,evening,building_noise,71.16
43.232146,76.978116,2025-12-29T18:10:22+05:00,Monday,0,0,12,18,evening,human,55.93
43.259679,76.944931,2026-05-07T08:14:03+05:00,Thursday,3,0,5,8,morning,human,63.25
43.218676,76.901342,2026-02-06T21:21:40+05:00,Friday,4,0,2,21,late_evening,others,43.2
43.283541,76.895782,2026-01-03T22:04:31+05:00,Saturday,5,1,1,22,late_evening,transport,61.64
43.25349,76.946544,2025-12-12T21:05:37+05:00,Friday,4,0,12,21,late_evening,human,72.09
43.250032,76.859075,2025-11-26T23:44:31+05:00,Wednesday,2,0,11,23,late_evening,human,68.79
43.235046,76.959333,2026-04-14T16:28:00+05:00,Tuesday,1,0,4,16,daytime,human,58.87
43.254853,76.943855,2026-01-20T14:43:14+05:00,Tuesday,1,0,1,14,daytime,human,66.5
43.214784,76.928778,2026-02-03T17:46:11+05:00,Tuesday,1,0,2,17,evening,transport,84.07
43.237399,76.925001,2026-04-15T13:27:28+05:00,Wednesday,2,0,4,13,daytime,transport,69.8
43.247431,76.864054,2026-02-19T11:43:43+05:00,Thursday,3,0,2,11,daytime,others,66.16
43.28756,76.898519,2026-04-13T17:37:54+05:00,Monday,0,0,4,17,evening,building_noise,78.13
43.233951,76.955037,2026-05-09T11:33:12+05:00,Saturday,5,1,5,11,daytime,human,62.68
43.236976,76.919387,2026-01-05T11:05:00+05:00,Monday,0,0,1,11,daytime,transport,72.47
43.222909,76.934279,2025-12-07T07:49:33+05:00,Sunday,6,1,12,7,morning,transport,66.45
43.260722,76.975362,2026-03-09T09:39:39+05:00,Monday,0,0,3,9,morning,animals,35.0
43.253768,76.945929,2026-01-02T23:10:58+05:00,Friday,4,0,1,23,late_evening,human,72.9
43.244805,76.861468,2025-12-03T17:26:28+05:00,Wednesday,2,0,12,17,evening,transport,79.38
43.26282,76.952667,2026-05-05T18:32:05+05:00,Tuesday,1,0,5,18,evening,human,67.5
43.285437,76.899626,2026-03-25T08:55:50+05:00,Wednesday,2,0,3,8,morning,building_noise,78.21
43.241098,76.925024,2025-12-15T15:05:05+05:00,Monday,0,0,12,15,daytime,transport,72.05
43.238336,76.86286,2026-03-12T21:25:46+05:00,Thursday,3,0,3,21,late_evening,others,64.21
43.234236,76.976262,2026-01-12T17:25:50+05:00,Monday,0,0,1,17,evening,human,51.21
43.21504,76.931978,2025-11-21T20:33:11+05:00,Friday,4,0,11,20,evening,transport,75.02
43.237002,76.929007,2025-12-28T20:43:49+05:00,Sunday,6,1,12,20,evening,alert,70.0
43.24014,76.919867,2026-04-14T00:26:51+05:00,Tuesday,1,0,4,0,night,transport,56.58
43.236231,76.957974,2026-02-09T18:42:56+05:00,Monday,0,0,2,18,evening,transport,76.39
43.223402,76.898632,2026-04-14T11:38:50+05:00,Tuesday,1,0,4,11,daytime,human,54.62
43.233524,76.917271,2026-04-04T10:06:12+05:00,Saturday,5,1,4,10,morning,alert,66.53
43.239929,76.921613,2025-12-26T07:57:45+05:00,Friday,4,0,12,7,morning,transport,74.32
43.218503,76.929118,2025-12-04T01:22:25+05:00,Thursday,3,0,12,1,night,transport,62.83
43.219901,76.924211,2025-12-29T05:00:05+05:00,Monday,0,0,12,5,night,transport,60.33
43.236199,76.953151,2026-05-04T19:19:30+05:00,Monday,0,0,5,19,evening,transport,75.97
43.346254,77.045842,2026-03-30T18:27:12+05:00,Monday,0,0,3,18,evening,transport,78.99
43.26348,76.825067,2026-01-08T07:54:42+05:00,Thursday,3,0,1,7,morning,human,51.47
43.28399,76.891036,2026-03-31T10:34:15+05:00,Tuesday,1,0,3,10,morning,building_noise,74.82
43.287304,76.898577,2026-04-13T17:30:54+05:00,Monday,0,0,4,17,evening,building_noise,78.34
43.235065,76.918025,2025-11-29T23:03:17+05:00,Saturday,5,1,11,23,late_evening,transport,67.0
43.249122,76.938674,2026-02-07T20:32:25+05:00,Saturday,5,1,2,20,evening,human,71.1
43.217165,76.933448,2026-05-04T16:53:04+05:00,Monday,0,0,5,16,daytime,others,68.26
43.249753,76.940889,2026-01-27T19:44:04+05:00,Tuesday,1,0,1,19,evening,human,68.57
43.262133,76.954765,2026-02-12T18:27:27+05:00,Thursday,3,0,2,18,evening,human,68.79
43.238464,76.919109,2025-12-08T20:12:13+05:00,Monday,0,0,12,20,evening,others,51.08
43.260091,76.953238,2026-05-07T18:40:44+05:00,Thursday,3,0,5,18,evening,human,67.41
43.259206,76.944772,2025-12-22T22:57:48+05:00,Monday,0,0,12,22,late_evening,human,63.66
43.256576,76.973475,2026-01-29T23:56:36+05:00,Thursday,3,0,1,23,late_evening,animals,35.0
43.258763,76.973162,2025-11-09T00:37:37+05:00,Sunday,6,1,11,0,night,animals,36.39
43.248793,76.943383,2026-01-14T23:40:29+05:00,Wednesday,2,0,1,23,late_evening,human,69.97
43.259606,76.944748,2026-04-15T20:47:44+05:00,Wednesday,2,0,4,20,evening,alert,72.09
43.240058,76.931104,2026-02-27T23:41:00+05:00,Friday,4,0,2,23,late_evening,transport,55.78
43.215666,76.926892,2026-01-01T18:13:14+05:00,Thursday,3,0,1,18,evening,transport,79.42
43.256176,76.945505,2026-04-21T13:03:58+05:00,Tuesday,1,0,4,13,daytime,human,58.19
43.241799,76.920177,2025-12-06T00:56:53+05:00,Saturday,5,1,12,0,night,transport,51.82
43.282265,76.890602,2025-11-25T19:23:21+05:00,Tuesday,1,0,11,19,evening,transport,66.68
43.242328,76.861501,2026-02-24T09:42:24+05:00,Tuesday,1,0,2,9,morning,building_noise,77.04
43.242797,76.866743,2026-01-06T17:58:00+05:00,Tuesday,1,0,1,17,evening,building_noise,81.83
43.236148,76.916843,2026-01-31T21:09:01+05:00,Saturday,5,1,1,21,late_evening,transport,60.34
43.234966,76.977039,2026-02-27T17:59:28+05:00,Friday,4,0,2,17,evening,human,58.78
43.217776,76.928593,2025-11-23T20:27:06+05:00,Sunday,6,1,11,20,evening,transport,72.54
43.258694,76.970956,2026-04-25T19:50:03+05:00,Saturday,5,1,4,19,evening,human,64.01
43.262336,76.956176,2026-03-06T08:54:29+05:00,Friday,4,0,3,8,morning,others,52.84
43.233936,76.976113,2025-11-03T06:37:32+05:00,Monday,0,0,11,6,morning,others,36.13
43.24232,76.931246,2025-11-09T13:38:55+05:00,Sunday,6,1,11,13,daytime,transport,57.23
43.263394,76.955456,2026-02-23T12:10:27+05:00,Monday,0,0,2,12,daytime,transport,54.86
43.259804,76.972921,2026-02-15T22:25:02+05:00,Sunday,6,1,2,22,late_evening,animals,35.0
43.236633,76.918788,2026-04-15T07:41:44+05:00,Wednesday,2,0,4,7,morning,transport,79.75
43.263416,76.931247,2025-11-12T20:15:59+05:00,Wednesday,2,0,11,20,evening,human,61.2
43.242817,76.860079,2026-03-31T08:06:38+05:00,Tuesday,1,0,3,8,morning,transport,75.88
43.279427,76.889101,2025-11-01T18:50:33+05:00,Saturday,5,1,11,18,evening,building_noise,71.13
43.23877,76.931524,2026-05-07T19:16:54+05:00,Thursday,3,0,5,19,evening,transport,71.56
43.257589,76.970881,2026-02-19T08:21:47+05:00,Thursday,3,0,2,8,morning,animals,40.13
43.251229,76.940022,2025-11-03T20:53:30+05:00,Monday,0,0,11,20,evening,human,68.96
43.262157,76.953644,2025-11-27T08:06:47+05:00,Thursday,3,0,11,8,morning,others,52.7
43.247553,76.859437,2026-03-19T08:55:11+05:00,Thursday,3,0,3,8,morning,transport,78.15
43.238847,76.919179,2026-02-23T08:30:09+05:00,Monday,0,0,2,8,morning,transport,68.66
43.265276,76.824816,2025-11-11T20:46:07+05:00,Tuesday,1,0,11,20,evening,human,59.4
43.35501,77.041183,2025-11-06T18:33:58+05:00,Thursday,3,0,11,18,evening,transport,74.61
43.231901,76.977849,2026-03-20T07:56:20+05:00,Friday,4,0,3,7,morning,others,48.66
43.235627,76.977846,2026-04-01T09:23:04+05:00,Wednesday,2,0,4,9,morning,others,48.3
43.235031,76.954717,2025-12-27T08:06:59+05:00,Saturday,5,1,12,8,morning,human,68.34
43.239504,76.928073,2026-02-08T11:27:42+05:00,Sunday,6,1,2,11,daytime,transport,61.82
43.240479,76.917501,2025-11-02T21:55:38+05:00,Sunday,6,1,11,21,late_evening,building_noise,64.0
43.261128,76.821461,2025-11-01T10:58:07+05:00,Saturday,5,1,11,10,morning,human,59.1
43.239417,76.930482,2026-04-14T12:15:37+05:00,Tuesday,1,0,4,12,daytime,transport,63.6
43.237071,76.916669,2025-12-08T07:04:49+05:00,Monday,0,0,12,7,morning,transport,72.58
43.241086,76.931273,2026-02-20T09:42:24+05:00,Friday,4,0,2,9,morning,alert,79.65
43.285767,76.895264,2025-11-30T08:32:44+05:00,Sunday,6,1,11,8,morning,transport,67.24
43.221376,76.900086,2025-11-17T18:21:23+05:00,Monday,0,0,11,18,evening,human,54.31
43.250138,76.939974,2026-01-18T07:04:43+05:00,Sunday,6,1,1,7,morning,transport,69.32
43.236567,76.919983,2026-01-16T17:04:59+05:00,Friday,4,0,1,17,evening,transport,82.0
43.284807,76.892493,2026-03-31T09:15:40+05:00,Tuesday,1,0,3,9,morning,building_noise,80.08
43.235278,76.976474,2026-01-12T08:03:16+05:00,Monday,0,0,1,8,morning,others,45.62
43.251391,76.86188,2026-04-17T17:05:55+05:00,Friday,4,0,4,17,evening,alert,81.23
43.217175,76.929857,2025-12-03T17:33:28+05:00,Wednesday,2,0,12,17,evening,transport,85.05
43.286214,76.905208,2026-04-16T13:46:13+05:00,Thursday,3,0,4,13,daytime,building_noise,66.22
43.238832,76.922301,2026-01-03T15:08:44+05:00,Saturday,5,1,1,15,daytime,transport,68.7
43.240492,76.923083,2025-11-26T14:17:31+05:00,Wednesday,2,0,11,14,daytime,transport,67.53
43.238451,76.922145,2025-11-05T19:20:09+05:00,Wednesday,2,0,11,19,evening,transport,76.82
43.252685,76.944643,2026-02-04T08:58:25+05:00,Wednesday,2,0,2,8,morning,human,69.12
43.260045,76.976143,2026-03-08T07:04:28+05:00,Sunday,6,1,3,7,morning,animals,41.23
43.239522,76.928121,2026-02-16T13:59:05+05:00,Monday,0,0,2,13,daytime,alert,67.0
43.255932,76.967651,2026-03-30T09:16:49+05:00,Monday,0,0,3,9,morning,others,47.58
43.267606,76.821362,2026-01-13T12:43:47+05:00,Tuesday,1,0,1,12,daytime,human,51.86
43.25361,76.945048,2025-11-14T07:48:58+05:00,Friday,4,0,11,7,morning,building_noise,72.34
43.258967,76.970853,2026-02-06T15:59:27+05:00,Friday,4,0,2,15,daytime,human,53.91
43.266971,76.925891,2026-04-23T18:13:45+05:00,Thursday,3,0,4,18,evening,human,68.41
43.279268,76.898209,2026-03-16T17:26:09+05:00,Monday,0,0,3,17,evening,building_noise,79.66
43.257945,76.943903,2026-05-07T22:49:41+05:00,Thursday,3,0,5,22,late_evening,human,66.99
43.240557,76.925195,2025-12-15T13:04:28+05:00,Monday,0,0,12,13,daytime,transport,71.8
43.222045,76.904302,2026-03-03T18:48:11+05:00,Tuesday,1,0,3,18,evening,animals,47.65
43.232589,76.95526,2026-02-25T08:58:31+05:00,Wednesday,2,0,2,8,morning,others,68.13
43.341053,76.948354,2026-04-27T08:40:44+05:00,Monday,0,0,4,8,morning,transport,77.93
43.261989,76.823675,2026-01-26T19:42:20+05:00,Monday,0,0,1,19,evening,human,56.58
43.262602,76.820135,2026-01-07T09:25:32+05:00,Wednesday,2,0,1,9,morning,human,57.87
43.240766,76.92925,2026-03-11T09:38:08+05:00,Wednesday,2,0,3,9,morning,alert,75.92
43.239932,76.919406,2026-03-08T07:41:26+05:00,Sunday,6,1,3,7,morning,transport,67.47
43.25331,76.943646,2026-03-11T23:26:51+05:00,Wednesday,2,0,3,23,late_evening,human,67.82
43.217402,76.928967,2026-01-15T10:22:01+05:00,Thursday,3,0,1,10,morning,building_noise,78.58
43.260328,76.953498,2025-11-01T14:13:08+05:00,Saturday,5,1,11,14,daytime,human,66.09
43.23743,76.915632,2026-03-31T16:16:38+05:00,Tuesday,1,0,3,16,daytime,human,58.88
43.238208,76.930399,2025-12-12T21:13:31+05:00,Friday,4,0,12,21,late_evening,alert,65.25
43.248667,76.937158,2025-12-29T12:54:17+05:00,Monday,0,0,12,12,daytime,human,68.44
43.238335,76.922108,2025-12-29T19:50:24+05:00,Monday,0,0,12,19,evening,transport,77.6
43.261871,76.970913,2026-01-09T06:24:00+05:00,Friday,4,0,1,6,morning,others,36.28
43.283501,76.89156,2026-03-31T10:38:15+05:00,Tuesday,1,0,3,10,morning,building_noise,75.18
43.234663,76.914752,2025-11-24T19:03:09+05:00,Monday,0,0,11,19,evening,transport,85.51
43.21553,76.929371,2026-02-25T22:19:58+05:00,Wednesday,2,0,2,22,late_evening,transport,73.14
43.237403,76.931644,2025-11-27T23:20:58+05:00,Thursday,3,0,11,23,late_evening,transport,62.36
43.238082,76.923187,2026-03-07T08:56:33+05:00,Saturday,5,1,3,8,morning,transport,71.64
43.25983,76.967135,2026-02-17T13:31:46+05:00,Tuesday,1,0,2,13,daytime,animals,46.69
43.27919,76.897859,2026-03-16T17:38:09+05:00,Monday,0,0,3,17,evening,building_noise,78.23
43.237116,76.925742,2025-11-23T17:40:18+05:00,Sunday,6,1,11,17,evening,transport,67.59
43.270014,76.818413,2026-03-11T19:17:01+05:00,Wednesday,2,0,3,19,evening,human,61.24
43.261339,76.955345,2025-11-26T10:02:38+05:00,Wednesday,2,0,11,10,morning,human,65.84
43.240018,76.925087,2026-01-08T18:27:51+05:00,Thursday,3,0,1,18,evening,alert,74.24
43.241511,76.928726,2025-11-10T10:37:59+05:00,Monday,0,0,11,10,morning,transport,60.75
43.261244,76.944728,2025-12-30T18:03:25+05:00,Tuesday,1,0,12,18,evening,human,69.17
43.248437,76.940401,2026-04-19T11:43:07+05:00,Sunday,6,1,4,11,daytime,human,68.26
43.223051,76.904266,2025-11-10T11:19:40+05:00,Monday,0,0,11,11,daytime,human,51.72
43.263808,76.823352,2026-04-14T21:26:01+05:00,Tuesday,1,0,4,21,late_evening,human,56.87
43.238049,76.922338,2025-11-16T17:51:36+05:00,Sunday,6,1,11,17,evening,transport,71.16
43.339253,76.949335,2026-03-28T08:49:06+05:00,Saturday,5,1,3,8,morning,building_noise,72.02
43.241418,76.918485,2026-04-26T14:51:26+05:00,Sunday,6,1,4,14,daytime,others,53.6
43.246417,76.856219,2026-03-29T20:14:16+05:00,Sunday,6,1,3,20,evening,transport,71.47
43.259335,76.971324,2026-04-17T07:04:01+05:00,Friday,4,0,4,7,morning,animals,41.8
43.251701,76.942445,2026-02-11T14:42:57+05:00,Wednesday,2,0,2,14,daytime,human,60.31
43.283079,76.894335,2025-12-30T09:14:54+05:00,Tuesday,1,0,12,9,morning,building_noise,77.81
43.265927,76.956508,2026-01-26T17:19:48+05:00,Monday,0,0,1,17,evening,human,60.9
43.261889,76.92884,2026-01-21T14:16:14+05:00,Wednesday,2,0,1,14,daytime,human,65.55
43.26309,76.926193,2026-01-23T23:42:07+05:00,Friday,4,0,1,23,late_evening,human,62.94
43.261803,76.953672,2026-02-05T21:47:37+05:00,Thursday,3,0,2,21,late_evening,building_noise,57.86
43.281853,76.89406,2025-11-19T09:06:38+05:00,Wednesday,2,0,11,9,morning,building_noise,71.36
43.248823,76.943782,2026-02-22T06:17:12+05:00,Sunday,6,1,2,6,morning,human,59.47
43.266618,76.928332,2025-12-18T08:05:54+05:00,Thursday,3,0,12,8,morning,human,59.87
43.252667,76.943776,2026-02-27T17:19:54+05:00,Friday,4,0,2,17,evening,human,64.57
43.352787,77.038792,2026-01-08T18:50:43+05:00,Thursday,3,0,1,18,evening,transport,76.37
43.219763,76.927679,2026-04-26T11:40:59+05:00,Sunday,6,1,4,11,daytime,transport,65.68
43.232837,76.977239,2026-03-12T07:21:43+05:00,Thursday,3,0,3,7,morning,others,45.64
43.282573,76.896889,2026-04-06T07:31:23+05:00,Monday,0,0,4,7,morning,building_noise,68.94
43.263938,76.929268,2025-12-27T16:25:16+05:00,Saturday,5,1,12,16,daytime,human,61.78
43.214193,76.931171,2025-11-13T07:45:10+05:00,Thursday,3,0,11,7,morning,transport,80.59
43.254063,76.944197,2025-12-23T10:31:03+05:00,Tuesday,1,0,12,10,morning,human,62.78
43.239499,76.926739,2026-02-07T19:46:14+05:00,Saturday,5,1,2,19,evening,alert,76.98
43.234693,76.976161,2025-11-14T11:36:27+05:00,Friday,4,0,11,11,daytime,others,45.38
43.263179,76.954161,2025-11-08T22:34:06+05:00,Saturday,5,1,11,22,late_evening,others,50.18
43.257631,76.944768,2025-11-16T18:16:48+05:00,Sunday,6,1,11,18,evening,human,69.92
43.258165,76.947351,2026-01-04T06:34:01+05:00,Sunday,6,1,1,6,morning,human,55.1
43.258111,76.943436,2026-01-17T21:47:34+05:00,Saturday,5,1,1,21,late_evening,human,64.45
43.254144,76.944139,2026-04-05T19:15:19+05:00,Sunday,6,1,4,19,evening,others,60.37
43.239553,76.928181,2025-11-08T09:18:16+05:00,Saturday,5,1,11,9,morning,alert,76.37
43.257798,76.946263,2025-11-12T21:47:12+05:00,Wednesday,2,0,11,21,late_evening,human,67.24
43.218075,76.930608,2026-04-08T10:49:51+05:00,Wednesday,2,0,4,10,morning,transport,69.5
43.257747,76.971037,2026-03-01T17:38:13+05:00,Sunday,6,1,3,17,evening,animals,54.15
43.240506,76.927844,2026-05-03T22:33:57+05:00,Sunday,6,1,5,22,late_evening,alert,72.16
43.245127,76.946254,2026-01-16T20:19:07+05:00,Friday,4,0,1,20,evening,human,74.62
43.254608,76.944527,2026-05-09T08:42:49+05:00,Saturday,5,1,5,8,morning,human,66.18
43.337259,76.950263,2025-11-28T18:16:14+05:00,Friday,4,0,11,18,evening,transport,79.07
43.264336,76.951979,2025-12-05T09:17:01+05:00,Friday,4,0,12,9,morning,human,66.41
43.235293,76.915838,2026-04-30T18:34:14+05:00,Thursday,3,0,4,18,evening,animals,51.41
43.280496,76.894046,2026-02-03T12:55:51+05:00,Tuesday,1,0,2,12,daytime,building_noise,70.79
43.254827,76.944742,2026-04-14T17:42:24+05:00,Tuesday,1,0,4,17,evening,transport,67.08
43.346691,76.95053,2026-01-03T12:57:56+05:00,Saturday,5,1,1,12,daytime,transport,65.8
43.349222,77.046066,2026-03-02T00:08:25+05:00,Monday,0,0,3,0,night,transport,52.58
43.234841,76.954388,2025-12-26T18:11:39+05:00,Friday,4,0,12,18,evening,building_noise,76.53
43.260963,76.972839,2025-12-28T23:46:34+05:00,Sunday,6,1,12,23,late_evening,animals,37.69
43.258558,76.943336,2026-01-17T20:59:19+05:00,Saturday,5,1,1,20,evening,human,67.68
43.258044,76.974024,2026-04-08T22:08:20+05:00,Wednesday,2,0,4,22,late_evening,animals,35.0
43.260711,76.972655,2025-11-16T13:44:37+05:00,Sunday,6,1,11,13,daytime,human,55.87
43.249118,76.942155,2026-03-11T17:02:37+05:00,Wednesday,2,0,3,17,evening,human,65.86
43.264394,76.925278,2026-03-27T20:29:47+05:00,Friday,4,0,3,20,evening,building_noise,62.39
43.263306,76.95464,2026-02-21T17:04:39+05:00,Saturday,5,1,2,17,evening,others,65.38
43.262986,76.954307,2026-05-09T15:42:56+05:00,Saturday,5,1,5,15,daytime,others,63.13
43.252055,76.942294,2026-04-28T20:37:48+05:00,Tuesday,1,0,4,20,evening,human,63.14
43.253129,76.942324,2026-02-16T11:50:28+05:00,Monday,0,0,2,11,daytime,human,63.59
43.260424,76.975112,2025-11-27T08:35:17+05:00,Thursday,3,0,11,8,morning,animals,38.72
43.237688,76.916206,2026-02-11T23:28:00+05:00,Wednesday,2,0,2,23,late_evening,others,61.41
43.238457,76.931719,2026-01-23T22:50:45+05:00,Friday,4,0,1,22,late_evening,building_noise,62.38
43.248785,76.940351,2025-12-29T08:04:23+05:00,Monday,0,0,12,8,morning,human,69.94
43.259962,76.973107,2026-03-25T07:35:20+05:00,Wednesday,2,0,3,7,morning,others,42.55
43.353777,77.036391,2026-03-26T20:40:56+05:00,Thursday,3,0,3,20,evening,transport,66.89
43.23961,76.928826,2026-01-31T19:00:28+05:00,Saturday,5,1,1,19,evening,alert,75.21
43.262641,76.952899,2026-04-23T12:34:53+05:00,Thursday,3,0,4,12,daytime,human,61.34
43.258949,76.97152,2026-02-12T16:48:34+05:00,Thursday,3,0,2,16,daytime,human,47.3
43.238584,76.922001,2026-01-11T17:40:54+05:00,Sunday,6,1,1,17,evening,transport,66.33
43.219283,76.899736,2026-03-27T08:31:47+05:00,Friday,4,0,3,8,morning,others,44.88
43.248602,76.864197,2026-05-05T09:39:34+05:00,Tuesday,1,0,5,9,morning,transport,75.08
43.24011,76.928385,2025-11-30T17:58:20+05:00,Sunday,6,1,11,17,evening,alert,69.06
43.226182,76.901036,2025-11-03T18:23:37+05:00,Monday,0,0,11,18,evening,human,56.99
43.25726,76.969608,2026-03-02T07:17:17+05:00,Monday,0,0,3,7,morning,others,49.97
43.259553,76.972826,2025-11-04T08:13:07+05:00,Tuesday,1,0,11,8,morning,animals,35.0
43.218275,76.93202,2026-02-19T09:00:08+05:00,Thursday,3,0,2,9,morning,transport,73.98
43.235283,76.917098,2026-01-03T20:37:25+05:00,Saturday,5,1,1,20,evening,transport,57.29
43.246007,76.855729,2026-01-21T08:38:44+05:00,Wednesday,2,0,1,8,morning,transport,74.56
43.26299,76.929482,2026-03-07T18:29:26+05:00,Saturday,5,1,3,18,evening,human,70.77
43.255075,76.966229,2026-04-27T20:59:34+05:00,Monday,0,0,4,20,evening,others,46.86
43.236778,76.918561,2026-01-10T06:22:29+05:00,Saturday,5,1,1,6,morning,transport,53.87
43.218723,76.925121,2025-11-13T17:15:14+05:00,Thursday,3,0,11,17,evening,transport,82.05
43.263488,76.926957,2025-12-12T15:35:44+05:00,Friday,4,0,12,15,daytime,human,60.64
43.257868,76.946107,2026-02-02T21:06:39+05:00,Monday,0,0,2,21,late_evening,human,71.86
43.286435,76.898978,2026-02-17T15:38:27+05:00,Tuesday,1,0,2,15,daytime,building_noise,70.91
43.256212,76.974914,2026-01-16T09:09:56+05:00,Friday,4,0,1,9,morning,animals,42.37
43.236401,76.957375,2025-12-12T21:17:12+05:00,Friday,4,0,12,21,late_evening,animals,54.63
43.220491,76.925759,2025-11-09T15:55:03+05:00,Sunday,6,1,11,15,daytime,transport,69.1
43.260866,76.969181,2026-03-27T08:44:54+05:00,Friday,4,0,3,8,morning,human,53.36
43.359727,77.048652,2026-03-22T16:12:27+05:00,Sunday,6,1,3,16,daytime,transport,67.44
43.277488,76.888661,2026-04-30T12:10:21+05:00,Thursday,3,0,4,12,daytime,building_noise,74.37
43.239484,76.929907,2026-05-05T08:07:48+05:00,Tuesday,1,0,5,8,morning,alert,72.81
43.262504,76.970199,2025-11-02T17:50:10+05:00,Sunday,6,1,11,17,evening,human,65.02
43.239802,76.930014,2026-05-04T07:25:26+05:00,Monday,0,0,5,7,morning,transport,62.03
43.248426,76.861313,2026-01-06T19:54:10+05:00,Tuesday,1,0,1,19,evening,transport,77.91
43.261979,76.823767,2025-12-22T10:39:33+05:00,Monday,0,0,12,10,morning,human,59.35
43.259096,76.965666,2025-11-29T20:39:32+05:00,Saturday,5,1,11,20,evening,others,47.51
43.233558,76.957214,2026-01-25T22:05:35+05:00,Sunday,6,1,1,22,late_evening,human,73.69
43.26372,76.817827,2025-11-14T17:33:15+05:00,Friday,4,0,11,17,evening,human,65.26
43.257364,76.974883,2026-03-17T20:26:01+05:00,Tuesday,1,0,3,20,evening,others,40.81
43.236706,76.916749,2026-05-02T16:38:48+05:00,Saturday,5,1,5,16,daytime,others,58.28
43.237509,76.91759,2026-04-19T23:29:41+05:00,Sunday,6,1,4,23,late_evening,transport,61.29
43.264374,76.952644,2026-02-25T11:23:16+05:00,Wednesday,2,0,2,11,daytime,human,65.32
43.250336,76.945039,2026-01-28T06:16:20+05:00,Wednesday,2,0,1,6,morning,human,61.36
43.235114,76.975911,2025-12-03T23:16:03+05:00,Wednesday,2,0,12,23,late_evening,others,39.3
43.2631,76.822541,2026-02-26T16:40:06+05:00,Thursday,3,0,2,16,daytime,human,62.08
43.239766,76.921925,2026-05-07T07:44:45+05:00,Thursday,3,0,5,7,morning,transport,75.92
43.233071,76.954739,2026-04-12T20:51:34+05:00,Sunday,6,1,4,20,evening,human,63.87
43.240257,76.931558,2026-01-10T08:19:42+05:00,Saturday,5,1,1,8,morning,alert,69.37
43.217798,76.927616,2025-12-22T00:53:01+05:00,Monday,0,0,12,0,night,transport,58.4
43.22137,76.90388,2026-02-27T12:56:29+05:00,Friday,4,0,2,12,daytime,human,51.26
43.249469,76.937716,2026-02-10T17:35:03+05:00,Tuesday,1,0,2,17,evening,human,67.17
43.220635,76.928601,2026-02-06T08:27:41+05:00,Friday,4,0,2,8,morning,transport,76.31
43.280648,76.893831,2026-02-13T15:11:18+05:00,Friday,4,0,2,15,daytime,building_noise,75.82
43.280043,76.894377,2025-11-03T10:22:38+05:00,Monday,0,0,11,10,morning,building_noise,71.29
43.35224,77.040037,2026-01-04T17:39:42+05:00,Sunday,6,1,1,17,evening,transport,69.03
43.237173,76.914401,2026-02-01T18:16:39+05:00,Sunday,6,1,2,18,evening,building_noise,65.47
43.235716,76.914675,2025-11-04T13:02:57+05:00,Tuesday,1,0,11,13,daytime,transport,57.88
43.236344,76.920989,2026-02-10T18:13:44+05:00,Tuesday,1,0,2,18,evening,transport,82.28
43.261661,76.974789,2026-03-25T09:28:01+05:00,Wednesday,2,0,3,9,morning,animals,37.92
43.2527,76.944831,2026-02-01T13:50:18+05:00,Sunday,6,1,2,13,daytime,transport,66.62
43.24315,76.858926,2026-01-02T11:36:02+05:00,Friday,4,0,1,11,daytime,others,66.14
43.258279,76.97179,2026-01-17T18:32:09+05:00,Saturday,5,1,1,18,evening,human,55.3
43.247252,76.864952,2026-02-17T18:37:13+05:00,Tuesday,1,0,2,18,evening,transport,76.0
43.262707,76.954537,2026-03-01T17:57:31+05:00,Sunday,6,1,3,17,evening,human,71.05
43.237705,76.959343,2026-01-26T07:29:43+05:00,Monday,0,0,1,7,morning,transport,70.44
43.249729,76.94374,2025-12-06T20:24:01+05:00,Saturday,5,1,12,20,evening,human,74.86
43.251381,76.945299,2026-02-23T22:42:57+05:00,Monday,0,0,2,22,late_evening,human,65.67
43.221538,76.903591,2026-03-12T06:21:15+05:00,Thursday,3,0,3,6,morning,others,39.76
43.231473,76.973407,2026-01-04T08:34:45+05:00,Sunday,6,1,1,8,morning,others,45.21
43.265421,76.928075,2026-04-29T18:26:16+05:00,Wednesday,2,0,4,18,evening,human,66.22
43.262341,76.9519,2026-01-26T14:20:57+05:00,Monday,0,0,1,14,daytime,human,58.16
43.240395,76.922355,2026-04-29T17:33:34+05:00,Wednesday,2,0,4,17,evening,transport,76.83
43.257262,76.970445,2026-03-01T17:56:13+05:00,Sunday,6,1,3,17,evening,animals,55.4
43.214184,76.925969,2026-02-10T07:17:28+05:00,Tuesday,1,0,2,7,morning,transport,83.09
43.259065,76.965536,2026-02-20T09:09:44+05:00,Friday,4,0,2,9,morning,others,49.78
43.253729,76.943187,2025-12-31T15:37:55+05:00,Wednesday,2,0,12,15,daytime,human,62.73
43.246758,76.94152,2026-01-04T18:35:20+05:00,Sunday,6,1,1,18,evening,human,69.07
43.238251,76.91834,2025-12-16T06:36:19+05:00,Tuesday,1,0,12,6,morning,transport,61.57
43.260067,76.966054,2026-04-05T14:47:35+05:00,Sunday,6,1,4,14,daytime,human,60.39
43.264765,76.955068,2026-04-20T06:53:07+05:00,Monday,0,0,4,6,morning,others,42.24
43.263712,76.928695,2026-03-23T22:41:14+05:00,Monday,0,0,3,22,late_evening,human,62.41
43.25105,76.947308,2026-01-21T07:22:08+05:00,Wednesday,2,0,1,7,morning,human,69.08
43.240272,76.92896,2026-03-20T09:18:17+05:00,Friday,4,0,3,9,morning,alert,74.99
43.237033,76.95692,2026-01-08T18:33:37+05:00,Thursday,3,0,1,18,evening,others,69.3
43.251247,76.940914,2025-12-20T12:27:35+05:00,Saturday,5,1,12,12,daytime,human,65.55
43.259792,76.97527,2026-04-03T20:44:13+05:00,Friday,4,0,4,20,evening,animals,36.22
43.233119,76.977804,2026-04-23T23:15:18+05:00,Thursday,3,0,4,23,late_evening,others,43.39
43.237845,76.956248,2025-12-24T19:17:34+05:00,Wednesday,2,0,12,19,evening,transport,73.41
43.238774,76.923727,2026-04-02T21:43:02+05:00,Thursday,3,0,4,21,late_evening,transport,68.01
43.249982,76.938899,2025-12-18T17:18:21+05:00,Thursday,3,0,12,17,evening,human,68.35
43.260195,76.943749,2026-01-24T16:05:46+05:00,Saturday,5,1,1,16,daytime,human,64.35
43.260687,76.966357,2025-12-20T17:39:56+05:00,Saturday,5,1,12,17,evening,human,60.68
43.260654,76.961858,2026-04-05T20:40:01+05:00,Sunday,6,1,4,20,evening,building_noise,52.42
43.25255,76.94789,2026-03-21T13:32:19+05:00,Saturday,5,1,3,13,daytime,others,58.24
43.237562,76.930812,2026-04-24T08:25:02+05:00,Friday,4,0,4,8,morning,alert,80.56
43.222041,76.902599,2025-11-19T05:52:18+05:00,Wednesday,2,0,11,5,night,others,38.34
43.263894,76.925329,2026-03-03T09:21:54+05:00,Tuesday,1,0,3,9,morning,others,59.01
43.217609,76.900991,2026-04-03T22:53:14+05:00,Friday,4,0,4,22,late_evening,others,48.0
43.262742,76.95401,2026-04-25T08:06:46+05:00,Saturday,5,1,4,8,morning,others,55.87
43.238407,76.928826,2026-01-03T23:13:37+05:00,Saturday,5,1,1,23,late_evening,transport,62.55
43.278638,76.890242,2026-03-08T14:43:54+05:00,Sunday,6,1,3,14,daytime,transport,58.29
43.222721,76.903836,2026-04-16T23:14:53+05:00,Thursday,3,0,4,23,late_evening,others,41.13
43.350778,77.038784,2026-02-15T21:01:51+05:00,Sunday,6,1,2,21,late_evening,transport,62.88
43.265654,76.820918,2025-12-09T04:56:07+05:00,Tuesday,1,0,12,4,night,human,36.5
43.282034,76.889239,2026-03-10T09:06:04+05:00,Tuesday,1,0,3,9,morning,others,64.8
43.238031,76.92886,2026-01-27T17:53:03+05:00,Tuesday,1,0,1,17,evening,alert,74.36
43.282616,76.888349,2025-12-25T13:08:31+05:00,Thursday,3,0,12,13,daytime,building_noise,72.12
43.266431,76.82255,2026-02-21T22:32:53+05:00,Saturday,5,1,2,22,late_evening,alert,76.09
43.262225,76.925105,2025-12-19T10:32:48+05:00,Friday,4,0,12,10,morning,human,59.38
43.251865,76.944095,2026-05-06T09:15:34+05:00,Wednesday,2,0,5,9,morning,alert,73.25
43.263423,76.955151,2025-12-16T18:52:22+05:00,Tuesday,1,0,12,18,evening,human,70.28
43.259812,76.972987,2026-02-15T22:35:02+05:00,Sunday,6,1,2,22,late_evening,animals,35.11
43.220293,76.900461,2026-01-26T09:33:11+05:00,Monday,0,0,1,9,morning,others,47.86
43.218902,76.9284,2026-02-20T08:12:35+05:00,Friday,4,0,2,8,morning,transport,81.95
43.230784,76.953744,2025-12-06T00:57:53+05:00,Saturday,5,1,12,0,night,human,58.34
43.215563,76.92908,2026-01-18T08:40:29+05:00,Sunday,6,1,1,8,morning,transport,74.73
43.23733,76.930541,2026-02-15T07:44:30+05:00,Sunday,6,1,2,7,morning,transport,65.25
43.218315,76.930927,2025-12-14T07:45:51+05:00,Sunday,6,1,12,7,morning,transport,70.93
43.236407,76.917687,2026-03-21T17:22:31+05:00,Saturday,5,1,3,17,evening,alert,70.8
43.239798,76.929218,2025-12-03T09:29:08+05:00,Wednesday,2,0,12,9,morning,alert,72.73
43.286361,76.895693,2026-01-19T14:40:50+05:00,Monday,0,0,1,14,daytime,building_noise,74.09
43.263639,76.925014,2025-12-22T17:53:00+05:00,Monday,0,0,12,17,evening,human,68.28
43.256003,76.969749,2025-11-11T10:07:20+05:00,Tuesday,1,0,11,10,morning,animals,47.98
43.263331,76.964371,2025-12-28T20:29:57+05:00,Sunday,6,1,12,20,evening,others,48.74
43.260475,76.970107,2025-11-21T15:18:34+05:00,Friday,4,0,11,15,daytime,human,56.45
43.262766,76.9537,2026-01-01T18:08:03+05:00,Thursday,3,0,1,18,evening,human,71.33
43.221771,76.931629,2026-04-18T11:11:54+05:00,Saturday,5,1,4,11,daytime,transport,67.91
43.281845,76.894116,2025-11-12T06:28:46+05:00,Wednesday,2,0,11,6,morning,transport,56.44
43.23713,76.915178,2026-04-03T23:03:01+05:00,Friday,4,0,4,23,late_evening,transport,55.32
43.236823,76.960427,2026-03-21T23:02:05+05:00,Saturday,5,1,3,23,late_evening,human,73.69
43.282726,76.890612,2025-12-26T17:33:57+05:00,Friday,4,0,12,17,evening,building_noise,78.2
43.260037,76.945224,2026-03-30T08:35:42+05:00,Monday,0,0,3,8,morning,human,61.04
43.237235,76.919318,2025-11-01T10:17:49+05:00,Saturday,5,1,11,10,morning,transport,61.43
43.259507,76.965106,2026-01-27T09:38:47+05:00,Tuesday,1,0,1,9,morning,others,50.38
43.259305,76.943091,2025-12-27T07:04:26+05:00,Saturday,5,1,12,7,morning,human,67.54
43.247519,76.864998,2025-12-25T18:26:47+05:00,Thursday,3,0,12,18,evening,transport,77.08
43.245623,76.865223,2026-01-25T08:23:35+05:00,Sunday,6,1,1,8,morning,transport,76.38
43.258175,76.946602,2026-04-28T08:19:07+05:00,Tuesday,1,0,4,8,morning,building_noise,63.47
43.260542,76.953834,2026-01-20T16:55:05+05:00,Tuesday,1,0,1,16,daytime,human,62.9
43.247029,76.941976,2026-01-04T08:54:41+05:00,Sunday,6,1,1,8,morning,human,64.85
43.284664,76.895851,2026-01-08T18:36:33+05:00,Thursday,3,0,1,18,evening,building_noise,76.1
43.224126,76.904219,2026-03-01T06:58:37+05:00,Sunday,6,1,3,6,morning,others,35.28
43.2381,76.928776,2026-03-26T10:03:16+05:00,Thursday,3,0,3,10,morning,transport,60.78
43.263072,76.927837,2025-11-18T16:14:56+05:00,Tuesday,1,0,11,16,daytime,building_noise,65.2
43.266635,76.817917,2026-01-16T16:42:07+05:00,Friday,4,0,1,16,daytime,human,58.04
43.216346,76.931878,2026-03-11T06:27:22+05:00,Wednesday,2,0,3,6,morning,transport,66.34
43.246405,76.859795,2026-01-10T07:33:48+05:00,Saturday,5,1,1,7,morning,transport,70.44
43.234534,76.980279,2026-02-22T08:38:15+05:00,Sunday,6,1,2,8,morning,animals,40.06
43.26274,76.927103,2026-02-14T14:14:49+05:00,Saturday,5,1,2,14,daytime,human,70.8
43.259669,76.966645,2026-02-16T07:59:05+05:00,Monday,0,0,2,7,morning,others,49.14
43.254889,76.941171,2026-03-10T16:39:24+05:00,Tuesday,1,0,3,16,daytime,human,62.06
43.236285,76.929556,2025-11-12T18:29:03+05:00,Wednesday,2,0,11,18,evening,alert,72.41
43.264882,76.928377,2026-01-16T09:59:28+05:00,Friday,4,0,1,9,morning,human,65.58
43.238286,76.926047,2026-03-03T18:17:19+05:00,Tuesday,1,0,3,18,evening,transport,75.77
43.238388,76.917054,2026-04-13T19:49:52+05:00,Monday,0,0,4,19,evening,transport,66.25
43.26266,76.955451,2026-05-10T20:10:37+05:00,Sunday,6,1,5,20,evening,others,48.76
43.239422,76.928121,2026-02-16T14:10:05+05:00,Monday,0,0,2,14,daytime,alert,66.78
43.237404,76.919049,2026-03-22T11:19:35+05:00,Sunday,6,1,3,11,daytime,others,53.39
43.259024,76.963947,2025-12-10T17:59:24+05:00,Wednesday,2,0,12,17,evening,human,60.39
43.266956,76.823452,2026-05-03T19:28:45+05:00,Sunday,6,1,5,19,evening,human,68.99
43.350364,77.041352,2026-04-18T12:42:00+05:00,Saturday,5,1,4,12,daytime,transport,67.08
43.26516,76.926691,2025-12-29T13:57:01+05:00,Monday,0,0,12,13,daytime,human,64.53
43.23906,76.91462,2026-02-09T08:17:10+05:00,Monday,0,0,2,8,morning,transport,69.96
43.238286,76.918243,2026-03-03T23:15:08+05:00,Tuesday,1,0,3,23,late_evening,transport,69.68
43.260486,76.970317,2026-05-03T19:58:53+05:00,Sunday,6,1,5,19,evening,human,62.59
43.256342,76.94401,2026-01-28T22:51:22+05:00,Wednesday,2,0,1,22,late_evening,others,61.31
43.276867,76.89163,2025-11-05T13:29:49+05:00,Wednesday,2,0,11,13,daytime,building_noise,70.17
43.258655,76.965098,2026-04-09T08:56:09+05:00,Thursday,3,0,4,8,morning,others,47.17
43.262092,76.954012,2025-11-19T09:02:54+05:00,Wednesday,2,0,11,9,morning,others,51.07
43.25229,76.938042,2025-12-10T16:29:46+05:00,Wednesday,2,0,12,16,daytime,human,58.27
43.237702,76.919551,2026-02-22T23:09:45+05:00,Sunday,6,1,2,23,late_evening,transport,61.04
43.233157,76.974789,2026-05-03T10:51:03+05:00,Sunday,6,1,5,10,morning,animals,39.99
43.283431,76.887691,2025-11-19T08:29:18+05:00,Wednesday,2,0,11,8,morning,building_noise,70.36
43.216887,76.92846,2026-01-01T08:20:21+05:00,Thursday,3,0,1,8,morning,transport,82.92
43.257721,76.943717,2025-12-08T19:31:44+05:00,Monday,0,0,12,19,evening,human,71.83
43.219382,76.926974,2026-04-08T17:12:24+05:00,Wednesday,2,0,4,17,evening,transport,83.37
43.246709,76.944211,2025-12-11T17:05:26+05:00,Thursday,3,0,12,17,evening,human,67.19
43.281792,76.897132,2026-02-25T17:41:00+05:00,Wednesday,2,0,2,17,evening,building_noise,78.16
43.252968,76.942114,2026-04-10T18:39:00+05:00,Friday,4,0,4,18,evening,transport,71.43
43.234551,76.921109,2026-02-18T21:42:51+05:00,Wednesday,2,0,2,21,late_evening,transport,68.29
43.219378,76.903463,2025-11-26T18:20:48+05:00,Wednesday,2,0,11,18,evening,others,49.67
43.247416,76.93834,2026-03-30T09:47:18+05:00,Monday,0,0,3,9,morning,human,65.3
43.256621,76.971837,2025-12-11T10:15:26+05:00,Thursday,3,0,12,10,morning,human,56.04
43.343208,76.948993,2025-11-23T17:21:51+05:00,Sunday,6,1,11,17,evening,transport,76.17
43.282312,76.899409,2026-02-07T17:14:51+05:00,Saturday,5,1,2,17,evening,building_noise,75.39
43.279454,76.898418,2026-03-30T10:08:50+05:00,Monday,0,0,3,10,morning,building_noise,65.76
43.232378,76.979109,2026-04-19T22:07:33+05:00,Sunday,6,1,4,22,late_evening,others,44.17
43.235691,76.960327,2026-01-29T08:48:08+05:00,Thursday,3,0,1,8,morning,alert,83.87
43.280575,76.89086,2026-04-29T17:01:07+05:00,Wednesday,2,0,4,17,evening,building_noise,70.23
43.235805,76.976986,2026-02-04T07:59:42+05:00,Wednesday,2,0,2,7,morning,others,43.16
43.281141,76.888756,2025-12-15T11:19:15+05:00,Monday,0,0,12,11,daytime,building_noise,67.85
43.23855,76.931521,2026-01-11T18:05:00+05:00,Sunday,6,1,1,18,evening,alert,78.59
43.219191,76.924437,2026-03-25T08:08:45+05:00,Wednesday,2,0,3,8,morning,transport,79.3
43.342158,76.945326,2026-03-23T19:21:01+05:00,Monday,0,0,3,19,evening,others,70.87
43.239797,76.923691,2025-11-28T08:28:45+05:00,Friday,4,0,11,8,morning,transport,81.87
43.34169,76.95091,2026-01-06T09:33:57+05:00,Tuesday,1,0,1,9,morning,transport,80.04
43.233342,76.974031,2026-04-26T06:43:04+05:00,Sunday,6,1,4,6,morning,others,38.42
43.260193,76.967044,2026-02-01T08:47:16+05:00,Sunday,6,1,2,8,morning,others,46.23
43.264582,76.929381,2026-04-15T06:06:23+05:00,Wednesday,2,0,4,6,morning,human,57.34
43.26486,76.923321,2026-04-14T08:34:35+05:00,Tuesday,1,0,4,8,morning,human,61.68
43.266448,76.820552,2025-11-04T19:38:30+05:00,Tuesday,1,0,11,19,evening,human,64.41
43.237743,76.928961,2026-01-27T17:42:03+05:00,Tuesday,1,0,1,17,evening,alert,74.96
43.217797,76.930382,2025-11-14T19:58:22+05:00,Friday,4,0,11,19,evening,transport,82.72
43.348336,77.043907,2026-01-24T22:07:17+05:00,Saturday,5,1,1,22,late_evening,alert,77.66
43.239063,76.917312,2026-03-09T08:35:19+05:00,Monday,0,0,3,8,morning,others,58.92
43.266017,76.929779,2026-03-30T13:41:41+05:00,Monday,0,0,3,13,daytime,alert,69.21
43.355505,77.0364,2026-01-23T10:49:39+05:00,Friday,4,0,1,10,morning,transport,69.08
43.338153,76.944924,2026-04-09T13:10:55+05:00,Thursday,3,0,4,13,daytime,transport,65.92
43.250473,76.86206,2026-04-02T16:18:46+05:00,Thursday,3,0,4,16,daytime,transport,64.7
43.219496,76.932264,2026-03-03T19:20:27+05:00,Tuesday,1,0,3,19,evening,transport,77.44
43.265982,76.822095,2026-02-07T07:24:43+05:00,Saturday,5,1,2,7,morning,human,55.37
43.262122,76.952985,2026-01-14T23:53:09+05:00,Wednesday,2,0,1,23,late_evening,others,46.63
43.259583,76.970948,2025-12-09T21:17:40+05:00,Tuesday,1,0,12,21,late_evening,others,47.77
43.238762,76.931677,2026-01-17T12:46:16+05:00,Saturday,5,1,1,12,daytime,transport,69.24
43.258705,76.966809,2026-03-20T19:37:29+05:00,Friday,4,0,3,19,evening,human,63.0
43.350728,77.043244,2026-01-21T20:52:46+05:00,Wednesday,2,0,1,20,evening,alert,80.32
43.259322,76.968537,2025-12-02T12:45:43+05:00,Tuesday,1,0,12,12,daytime,human,53.31
43.23327,76.959433,2026-04-05T23:22:45+05:00,Sunday,6,1,4,23,late_evening,human,68.32
43.264954,76.819718,2026-03-23T15:58:06+05:00,Monday,0,0,3,15,daytime,transport,57.11
43.263879,76.82133,2026-04-30T22:39:59+05:00,Thursday,3,0,4,22,late_evening,alert,68.61
43.261089,76.965803,2026-04-01T09:55:10+05:00,Wednesday,2,0,4,9,morning,human,55.1
43.236637,76.927241,2026-05-09T08:08:52+05:00,Saturday,5,1,5,8,morning,alert,72.68
43.248295,76.864149,2026-02-05T10:40:21+05:00,Thursday,3,0,2,10,morning,alert,75.89
43.263286,76.952679,2026-02-11T14:36:29+05:00,Wednesday,2,0,2,14,daytime,human,60.15
43.251602,76.941573,2026-04-14T12:28:37+05:00,Tuesday,1,0,4,12,daytime,human,63.69
43.258543,76.97228,2025-11-16T20:37:55+05:00,Sunday,6,1,11,20,evening,animals,38.67
43.348684,77.043142,2026-02-16T12:17:06+05:00,Monday,0,0,2,12,daytime,transport,67.79
43.258114,76.96342,2026-01-27T16:24:30+05:00,Tuesday,1,0,1,16,daytime,human,56.32
43.233453,76.980783,2025-11-30T15:38:36+05:00,Sunday,6,1,11,15,daytime,human,57.71
43.234936,76.956054,2026-04-30T16:57:56+05:00,Thursday,3,0,4,16,daytime,human,63.1
43.259961,76.975042,2026-01-28T09:51:24+05:00,Wednesday,2,0,1,9,morning,animals,42.96
43.236285,76.921008,2026-02-08T11:11:28+05:00,Sunday,6,1,2,11,daytime,transport,65.1
43.354155,77.040064,2025-12-28T18:18:02+05:00,Sunday,6,1,12,18,evening,building_noise,77.62
43.237184,76.915485,2025-12-08T09:53:10+05:00,Monday,0,0,12,9,morning,transport,79.62
43.239949,76.929231,2026-03-16T11:20:14+05:00,Monday,0,0,3,11,daytime,transport,57.91
43.350848,77.042907,2026-01-21T20:45:46+05:00,Wednesday,2,0,1,20,evening,alert,81.21
43.250993,76.860879,2025-12-27T18:59:45+05:00,Saturday,5,1,12,18,evening,transport,72.54
43.238531,76.923163,2026-05-08T08:21:16+05:00,Friday,4,0,5,8,morning,transport,81.83
43.23466,76.975775,2026-01-07T07:31:49+05:00,Wednesday,2,0,1,7,morning,others,43.37
43.257565,76.972289,2026-03-23T17:41:54+05:00,Monday,0,0,3,17,evening,human,59.79
43.236874,76.918878,2026-04-21T09:48:35+05:00,Tuesday,1,0,4,9,morning,transport,67.56
43.347737,77.032948,2026-01-05T07:36:02+05:00,Monday,0,0,1,7,morning,alert,83.46
43.260401,76.973448,2026-03-31T07:40:37+05:00,Tuesday,1,0,3,7,morning,animals,39.13
43.230499,76.955996,2025-11-15T18:20:37+05:00,Saturday,5,1,11,18,evening,human,67.57
43.258359,76.976142,2026-03-04T08:11:23+05:00,Wednesday,2,0,3,8,morning,animals,35.0
43.248433,76.863749,2026-04-24T17:57:47+05:00,Friday,4,0,4,17,evening,transport,74.34
43.265364,76.927616,2025-11-02T17:46:08+05:00,Sunday,6,1,11,17,evening,human,68.63
43.237146,76.914432,2026-03-15T18:27:16+05:00,Sunday,6,1,3,18,evening,others,60.79
43.233667,76.95592,2026-04-24T21:51:21+05:00,Friday,4,0,4,21,late_evening,human,72.14
43.217401,76.927485,2025-12-20T18:47:25+05:00,Saturday,5,1,12,18,evening,transport,72.75
43.280452,76.892502,2026-05-05T07:50:30+05:00,Tuesday,1,0,5,7,morning,building_noise,77.4
43.261731,76.954053,2026-01-12T18:53:25+05:00,Monday,0,0,1,18,evening,human,55.21
43.233699,76.97449,2025-11-30T11:44:10+05:00,Sunday,6,1,11,11,daytime,others,50.24
43.263395,76.954973,2025-12-24T22:09:18+05:00,Wednesday,2,0,12,22,late_evening,others,55.34
43.234911,76.975283,2025-12-03T23:18:03+05:00,Wednesday,2,0,12,23,late_evening,others,39.86
43.239632,76.924457,2026-02-10T00:10:01+05:00,Tuesday,1,0,2,0,night,transport,57.8
43.334597,76.9455,2026-04-03T13:40:12+05:00,Friday,4,0,4,13,daytime,alert,73.08
43.238932,76.92121,2026-04-18T18:19:57+05:00,Saturday,5,1,4,18,evening,transport,74.54
43.23809,76.929567,2026-01-22T18:55:30+05:00,Thursday,3,0,1,18,evening,alert,71.14
43.221797,76.899273,2026-02-11T05:45:42+05:00,Wednesday,2,0,2,5,night,others,35.0
43.264163,76.926874,2026-03-13T15:49:01+05:00,Friday,4,0,3,15,daytime,human,61.98
43.237716,76.928587,2025-12-28T20:35:49+05:00,Sunday,6,1,12,20,evening,alert,69.2
43.265142,76.930267,2025-12-06T09:34:03+05:00,Saturday,5,1,12,9,morning,others,64.56
43.239699,76.918827,2025-11-29T09:10:47+05:00,Saturday,5,1,11,9,morning,transport,65.23
43.237675,76.929725,2025-12-12T21:01:31+05:00,Friday,4,0,12,21,late_evening,alert,66.77
43.224411,76.904571,2026-03-23T21:06:42+05:00,Monday,0,0,3,21,late_evening,others,38.28
43.248551,76.936198,2026-01-05T15:46:29+05:00,Monday,0,0,1,15,daytime,human,62.43
43.241535,76.92511,2026-04-14T06:50:03+05:00,Tuesday,1,0,4,6,morning,transport,64.51
43.281933,76.89945,2026-04-22T17:23:43+05:00,Wednesday,2,0,4,17,evening,building_noise,79.03
43.261784,76.956071,2025-11-28T18:34:56+05:00,Friday,4,0,11,18,evening,human,70.61
43.262164,76.925916,2025-11-11T08:51:36+05:00,Tuesday,1,0,11,8,morning,human,63.78
43.235984,76.925423,2026-02-12T18:06:59+05:00,Thursday,3,0,2,18,evening,transport,73.54
43.258852,76.974345,2025-12-28T07:34:22+05:00,Sunday,6,1,12,7,morning,animals,38.74
43.2547,76.946871,2026-01-19T12:30:35+05:00,Monday,0,0,1,12,daytime,human,59.54
43.338376,76.947928,2025-12-25T09:20:56+05:00,Thursday,3,0,12,9,morning,transport,76.0
43.23884,76.92982,2025-12-16T17:15:43+05:00,Tuesday,1,0,12,17,evening,alert,74.59
43.21846,76.927739,2026-02-18T09:43:35+05:00,Wednesday,2,0,2,9,morning,transport,81.66
43.258592,76.960744,2026-01-17T15:52:46+05:00,Saturday,5,1,1,15,daytime,human,55.67
43.223434,76.90136,2026-04-27T00:08:03+05:00,Monday,0,0,4,0,night,others,35.0
43.356536,77.039873,2026-02-09T18:21:14+05:00,Monday,0,0,2,18,evening,transport,76.22
43.233363,76.97603,2025-12-22T15:11:22+05:00,Monday,0,0,12,15,daytime,human,54.6
43.235718,76.923629,2025-11-12T21:56:08+05:00,Wednesday,2,0,11,21,late_evening,transport,68.89
43.239484,76.929445,2026-01-25T19:48:09+05:00,Sunday,6,1,1,19,evening,alert,76.72
43.239139,76.928111,2026-05-03T22:32:57+05:00,Sunday,6,1,5,22,late_evening,alert,72.53
43.354127,77.043859,2026-04-01T11:19:01+05:00,Wednesday,2,0,4,11,daytime,transport,69.57
43.220987,76.900666,2025-12-13T22:12:24+05:00,Saturday,5,1,12,22,late_evening,animals,38.17
43.261011,76.968478,2026-04-05T11:41:29+05:00,Sunday,6,1,4,11,daytime,human,55.97
43.23486,76.981462,2026-01-01T17:34:31+05:00,Thursday,3,0,1,17,evening,human,55.73
43.23759,76.923468,2025-12-13T07:23:20+05:00,Saturday,5,1,12,7,morning,transport,69.33
43.263911,76.954902,2026-04-19T18:42:01+05:00,Sunday,6,1,4,18,evening,human,68.71
43.260783,76.953867,2026-02-20T20:43:45+05:00,Friday,4,0,2,20,evening,transport,53.75
43.234665,76.9766,2026-01-14T07:50:37+05:00,Wednesday,2,0,1,7,morning,others,43.56
43.236134,76.959982,2026-05-07T02:18:57+05:00,Thursday,3,0,5,2,night,human,55.37
43.261097,76.966618,2025-11-30T14:16:03+05:00,Sunday,6,1,11,14,daytime,transport,56.57
43.253982,76.946711,2026-05-08T14:02:35+05:00,Friday,4,0,5,14,daytime,human,65.93
43.237926,76.914598,2026-03-21T08:59:35+05:00,Saturday,5,1,3,8,morning,transport,64.27
43.245478,76.944659,2026-04-13T18:29:13+05:00,Monday,0,0,4,18,evening,human,67.86
43.263488,76.923842,2025-12-31T20:23:30+05:00,Wednesday,2,0,12,20,evening,human,65.28
43.218076,76.932733,2025-11-01T20:00:35+05:00,Saturday,5,1,11,20,evening,transport,68.11
43.26159,76.968761,2026-05-05T13:11:33+05:00,Tuesday,1,0,5,13,daytime,others,53.71
43.260598,76.954923,2025-11-04T22:23:08+05:00,Tuesday,1,0,11,22,late_evening,others,45.84
43.343462,77.041642,2026-03-29T11:04:02+05:00,Sunday,6,1,3,11,daytime,transport,67.96
43.264173,76.822477,2026-02-23T06:51:30+05:00,Monday,0,0,2,6,morning,transport,46.32
43.220361,76.905507,2026-03-02T06:18:50+05:00,Monday,0,0,3,6,morning,others,39.92
43.253688,76.944333,2026-04-17T22:21:38+05:00,Friday,4,0,4,22,late_evening,human,76.83
43.283388,76.894923,2025-11-14T07:53:20+05:00,Friday,4,0,11,7,morning,transport,67.58
43.23748,76.91584,2026-03-11T13:11:39+05:00,Wednesday,2,0,3,13,daytime,transport,54.61
43.260232,76.822377,2025-11-27T11:41:47+05:00,Thursday,3,0,11,11,daytime,others,51.36
43.258535,76.946732,2025-11-09T10:24:08+05:00,Sunday,6,1,11,10,morning,human,65.67
43.219103,76.926107,2025-12-22T07:29:28+05:00,Monday,0,0,12,7,morning,transport,81.16
43.237727,76.922049,2026-02-03T08:17:46+05:00,Tuesday,1,0,2,8,morning,transport,73.43
43.2806,76.897625,2026-04-25T08:40:22+05:00,Saturday,5,1,4,8,morning,building_noise,75.82
43.249234,76.941789,2026-04-04T15:02:04+05:00,Saturday,5,1,4,15,daytime,animals,49.43
43.253425,76.940797,2026-04-20T13:42:19+05:00,Monday,0,0,4,13,daytime,human,65.12
43.238754,76.954747,2026-01-08T08:25:30+05:00,Thursday,3,0,1,8,morning,transport,73.32
43.265034,76.928507,2026-01-26T10:13:59+05:00,Monday,0,0,1,10,morning,human,65.99
43.231063,76.976198,2026-01-19T13:30:57+05:00,Monday,0,0,1,13,daytime,human,50.18
43.235757,76.956752,2025-11-06T18:14:29+05:00,Thursday,3,0,11,18,evening,transport,71.73
43.284188,76.898381,2025-11-01T15:16:15+05:00,Saturday,5,1,11,15,daytime,building_noise,71.64
43.245833,76.856492,2026-04-14T18:08:36+05:00,Tuesday,1,0,4,18,evening,transport,76.7
43.246355,76.861822,2026-01-29T17:15:37+05:00,Thursday,3,0,1,17,evening,transport,74.93
43.254928,76.946954,2026-04-22T22:11:20+05:00,Wednesday,2,0,4,22,late_evening,human,70.45
43.219417,76.931377,2025-12-05T18:39:32+05:00,Friday,4,0,12,18,evening,transport,81.3
43.253282,76.940179,2025-11-23T09:12:44+05:00,Sunday,6,1,11,9,morning,transport,68.04
43.345263,76.954291,2026-04-03T07:15:45+05:00,Friday,4,0,4,7,morning,transport,75.66
43.258124,76.973431,2026-04-09T08:56:28+05:00,Thursday,3,0,4,8,morning,animals,42.09
43.233313,76.924109,2026-01-28T10:15:07+05:00,Wednesday,2,0,1,10,morning,transport,70.96
43.218017,76.901842,2026-01-17T08:34:16+05:00,Saturday,5,1,1,8,morning,human,50.33
43.240361,76.925055,2026-01-08T18:28:51+05:00,Thursday,3,0,1,18,evening,alert,73.2
43.262219,76.953273,2026-01-21T14:25:21+05:00,Wednesday,2,0,1,14,daytime,transport,65.49
43.285143,76.897984,2025-11-07T14:52:38+05:00,Friday,4,0,11,14,daytime,building_noise,76.07
43.25956,76.972757,2025-11-08T13:56:19+05:00,Saturday,5,1,11,13,daytime,animals,52.04
43.235084,76.955824,2026-02-04T09:44:44+05:00,Wednesday,2,0,2,9,morning,transport,74.19
43.25913,76.970695,2025-12-07T21:26:46+05:00,Sunday,6,1,12,21,late_evening,animals,36.62
43.3356,76.949156,2025-11-15T07:32:24+05:00,Saturday,5,1,11,7,morning,alert,77.33
43.237189,76.919854,2025-12-14T19:01:38+05:00,Sunday,6,1,12,19,evening,transport,64.74
43.251959,76.944423,2026-01-01T13:53:46+05:00,Thursday,3,0,1,13,daytime,human,63.52
43.238615,76.929302,2025-11-26T17:08:00+05:00,Wednesday,2,0,11,17,evening,alert,74.43
43.266076,76.929216,2026-02-28T11:22:43+05:00,Saturday,5,1,2,11,daytime,human,63.82
43.258836,76.942839,2026-03-08T08:52:28+05:00,Sunday,6,1,3,8,morning,human,59.13
43.233661,76.95634,2025-12-21T17:24:37+05:00,Sunday,6,1,12,17,evening,human,68.99
43.231109,76.975393,2026-04-13T17:40:25+05:00,Monday,0,0,4,17,evening,others,45.71
43.259969,76.968604,2026-02-16T15:57:52+05:00,Monday,0,0,2,15,daytime,human,51.14
43.242261,76.930218,2026-04-24T17:39:12+05:00,Friday,4,0,4,17,evening,alert,75.07
43.235805,76.955735,2025-12-12T17:21:54+05:00,Friday,4,0,12,17,evening,others,68.26
43.235898,76.922817,2025-11-26T18:19:38+05:00,Wednesday,2,0,11,18,evening,transport,77.37
43.257176,76.971462,2025-11-06T07:55:56+05:00,Thursday,3,0,11,7,morning,animals,43.53
43.256136,76.944571,2026-03-01T07:23:35+05:00,Sunday,6,1,3,7,morning,human,63.06
43.361436,77.039731,2025-11-22T19:15:53+05:00,Saturday,5,1,11,19,evening,transport,71.65
43.338022,76.95577,2026-03-19T19:47:04+05:00,Thursday,3,0,3,19,evening,transport,81.49
43.240405,76.918492,2025-12-28T18:30:23+05:00,Sunday,6,1,12,18,evening,transport,64.22
43.237911,76.914414,2025-12-11T08:52:44+05:00,Thursday,3,0,12,8,morning,transport,69.7
43.250196,76.945687,2026-02-18T17:30:25+05:00,Wednesday,2,0,2,17,evening,human,64.31
43.221617,76.900937,2026-02-06T20:51:03+05:00,Friday,4,0,2,20,evening,others,42.09
43.242886,76.861173,2026-04-27T20:42:22+05:00,Monday,0,0,4,20,evening,transport,69.93
43.221623,76.932188,2025-12-19T19:40:53+05:00,Friday,4,0,12,19,evening,transport,79.11
43.236417,76.95561,2025-11-22T13:24:49+05:00,Saturday,5,1,11,13,daytime,human,63.37
43.214988,76.928505,2026-01-05T07:31:18+05:00,Monday,0,0,1,7,morning,transport,82.67
43.2361,76.92235,2025-12-19T08:11:50+05:00,Friday,4,0,12,8,morning,transport,77.0
43.254466,76.945099,2026-01-11T19:52:55+05:00,Sunday,6,1,1,19,evening,human,70.07
43.259892,76.974023,2026-04-24T13:40:08+05:00,Friday,4,0,4,13,daytime,human,52.97
43.338998,76.94829,2026-01-11T07:59:21+05:00,Sunday,6,1,1,7,morning,transport,74.7
43.217807,76.931443,2026-02-10T10:06:18+05:00,Tuesday,1,0,2,10,morning,transport,68.88
43.260762,76.954952,2026-03-30T22:25:24+05:00,Monday,0,0,3,22,late_evening,others,49.31
43.236786,76.92296,2026-03-20T23:43:30+05:00,Friday,4,0,3,23,late_evening,transport,67.56
43.282086,76.894084,2025-12-12T07:11:40+05:00,Friday,4,0,12,7,morning,transport,64.54
43.238259,76.917046,2026-03-16T20:05:23+05:00,Monday,0,0,3,20,evening,others,50.77
43.237653,76.921778,2026-02-24T20:32:07+05:00,Tuesday,1,0,2,20,evening,transport,73.02
43.259632,76.953986,2026-01-22T18:47:30+05:00,Thursday,3,0,1,18,evening,human,67.16
43.285438,76.89644,2026-02-05T15:33:53+05:00,Thursday,3,0,2,15,daytime,building_noise,72.53
43.280666,76.893848,2026-03-02T16:43:00+05:00,Monday,0,0,3,16,daytime,building_noise,72.7
43.25059,76.94381,2026-04-06T08:44:14+05:00,Monday,0,0,4,8,morning,human,61.85
43.25214,76.944885,2026-01-31T23:31:00+05:00,Saturday,5,1,1,23,late_evening,others,68.81
43.251377,76.942336,2026-05-06T22:50:15+05:00,Wednesday,2,0,5,22,late_evening,building_noise,70.84
43.258715,76.964245,2026-04-05T17:11:40+05:00,Sunday,6,1,4,17,evening,human,60.7
43.264378,76.821253,2026-03-02T19:55:13+05:00,Monday,0,0,3,19,evening,transport,66.63
43.24059,76.929273,2026-03-11T09:49:08+05:00,Wednesday,2,0,3,9,morning,alert,75.78
43.259854,76.973196,2026-03-01T09:30:18+05:00,Sunday,6,1,3,9,morning,animals,41.16
43.237119,76.923212,2026-04-02T07:23:06+05:00,Thursday,3,0,4,7,morning,transport,74.6
43.261967,76.95335,2026-02-05T21:49:37+05:00,Thursday,3,0,2,21,late_evening,building_noise,57.16
43.219386,76.928739,2025-12-25T18:54:29+05:00,Thursday,3,0,12,18,evening,transport,73.84
43.266932,76.927425,2026-03-11T08:14:32+05:00,Wednesday,2,0,3,8,morning,human,64.97
43.219048,76.901406,2026-05-04T12:27:06+05:00,Monday,0,0,5,12,daytime,human,55.89
43.217417,76.899494,2026-02-21T07:01:20+05:00,Saturday,5,1,2,7,morning,others,49.6
43.24044,76.93147,2026-03-09T09:12:29+05:00,Monday,0,0,3,9,morning,alert,72.2
43.249799,76.939066,2025-12-16T13:50:31+05:00,Tuesday,1,0,12,13,daytime,human,60.79
43.241045,76.922721,2026-04-07T18:38:36+05:00,Tuesday,1,0,4,18,evening,transport,84.14
43.261936,76.966977,2025-12-23T18:40:03+05:00,Tuesday,1,0,12,18,evening,human,59.23
43.275721,76.898964,2026-05-08T15:37:42+05:00,Friday,4,0,5,15,daytime,transport,71.55
43.226469,76.900176,2026-03-02T18:30:18+05:00,Monday,0,0,3,18,evening,human,60.7
43.256897,76.9724,2025-12-22T19:14:51+05:00,Monday,0,0,12,19,evening,human,59.31
43.246471,76.941276,2026-04-22T18:36:34+05:00,Wednesday,2,0,4,18,evening,human,70.17
43.235092,76.92181,2026-03-15T10:39:48+05:00,Sunday,6,1,3,10,morning,transport,69.34
43.241528,76.931187,2026-01-05T20:05:54+05:00,Monday,0,0,1,20,evening,others,57.09
43.239545,76.91314,2025-11-22T09:11:57+05:00,Saturday,5,1,11,9,morning,transport,64.36
43.249995,76.941206,2025-12-16T18:03:40+05:00,Tuesday,1,0,12,18,evening,human,65.96
43.263738,76.952873,2026-05-08T17:57:38+05:00,Friday,4,0,5,17,evening,human,74.04
43.233617,76.972682,2026-04-09T13:45:48+05:00,Thursday,3,0,4,13,daytime,others,48.44
43.219708,76.899939,2026-05-08T21:51:26+05:00,Friday,4,0,5,21,late_evening,others,43.03
43.266428,76.923959,2025-12-25T21:54:05+05:00,Thursday,3,0,12,21,late_evening,human,66.84
43.236825,76.957237,2026-03-16T19:04:55+05:00,Monday,0,0,3,19,evening,human,76.38
43.217397,76.926782,2025-12-11T18:54:06+05:00,Thursday,3,0,12,18,evening,transport,82.49
43.288266,76.897773,2025-12-03T17:12:30+05:00,Wednesday,2,0,12,17,evening,building_noise,76.24
43.238571,76.931313,2026-01-11T18:17:00+05:00,Sunday,6,1,1,18,evening,alert,79.09
43.261615,76.927556,2026-03-29T11:09:37+05:00,Sunday,6,1,3,11,daytime,human,62.54
43.26371,76.956346,2026-03-17T08:18:11+05:00,Tuesday,1,0,3,8,morning,others,50.28
43.253304,76.943749,2026-04-11T00:29:26+05:00,Saturday,5,1,4,0,night,human,61.33
43.260329,76.969274,2026-02-26T08:44:09+05:00,Thursday,3,0,2,8,morning,others,54.46
43.233298,76.973804,2026-04-27T08:43:05+05:00,Monday,0,0,4,8,morning,others,44.77
43.220913,76.924845,2025-11-01T17:05:28+05:00,Saturday,5,1,11,17,evening,others,65.14
43.219236,76.928445,2026-04-16T13:45:26+05:00,Thursday,3,0,4,13,daytime,transport,68.84
43.266872,76.926644,2025-11-15T17:34:42+05:00,Saturday,5,1,11,17,evening,transport,73.18
43.264065,76.95623,2025-12-27T19:46:11+05:00,Saturday,5,1,12,19,evening,human,72.08
43.248505,76.86055,2026-01-03T20:26:07+05:00,Saturday,5,1,1,20,evening,transport,74.69
43.250294,76.85799,2026-03-18T17:45:59+05:00,Wednesday,2,0,3,17,evening,transport,76.99
43.252953,76.945079,2026-01-23T01:21:54+05:00,Friday,4,0,1,1,night,human,60.51
43.262141,76.956363,2026-03-13T07:07:50+05:00,Friday,4,0,3,7,morning,others,50.24
43.257062,76.9455,2025-12-27T10:58:53+05:00,Saturday,5,1,12,10,morning,others,58.5
43.283139,76.893844,2025-11-11T15:34:05+05:00,Tuesday,1,0,11,15,daytime,building_noise,75.68
43.248241,76.940984,2026-04-14T07:26:12+05:00,Tuesday,1,0,4,7,morning,human,63.11
43.236146,76.913534,2026-03-08T07:57:57+05:00,Sunday,6,1,3,7,morning,transport,61.32
43.343908,76.944608,2026-01-27T23:50:03+05:00,Tuesday,1,0,1,23,late_evening,alert,74.77
43.247104,76.941766,2026-04-20T21:44:14+05:00,Monday,0,0,4,21,late_evening,transport,68.22
43.219468,76.902382,2025-11-28T18:31:51+05:00,Friday,4,0,11,18,evening,human,53.18
43.265306,76.823894,2026-04-18T22:41:17+05:00,Saturday,5,1,4,22,late_evening,human,61.21
43.258454,76.973954,2026-02-04T08:11:11+05:00,Wednesday,2,0,2,8,morning,animals,39.83
43.218704,76.926261,2026-04-29T10:33:31+05:00,Wednesday,2,0,4,10,morning,transport,67.12
43.251912,76.943038,2026-04-23T06:51:24+05:00,Thursday,3,0,4,6,morning,human,59.83
43.26369,76.968653,2026-04-07T20:28:57+05:00,Tuesday,1,0,4,20,evening,others,48.12
43.24155,76.930031,2025-11-10T10:10:26+05:00,Monday,0,0,11,10,morning,alert,70.99
43.260573,76.975038,2025-11-27T08:21:17+05:00,Thursday,3,0,11,8,morning,animals,37.96
43.2233,76.9003,2026-01-09T20:55:36+05:00,Friday,4,0,1,20,evening,others,43.83
43.241335,76.932338,2026-02-18T08:24:37+05:00,Wednesday,2,0,2,8,morning,animals,49.86
43.236081,76.92958,2025-11-26T17:45:21+05:00,Wednesday,2,0,11,17,evening,alert,71.78
43.218515,76.928508,2026-03-28T18:55:30+05:00,Saturday,5,1,3,18,evening,alert,77.43
43.282667,76.893189,2025-11-11T15:19:05+05:00,Tuesday,1,0,11,15,daytime,building_noise,76.27
43.263591,76.927085,2025-12-16T17:51:16+05:00,Tuesday,1,0,12,17,evening,human,67.2
43.242268,76.923269,2026-01-29T14:46:06+05:00,Thursday,3,0,1,14,daytime,transport,73.2
43.287317,76.901667,2026-01-20T17:03:48+05:00,Tuesday,1,0,1,17,evening,building_noise,72.19
43.262525,76.953786,2026-03-22T10:57:29+05:00,Sunday,6,1,3,10,morning,human,57.93
43.277227,76.898968,2025-12-31T09:49:15+05:00,Wednesday,2,0,12,9,morning,building_noise,75.49
43.235063,76.97952,2026-03-23T06:08:32+05:00,Monday,0,0,3,6,morning,human,41.59
43.344182,77.038239,2026-03-21T19:24:17+05:00,Saturday,5,1,3,19,evening,transport,70.64
43.341375,76.954053,2026-01-02T19:22:16+05:00,Friday,4,0,1,19,evening,animals,56.54
43.255673,76.946408,2026-03-31T22:00:38+05:00,Tuesday,1,0,3,22,late_evening,human,65.49
43.21978,76.932895,2026-04-26T06:36:35+05:00,Sunday,6,1,4,6,morning,transport,60.02
43.221559,76.900363,2025-12-01T08:18:19+05:00,Monday,0,0,12,8,morning,others,42.4
43.251247,76.94143,2026-03-05T11:48:02+05:00,Thursday,3,0,3,11,daytime,human,65.28
43.239729,76.93024,2026-04-25T13:39:44+05:00,Saturday,5,1,4,13,daytime,transport,58.6
43.219363,76.896273,2025-12-01T00:00:11+05:00,Monday,0,0,12,0,night,others,35.0
43.234235,76.980246,2026-02-22T08:37:15+05:00,Sunday,6,1,2,8,morning,animals,39.4
43.282956,76.895107,2025-11-20T07:50:57+05:00,Thursday,3,0,11,7,morning,building_noise,65.59
43.279385,76.897136,2026-01-01T10:29:06+05:00,Thursday,3,0,1,10,morning,building_noise,74.65
43.216647,76.927499,2026-02-17T17:31:39+05:00,Tuesday,1,0,2,17,evening,transport,78.6
43.238057,76.955968,2025-12-27T20:30:40+05:00,Saturday,5,1,12,20,evening,human,68.42
43.265596,76.927918,2026-05-09T15:55:44+05:00,Saturday,5,1,5,15,daytime,human,64.34
43.246565,76.862605,2026-04-25T07:03:14+05:00,Saturday,5,1,4,7,morning,transport,67.02
43.238442,76.926293,2026-04-02T17:12:49+05:00,Thursday,3,0,4,17,evening,alert,72.02
43.282563,76.890412,2025-11-09T12:00:57+05:00,Sunday,6,1,11,12,daytime,animals,49.86
43.281184,76.894302,2026-02-21T13:49:48+05:00,Saturday,5,1,2,13,daytime,building_noise,75.75
43.259188,76.973783,2026-03-17T22:31:17+05:00,Tuesday,1,0,3,22,late_evening,transport,45.56
43.2445,76.863046,2025-11-30T06:34:29+05:00,Sunday,6,1,11,6,morning,transport,64.56
43.264652,76.928579,2026-03-01T18:48:10+05:00,Sunday,6,1,3,18,evening,human,65.68
43.234949,76.959109,2025-12-01T18:52:07+05:00,Monday,0,0,12,18,evening,transport,75.78
43.339603,76.951808,2026-03-01T09:55:55+05:00,Sunday,6,1,3,9,morning,alert,75.51
43.214313,76.926524,2026-01-08T19:29:43+05:00,Thursday,3,0,1,19,evening,transport,82.15
43.262566,76.92344,2026-04-25T11:03:23+05:00,Saturday,5,1,4,11,daytime,human,62.67
43.237158,76.954304,2026-04-16T17:51:44+05:00,Thursday,3,0,4,17,evening,alert,82.09
43.263748,76.966966,2025-11-23T18:51:44+05:00,Sunday,6,1,11,18,evening,human,58.67
43.233838,76.978025,2026-01-05T20:06:44+05:00,Monday,0,0,1,20,evening,others,43.89
43.254239,76.94653,2026-03-04T19:59:06+05:00,Wednesday,2,0,3,19,evening,human,71.37
43.259417,76.970063,2025-11-25T18:40:54+05:00,Tuesday,1,0,11,18,evening,human,61.02
43.238308,76.929456,2026-02-24T06:32:24+05:00,Tuesday,1,0,2,6,morning,transport,58.72
43.248971,76.942949,2026-03-07T22:06:26+05:00,Saturday,5,1,3,22,late_evening,human,71.65
43.219394,76.898792,2026-03-03T22:26:59+05:00,Tuesday,1,0,3,22,late_evening,others,52.06
43.222598,76.901527,2026-02-24T14:05:04+05:00,Tuesday,1,0,2,14,daytime,human,53.15
43.217249,76.928778,2026-01-23T07:14:17+05:00,Friday,4,0,1,7,morning,transport,81.66
43.235071,76.958523,2026-03-03T15:38:35+05:00,Tuesday,1,0,3,15,daytime,human,65.07
43.2513,76.938972,2026-02-18T19:55:15+05:00,Wednesday,2,0,2,19,evening,transport,69.47
43.281021,76.889986,2025-11-13T21:39:48+05:00,Thursday,3,0,11,21,late_evening,others,64.17
43.232657,76.975954,2025-11-27T16:56:55+05:00,Thursday,3,0,11,16,daytime,animals,41.84
43.266145,76.9241,2026-01-16T18:24:24+05:00,Friday,4,0,1,18,evening,human,65.03
43.267763,76.927935,2025-12-28T16:15:33+05:00,Sunday,6,1,12,16,daytime,human,65.85
43.261063,76.955009,2026-01-13T17:08:51+05:00,Tuesday,1,0,1,17,evening,human,67.46
43.218905,76.930731,2025-12-08T18:31:26+05:00,Monday,0,0,12,18,evening,transport,77.75
43.279258,76.894784,2025-11-16T13:39:48+05:00,Sunday,6,1,11,13,daytime,transport,59.04
43.259108,76.972214,2026-03-30T08:50:58+05:00,Monday,0,0,3,8,morning,animals,35.38
43.214387,76.930011,2025-11-15T19:36:53+05:00,Saturday,5,1,11,19,evening,transport,69.49
43.263037,76.818859,2026-03-03T23:49:24+05:00,Tuesday,1,0,3,23,late_evening,human,60.56
43.258108,76.944874,2026-01-11T08:08:41+05:00,Sunday,6,1,1,8,morning,human,64.82
43.250381,76.861608,2025-12-19T11:00:45+05:00,Friday,4,0,12,11,daytime,transport,61.33
43.2483,76.857996,2026-03-16T00:42:32+05:00,Monday,0,0,3,0,night,transport,61.28
43.34181,76.946477,2026-04-15T08:38:10+05:00,Wednesday,2,0,4,8,morning,transport,79.5
43.250379,76.947065,2026-03-03T16:07:41+05:00,Tuesday,1,0,3,16,daytime,alert,72.31
43.263166,76.926032,2026-02-25T08:48:25+05:00,Wednesday,2,0,2,8,morning,human,60.78
43.267207,76.928359,2026-01-14T23:03:36+05:00,Wednesday,2,0,1,23,late_evening,others,50.97
43.238902,76.932922,2026-03-18T07:14:07+05:00,Wednesday,2,0,3,7,morning,alert,76.23
43.276301,76.89727,2026-04-19T07:57:36+05:00,Sunday,6,1,4,7,morning,building_noise,66.27
43.25815,76.974179,2026-04-08T22:14:20+05:00,Wednesday,2,0,4,22,late_evening,animals,35.75
43.265877,76.927711,2026-02-28T12:23:45+05:00,Saturday,5,1,2,12,daytime,human,63.79
43.254205,76.944794,2026-01-24T09:57:35+05:00,Saturday,5,1,1,9,morning,human,67.01
43.258519,76.975736,2026-04-23T17:58:45+05:00,Thursday,3,0,4,17,evening,human,59.56
43.257734,76.968223,2026-02-02T20:28:53+05:00,Monday,0,0,2,20,evening,others,46.41
43.254499,76.942587,2026-02-14T20:13:19+05:00,Saturday,5,1,2,20,evening,transport,69.81
43.219642,76.901228,2025-11-13T18:18:30+05:00,Thursday,3,0,11,18,evening,human,61.57
43.2527,76.946601,2025-11-23T19:11:39+05:00,Sunday,6,1,11,19,evening,human,64.42
43.337174,76.946377,2025-12-24T21:42:26+05:00,Wednesday,2,0,12,21,late_evening,alert,72.08
43.255577,76.947466,2026-04-14T18:40:28+05:00,Tuesday,1,0,4,18,evening,others,63.9
43.255929,76.944736,2025-11-09T20:42:48+05:00,Sunday,6,1,11,20,evening,human,65.23
43.264073,76.928365,2026-02-01T09:55:48+05:00,Sunday,6,1,2,9,morning,human,64.58
43.287196,76.895204,2026-04-15T16:48:41+05:00,Wednesday,2,0,4,16,daytime,building_noise,72.52
43.263631,76.95696,2026-02-06T09:30:10+05:00,Friday,4,0,2,9,morning,alert,79.98
43.248558,76.941548,2025-11-03T07:12:10+05:00,Monday,0,0,11,7,morning,human,65.52
43.22193,76.927002,2026-04-03T18:51:34+05:00,Friday,4,0,4,18,evening,transport,80.32
43.248676,76.939949,2025-11-11T16:04:59+05:00,Tuesday,1,0,11,16,daytime,human,67.07
43.262014,76.969814,2025-11-10T09:24:04+05:00,Monday,0,0,11,9,morning,others,49.98
43.279225,76.892913,2026-01-09T08:43:54+05:00,Friday,4,0,1,8,morning,building_noise,76.71
43.240133,76.928267,2026-04-21T17:07:49+05:00,Tuesday,1,0,4,17,evening,alert,73.81
43.259377,76.969185,2025-11-10T20:40:16+05:00,Monday,0,0,11,20,evening,others,47.29
43.343065,76.940558,2026-03-29T07:04:25+05:00,Sunday,6,1,3,7,morning,human,69.57
43.236868,76.915564,2026-01-13T23:59:33+05:00,Tuesday,1,0,1,23,late_evening,transport,60.87
43.217331,76.930561,2026-01-10T10:21:11+05:00,Saturday,5,1,1,10,morning,human,59.61
43.276222,76.897408,2026-04-19T08:01:36+05:00,Sunday,6,1,4,8,morning,building_noise,65.78
43.232811,76.97528,2026-05-03T10:51:03+05:00,Sunday,6,1,5,10,morning,animals,39.85
43.234092,76.978585,2026-03-05T08:51:07+05:00,Thursday,3,0,3,8,morning,others,47.03
43.252413,76.942069,2025-12-26T11:40:42+05:00,Friday,4,0,12,11,daytime,human,64.21
43.262531,76.954113,2026-02-25T22:03:58+05:00,Wednesday,2,0,2,22,late_evening,others,48.29
43.260292,76.963276,2026-04-16T21:13:35+05:00,Thursday,3,0,4,21,late_evening,others,48.85
43.258419,76.972512,2025-11-27T09:56:43+05:00,Thursday,3,0,11,9,morning,animals,35.32
43.268169,76.81733,2025-12-23T18:13:18+05:00,Tuesday,1,0,12,18,evening,human,63.12
43.234494,76.915177,2026-04-19T18:19:30+05:00,Sunday,6,1,4,18,evening,transport,69.35
43.237974,76.917239,2026-05-01T19:43:43+05:00,Friday,4,0,5,19,evening,transport,73.51
43.28466,76.895616,2025-12-16T16:28:41+05:00,Tuesday,1,0,12,16,daytime,building_noise,76.51
43.220506,76.904751,2026-03-20T15:06:32+05:00,Friday,4,0,3,15,daytime,human,53.62
43.263457,76.952266,2026-04-24T08:19:05+05:00,Friday,4,0,4,8,morning,human,56.36
43.240238,76.918762,2025-11-08T06:26:04+05:00,Saturday,5,1,11,6,morning,transport,62.02
43.24443,76.858029,2025-12-06T14:19:38+05:00,Saturday,5,1,12,14,daytime,transport,68.5
43.252857,76.946335,2025-12-21T12:33:42+05:00,Sunday,6,1,12,12,daytime,human,60.88
43.237538,76.918169,2026-02-28T08:23:14+05:00,Saturday,5,1,2,8,morning,transport,65.2
43.243176,76.858686,2026-04-08T18:25:15+05:00,Wednesday,2,0,4,18,evening,transport,76.46
43.339695,76.94782,2025-12-11T06:21:06+05:00,Thursday,3,0,12,6,morning,transport,62.43
43.238419,76.918047,2026-04-05T09:47:10+05:00,Sunday,6,1,4,9,morning,transport,73.02
43.240375,76.929821,2026-04-14T09:17:25+05:00,Tuesday,1,0,4,9,morning,alert,71.35
43.242732,76.923217,2025-11-24T18:31:57+05:00,Monday,0,0,11,18,evening,transport,80.03
43.263822,76.955012,2025-11-25T13:45:54+05:00,Tuesday,1,0,11,13,daytime,human,67.56
43.276276,76.893335,2025-12-05T19:15:35+05:00,Friday,4,0,12,19,evening,transport,63.67
43.236366,76.974925,2026-03-04T11:48:25+05:00,Wednesday,2,0,3,11,daytime,animals,46.77
43.239215,76.915157,2026-04-11T12:47:01+05:00,Saturday,5,1,4,12,daytime,building_noise,58.98
43.250993,76.861386,2026-04-17T17:02:55+05:00,Friday,4,0,4,17,evening,alert,81.93
43.261128,76.928631,2026-03-24T23:59:06+05:00,Tuesday,1,0,3,23,late_evening,human,65.42
43.24952,76.862389,2026-01-29T18:45:50+05:00,Thursday,3,0,1,18,evening,transport,81.76
43.234101,76.955429,2026-04-27T07:17:29+05:00,Monday,0,0,4,7,morning,transport,75.46
43.245975,76.861625,2026-03-06T18:24:24+05:00,Friday,4,0,3,18,evening,transport,77.53
43.233237,76.956172,2026-01-03T14:09:09+05:00,Saturday,5,1,1,14,daytime,human,67.11
43.262232,76.820195,2025-11-26T19:49:16+05:00,Wednesday,2,0,11,19,evening,others,60.17
43.279931,76.888943,2025-12-23T14:02:41+05:00,Tuesday,1,0,12,14,daytime,building_noise,72.13
43.261869,76.95449,2025-12-25T08:18:30+05:00,Thursday,3,0,12,8,morning,others,47.51
43.258463,76.972873,2025-11-22T14:32:49+05:00,Saturday,5,1,11,14,daytime,human,55.6
43.246831,76.865145,2026-03-31T12:42:58+05:00,Tuesday,1,0,3,12,daytime,transport,71.19
43.236404,76.958353,2026-03-06T08:48:38+05:00,Friday,4,0,3,8,morning,transport,72.4
43.239898,76.918387,2026-04-03T17:08:53+05:00,Friday,4,0,4,17,evening,transport,67.69
43.283621,76.895539,2026-05-08T10:41:42+05:00,Friday,4,0,5,10,morning,building_noise,77.45
43.26028,76.968633,2026-04-02T07:50:09+05:00,Thursday,3,0,4,7,morning,others,47.19
43.23792,76.917303,2025-12-29T19:52:48+05:00,Monday,0,0,12,19,evening,transport,73.9
43.253231,76.943849,2026-05-05T10:53:45+05:00,Tuesday,1,0,5,10,morning,human,62.68
43.24447,76.919536,2026-01-27T07:07:33+05:00,Tuesday,1,0,1,7,morning,transport,80.44
43.355847,77.044852,2026-05-10T10:08:42+05:00,Sunday,6,1,5,10,morning,transport,69.98
43.345278,76.95756,2026-01-20T19:58:10+05:00,Tuesday,1,0,1,19,evening,transport,75.62
43.257395,76.944434,2025-12-09T18:04:41+05:00,Tuesday,1,0,12,18,evening,human,63.88
43.284199,76.897325,2026-02-08T16:35:05+05:00,Sunday,6,1,2,16,daytime,transport,60.94
43.233655,76.955543,2026-03-20T07:53:52+05:00,Friday,4,0,3,7,morning,alert,83.09
43.235231,76.957631,2026-02-07T20:48:09+05:00,Saturday,5,1,2,20,evening,human,69.52
43.342205,76.944498,2025-11-14T16:48:54+05:00,Friday,4,0,11,16,daytime,transport,74.01
43.283202,76.897095,2026-01-25T10:05:14+05:00,Sunday,6,1,1,10,morning,transport,56.69
43.238001,76.92859,2026-01-27T17:39:03+05:00,Tuesday,1,0,1,17,evening,alert,74.11
43.259627,76.971281,2026-02-13T21:18:17+05:00,Friday,4,0,2,21,late_evening,animals,40.84
43.219024,76.92543,2026-01-29T17:40:55+05:00,Thursday,3,0,1,17,evening,transport,82.6
43.215018,76.931945,2026-02-12T15:24:37+05:00,Thursday,3,0,2,15,daytime,transport,72.94
43.251088,76.944067,2026-01-06T16:57:27+05:00,Tuesday,1,0,1,16,daytime,others,59.72
43.283767,76.893256,2025-11-02T06:04:35+05:00,Sunday,6,1,11,6,morning,transport,59.31
43.249484,76.942926,2026-02-07T19:59:08+05:00,Saturday,5,1,2,19,evening,others,65.89
43.265112,76.929732,2025-12-05T12:53:47+05:00,Friday,4,0,12,12,daytime,building_noise,64.36
43.280766,76.889252,2026-01-31T12:25:06+05:00,Saturday,5,1,1,12,daytime,building_noise,74.55
43.237573,76.957309,2026-02-23T17:51:11+05:00,Monday,0,0,2,17,evening,transport,75.43
43.276724,76.890552,2026-01-26T09:11:28+05:00,Monday,0,0,1,9,morning,building_noise,74.19
43.258742,76.968821,2026-01-22T15:29:57+05:00,Thursday,3,0,1,15,daytime,animals,47.89
43.26226,76.971517,2026-03-27T09:49:38+05:00,Friday,4,0,3,9,morning,animals,35.0
43.259911,76.965891,2026-01-25T08:04:57+05:00,Sunday,6,1,1,8,morning,transport,56.9
43.24658,76.86174,2025-11-19T20:08:39+05:00,Wednesday,2,0,11,20,evening,transport,73.18
43.218283,76.928515,2026-05-08T10:44:10+05:00,Friday,4,0,5,10,morning,transport,71.41
43.284697,76.900175,2026-01-16T08:17:39+05:00,Friday,4,0,1,8,morning,building_noise,71.23
43.235523,76.954334,2026-01-16T17:37:31+05:00,Friday,4,0,1,17,evening,transport,72.71
43.237381,76.919495,2026-02-26T16:44:11+05:00,Thursday,3,0,2,16,daytime,alert,81.58
43.261143,76.95442,2026-03-19T16:13:05+05:00,Thursday,3,0,3,16,daytime,human,61.85
43.257243,76.970807,2025-11-23T21:43:09+05:00,Sunday,6,1,11,21,late_evening,others,40.66
43.239769,76.928863,2026-02-25T21:48:19+05:00,Wednesday,2,0,2,21,late_evening,alert,71.14
43.220571,76.923978,2025-11-04T17:51:05+05:00,Tuesday,1,0,11,17,evening,transport,81.21
43.277965,76.888985,2026-04-30T11:55:21+05:00,Thursday,3,0,4,11,daytime,building_noise,74.6
43.232898,76.954598,2026-05-02T09:51:22+05:00,Saturday,5,1,5,9,morning,human,63.36
43.279606,76.896544,2026-04-04T11:19:19+05:00,Saturday,5,1,4,11,daytime,building_noise,76.71
43.26178,76.969141,2025-11-03T18:11:41+05:00,Monday,0,0,11,18,evening,animals,52.44
43.260579,76.973878,2026-02-14T02:24:18+05:00,Saturday,5,1,2,2,night,animals,35.0
43.268357,76.926924,2026-01-29T22:21:49+05:00,Thursday,3,0,1,22,late_evening,human,63.03
43.257964,76.973178,2026-04-28T09:18:17+05:00,Tuesday,1,0,4,9,morning,animals,43.18
43.263,76.954528,2026-03-17T09:41:24+05:00,Tuesday,1,0,3,9,morning,human,63.66
43.354538,77.043388,2026-02-20T21:05:54+05:00,Friday,4,0,2,21,late_evening,transport,68.97
43.282523,76.893665,2026-02-10T12:23:35+05:00,Tuesday,1,0,2,12,daytime,building_noise,76.41
43.233829,76.95967,2025-12-25T06:31:28+05:00,Thursday,3,0,12,6,morning,human,54.49
43.258307,76.973974,2025-12-24T09:29:27+05:00,Wednesday,2,0,12,9,morning,others,45.65
43.262615,76.928109,2026-01-19T17:40:02+05:00,Monday,0,0,1,17,evening,human,66.26
43.280602,76.893099,2026-01-14T17:00:46+05:00,Wednesday,2,0,1,17,evening,building_noise,79.48
43.235107,76.957427,2025-12-08T20:34:50+05:00,Monday,0,0,12,20,evening,human,64.46
43.23983,76.916827,2025-11-25T18:41:39+05:00,Tuesday,1,0,11,18,evening,transport,71.14
43.283496,76.891707,2026-03-31T10:41:15+05:00,Tuesday,1,0,3,10,morning,building_noise,75.22
43.257049,76.945155,2026-04-30T14:37:06+05:00,Thursday,3,0,4,14,daytime,others,62.84
43.214594,76.929816,2026-01-24T18:21:45+05:00,Saturday,5,1,1,18,evening,transport,69.3
43.238782,76.921433,2026-03-28T23:44:40+05:00,Saturday,5,1,3,23,late_evening,transport,65.71
43.359147,77.039513,2026-04-02T07:22:48+05:00,Thursday,3,0,4,7,morning,transport,75.17
43.254689,76.946199,2025-11-12T12:47:06+05:00,Wednesday,2,0,11,12,daytime,human,62.68
43.233646,76.916754,2026-04-04T09:53:12+05:00,Saturday,5,1,4,9,morning,alert,64.87
43.240268,76.931944,2026-01-21T10:07:01+05:00,Wednesday,2,0,1,10,morning,transport,60.82
43.238678,76.928937,2026-03-08T08:53:34+05:00,Sunday,6,1,3,8,morning,alert,73.19
43.262746,76.954945,2026-04-20T17:55:46+05:00,Monday,0,0,4,17,evening,alert,66.06
43.239679,76.932247,2025-12-21T21:54:12+05:00,Sunday,6,1,12,21,late_evening,alert,60.9
43.232373,76.956685,2026-02-11T02:43:35+05:00,Wednesday,2,0,2,2,night,human,56.53
43.26247,76.953533,2026-03-23T09:30:20+05:00,Monday,0,0,3,9,morning,human,51.51
43.257362,76.968472,2025-11-07T22:40:37+05:00,Friday,4,0,11,22,late_evening,others,44.08
43.241888,76.931382,2026-01-12T09:47:26+05:00,Monday,0,0,1,9,morning,alert,69.94
43.262414,76.967283,2026-01-23T18:28:21+05:00,Friday,4,0,1,18,evening,human,57.29
43.218285,76.902246,2025-11-05T23:29:17+05:00,Wednesday,2,0,11,23,late_evening,others,42.63
43.253008,76.944205,2026-04-22T10:45:11+05:00,Wednesday,2,0,4,10,morning,human,61.41
43.25714,76.962456,2026-04-16T22:40:51+05:00,Thursday,3,0,4,22,late_evening,others,49.28
43.346251,77.039266,2025-11-29T19:16:23+05:00,Saturday,5,1,11,19,evening,transport,73.51
43.265577,76.825891,2025-12-07T13:32:55+05:00,Sunday,6,1,12,13,daytime,human,53.54
43.222197,76.9288,2026-04-04T12:00:14+05:00,Saturday,5,1,4,12,daytime,transport,66.41
43.247613,76.858766,2026-03-07T21:39:59+05:00,Saturday,5,1,3,21,late_evening,building_noise,71.13
43.222432,76.901402,2025-12-30T04:08:24+05:00,Tuesday,1,0,12,4,night,others,35.0
43.257646,76.966515,2026-04-11T10:41:53+05:00,Saturday,5,1,4,10,morning,human,59.91
43.258964,76.968781,2026-02-06T16:58:56+05:00,Friday,4,0,2,16,daytime,others,48.75
43.237893,76.917888,2026-01-12T08:48:55+05:00,Monday,0,0,1,8,morning,others,63.53
43.2644,76.92692,2026-03-30T08:37:12+05:00,Monday,0,0,3,8,morning,transport,66.93
43.247987,76.86178,2025-11-12T18:37:36+05:00,Wednesday,2,0,11,18,evening,transport,77.69
43.263465,76.953539,2026-04-09T05:02:47+05:00,Thursday,3,0,4,5,night,others,35.0
43.339451,76.949935,2026-03-27T14:12:49+05:00,Friday,4,0,3,14,daytime,transport,69.58
43.352792,77.040975,2026-01-15T12:39:06+05:00,Thursday,3,0,1,12,daytime,transport,68.72
43.259698,76.96816,2026-02-17T13:29:46+05:00,Tuesday,1,0,2,13,daytime,animals,45.74
43.240363,76.921067,2025-12-29T18:32:40+05:00,Monday,0,0,12,18,evening,transport,76.89
43.25116,76.946574,2026-02-03T12:21:56+05:00,Tuesday,1,0,2,12,daytime,human,61.61
43.260739,76.822691,2026-04-23T08:41:19+05:00,Thursday,3,0,4,8,morning,others,57.54
43.251453,76.940901,2026-02-15T14:48:39+05:00,Sunday,6,1,2,14,daytime,human,61.11
43.220065,76.900201,2026-04-21T20:33:00+05:00,Tuesday,1,0,4,20,evening,building_noise,48.07
43.235228,76.956264,2026-03-31T07:24:57+05:00,Tuesday,1,0,3,7,morning,transport,71.03
43.26245,76.956048,2026-03-01T17:35:07+05:00,Sunday,6,1,3,17,evening,human,66.17
43.221323,76.931384,2025-12-05T08:16:24+05:00,Friday,4,0,12,8,morning,transport,79.33
43.251604,76.942624,2026-01-06T21:00:47+05:00,Tuesday,1,0,1,21,late_evening,human,67.54
43.214025,76.926443,2026-03-30T19:59:02+05:00,Monday,0,0,3,19,evening,transport,81.58
43.236651,76.918813,2026-03-13T20:05:42+05:00,Friday,4,0,3,20,evening,transport,56.94
43.232607,76.974717,2026-05-03T10:43:03+05:00,Sunday,6,1,5,10,morning,animals,40.41
43.260836,76.971158,2026-04-07T12:34:44+05:00,Tuesday,1,0,4,12,daytime,building_noise,54.22
43.339369,76.949307,2025-11-21T19:57:38+05:00,Friday,4,0,11,19,evening,transport,74.66
43.245579,76.939113,2026-02-07T01:42:34+05:00,Saturday,5,1,2,1,night,human,53.13
43.265099,76.927526,2026-05-10T16:16:56+05:00,Sunday,6,1,5,16,daytime,human,60.61
43.214031,76.930772,2026-05-01T10:33:53+05:00,Friday,4,0,5,10,morning,transport,67.97
43.237618,76.932813,2026-04-29T08:56:52+05:00,Wednesday,2,0,4,8,morning,alert,70.29
43.258315,76.9472,2025-11-07T17:33:15+05:00,Friday,4,0,11,17,evening,human,63.16
43.257221,76.947608,2026-01-27T17:15:49+05:00,Tuesday,1,0,1,17,evening,human,70.57
43.356642,77.048017,2025-11-01T00:31:12+05:00,Saturday,5,1,11,0,night,transport,55.0
43.247858,76.935449,2025-12-05T19:18:56+05:00,Friday,4,0,12,19,evening,human,70.12
43.235139,76.954841,2026-03-24T16:14:49+05:00,Tuesday,1,0,3,16,daytime,human,62.59
43.219674,76.928464,2026-03-28T18:50:30+05:00,Saturday,5,1,3,18,evening,alert,78.4
43.235955,76.916296,2025-12-19T09:39:41+05:00,Friday,4,0,12,9,morning,transport,70.62
43.238403,76.91693,2026-02-14T17:30:40+05:00,Saturday,5,1,2,17,evening,transport,62.15
43.250944,76.94183,2026-01-26T23:04:54+05:00,Monday,0,0,1,23,late_evening,human,69.18
43.258041,76.971283,2026-01-03T09:46:19+05:00,Saturday,5,1,1,9,morning,animals,36.85
43.261989,76.926433,2026-01-27T19:44:08+05:00,Tuesday,1,0,1,19,evening,others,69.38
43.257095,76.944626,2026-05-07T11:46:37+05:00,Thursday,3,0,5,11,daytime,others,57.09
43.238809,76.93216,2026-03-18T07:09:07+05:00,Wednesday,2,0,3,7,morning,alert,78.51
43.255008,76.947195,2026-02-03T11:34:36+05:00,Tuesday,1,0,2,11,daytime,human,61.34
43.252638,76.939493,2026-01-03T09:00:38+05:00,Saturday,5,1,1,9,morning,human,69.33
43.25747,76.945105,2026-01-24T22:09:51+05:00,Saturday,5,1,1,22,late_evening,human,70.39
43.215945,76.92921,2026-01-11T17:10:05+05:00,Sunday,6,1,1,17,evening,transport,74.84
43.255894,76.972523,2026-01-06T12:18:07+05:00,Tuesday,1,0,1,12,daytime,human,53.65
43.2209,76.898467,2025-11-20T08:57:08+05:00,Thursday,3,0,11,8,morning,others,45.67
43.261587,76.953378,2025-11-28T16:45:59+05:00,Friday,4,0,11,16,daytime,human,69.15
43.280896,76.894043,2026-02-12T11:05:36+05:00,Thursday,3,0,2,11,daytime,building_noise,73.02
43.218409,76.89826,2026-02-26T02:02:38+05:00,Thursday,3,0,2,2,night,others,35.0
43.222727,76.901629,2025-11-22T07:59:52+05:00,Saturday,5,1,11,7,morning,others,45.02
43.257353,76.946175,2025-11-17T19:35:29+05:00,Monday,0,0,11,19,evening,human,64.31
43.222287,76.901575,2026-04-04T20:23:22+05:00,Saturday,5,1,4,20,evening,others,38.72
43.284766,76.893256,2026-03-26T08:44:21+05:00,Thursday,3,0,3,8,morning,building_noise,76.98
43.240366,76.925546,2025-12-23T17:14:31+05:00,Tuesday,1,0,12,17,evening,transport,75.63
43.263271,76.928574,2026-03-22T20:25:30+05:00,Sunday,6,1,3,20,evening,human,67.37
43.23872,76.918573,2025-12-13T17:51:14+05:00,Saturday,5,1,12,17,evening,human,59.48
43.214035,76.929381,2026-02-04T12:09:40+05:00,Wednesday,2,0,2,12,daytime,transport,71.52
43.238198,76.917015,2025-11-28T17:33:25+05:00,Friday,4,0,11,17,evening,transport,72.05
43.235357,76.915731,2026-01-04T15:34:29+05:00,Sunday,6,1,1,15,daytime,others,56.27
43.24075,76.957127,2026-02-23T18:28:07+05:00,Monday,0,0,2,18,evening,others,69.89
43.241179,76.930384,2025-11-10T10:08:26+05:00,Monday,0,0,11,10,morning,alert,71.27
43.258408,76.969148,2026-04-21T22:44:48+05:00,Tuesday,1,0,4,22,late_evening,others,44.28
43.252386,76.94287,2026-03-03T17:59:06+05:00,Tuesday,1,0,3,17,evening,transport,65.08
43.216881,76.922725,2026-02-17T09:48:23+05:00,Tuesday,1,0,2,9,morning,alert,86.67
43.238237,76.914794,2026-01-07T23:54:36+05:00,Wednesday,2,0,1,23,late_evening,transport,62.78
43.253422,76.942821,2026-02-13T07:10:28+05:00,Friday,4,0,2,7,morning,others,64.19
43.265362,76.825242,2026-01-08T08:05:59+05:00,Thursday,3,0,1,8,morning,human,56.28
43.257675,76.947042,2025-11-15T22:04:13+05:00,Saturday,5,1,11,22,late_evening,building_noise,77.34
43.281936,76.890906,2026-01-25T15:05:11+05:00,Sunday,6,1,1,15,daytime,transport,59.69
43.215125,76.929627,2025-11-11T06:22:22+05:00,Tuesday,1,0,11,6,morning,transport,63.24
43.260593,76.973034,2026-04-29T10:56:38+05:00,Wednesday,2,0,4,10,morning,human,52.05
43.353597,77.039319,2025-11-26T08:07:21+05:00,Wednesday,2,0,11,8,morning,transport,73.93
43.237743,76.930318,2025-12-06T09:18:28+05:00,Saturday,5,1,12,9,morning,alert,72.69
43.260897,76.967655,2026-04-05T18:20:44+05:00,Sunday,6,1,4,18,evening,human,60.77
43.255762,76.945247,2026-01-29T13:26:53+05:00,Thursday,3,0,1,13,daytime,building_noise,68.21
43.251162,76.940566,2026-03-20T12:01:13+05:00,Friday,4,0,3,12,daytime,others,59.41
43.259946,76.974944,2026-01-18T08:39:50+05:00,Sunday,6,1,1,8,morning,animals,39.82
43.233736,76.955,2025-12-10T15:32:35+05:00,Wednesday,2,0,12,15,daytime,others,60.55
43.254567,76.943436,2025-12-21T18:43:37+05:00,Sunday,6,1,12,18,evening,human,65.53
43.282238,76.889073,2025-11-01T08:48:43+05:00,Saturday,5,1,11,8,morning,building_noise,81.12
43.238578,76.930844,2025-12-06T09:40:24+05:00,Saturday,5,1,12,9,morning,alert,71.07
43.278647,76.893576,2026-01-05T17:07:13+05:00,Monday,0,0,1,17,evening,building_noise,76.9
43.264711,76.952813,2026-03-08T00:12:51+05:00,Sunday,6,1,3,0,night,others,39.41
43.281134,76.895479,2026-05-10T19:41:24+05:00,Sunday,6,1,5,19,evening,alert,76.52
43.284994,76.897105,2025-12-20T18:49:29+05:00,Saturday,5,1,12,18,evening,building_noise,81.63
43.258303,76.942868,2026-02-23T18:34:11+05:00,Monday,0,0,2,18,evening,human,66.86
43.23548,76.955082,2026-04-05T22:31:18+05:00,Sunday,6,1,4,22,late_evening,human,67.79
43.220926,76.904583,2026-02-08T07:39:29+05:00,Sunday,6,1,2,7,morning,others,49.68
43.235987,76.925022,2026-01-05T09:36:36+05:00,Monday,0,0,1,9,morning,transport,78.78
43.218426,76.927912,2025-12-24T17:51:27+05:00,Wednesday,2,0,12,17,evening,transport,78.16
43.223943,76.903376,2026-01-16T14:03:47+05:00,Friday,4,0,1,14,daytime,human,55.35
43.253832,76.945467,2026-02-08T18:41:18+05:00,Sunday,6,1,2,18,evening,human,72.17
43.238807,76.958031,2026-02-14T07:25:15+05:00,Saturday,5,1,2,7,morning,human,69.51
43.259406,76.97046,2026-03-20T18:33:30+05:00,Friday,4,0,3,18,evening,human,62.91
43.218779,76.92952,2026-04-25T12:13:56+05:00,Saturday,5,1,4,12,daytime,transport,70.06
43.260216,76.975343,2026-04-11T17:40:20+05:00,Saturday,5,1,4,17,evening,human,60.48
43.221608,76.929591,2026-01-13T12:41:52+05:00,Tuesday,1,0,1,12,daytime,transport,72.09
43.280067,76.898911,2026-03-21T07:44:09+05:00,Saturday,5,1,3,7,morning,transport,66.69
43.249503,76.859813,2026-02-14T18:40:44+05:00,Saturday,5,1,2,18,evening,transport,72.26
43.24749,76.940625,2026-03-11T17:38:53+05:00,Wednesday,2,0,3,17,evening,human,68.92
43.251416,76.943812,2026-01-30T14:29:21+05:00,Friday,4,0,1,14,daytime,human,62.49
43.257375,76.94482,2026-01-04T21:29:59+05:00,Sunday,6,1,1,21,late_evening,human,67.41
43.234675,76.956775,2026-05-10T11:24:16+05:00,Sunday,6,1,5,11,daytime,human,64.06
43.2486,76.940697,2025-11-01T11:06:04+05:00,Saturday,5,1,11,11,daytime,human,65.06
43.277538,76.897582,2026-03-17T11:51:54+05:00,Tuesday,1,0,3,11,daytime,building_noise,74.68
43.337807,76.950541,2026-04-05T16:34:16+05:00,Sunday,6,1,4,16,daytime,transport,67.59
43.257245,76.96729,2026-03-05T20:58:43+05:00,Thursday,3,0,3,20,evening,animals,44.32
43.238011,76.933442,2026-04-29T08:45:52+05:00,Wednesday,2,0,4,8,morning,alert,70.57
43.251659,76.946225,2026-01-23T21:40:11+05:00,Friday,4,0,1,21,late_evening,human,73.48
43.262424,76.954489,2025-12-24T15:50:24+05:00,Wednesday,2,0,12,15,daytime,human,68.28
43.287178,76.89529,2026-04-15T16:50:41+05:00,Wednesday,2,0,4,16,daytime,building_noise,72.41
43.2392,76.9292,2026-04-09T22:18:45+05:00,Thursday,3,0,4,22,late_evening,alert,67.36
43.233562,76.978365,2026-04-09T12:57:38+05:00,Thursday,3,0,4,12,daytime,human,55.4
43.279169,76.894788,2025-12-01T09:25:03+05:00,Monday,0,0,12,9,morning,alert,82.48
43.220682,76.899456,2026-02-28T09:50:05+05:00,Saturday,5,1,2,9,morning,others,47.99
43.276558,76.89241,2025-12-30T18:45:13+05:00,Tuesday,1,0,12,18,evening,building_noise,77.89
43.285365,76.892477,2026-03-31T09:18:40+05:00,Tuesday,1,0,3,9,morning,building_noise,80.83
43.265461,76.816923,2026-04-16T01:02:48+05:00,Thursday,3,0,4,1,night,human,35.19
43.25714,76.974333,2025-11-23T07:45:51+05:00,Sunday,6,1,11,7,morning,others,48.24
43.355421,77.050274,2025-12-15T03:20:33+05:00,Monday,0,0,12,3,night,alert,63.64
43.262257,76.819526,2026-03-24T21:53:25+05:00,Tuesday,1,0,3,21,late_evening,human,56.37
43.265887,76.927658,2026-02-08T22:20:09+05:00,Sunday,6,1,2,22,late_evening,human,61.85
43.233865,76.91619,2026-02-08T09:58:13+05:00,Sunday,6,1,2,9,morning,others,58.3
43.261344,76.953337,2026-02-20T21:07:01+05:00,Friday,4,0,2,21,late_evening,others,53.79
43.249549,76.860668,2026-04-12T11:21:19+05:00,Sunday,6,1,4,11,daytime,transport,69.93
43.238644,76.930483,2026-03-31T21:52:18+05:00,Tuesday,1,0,3,21,late_evening,alert,72.38
43.242284,76.866747,2026-01-06T18:07:00+05:00,Tuesday,1,0,1,18,evening,building_noise,82.53
43.217884,76.927857,2026-04-30T19:10:06+05:00,Thursday,3,0,4,19,evening,transport,81.52
43.261035,76.952472,2026-01-12T11:41:58+05:00,Monday,0,0,1,11,daytime,human,52.46
43.240232,76.924085,2026-03-29T19:42:27+05:00,Sunday,6,1,3,19,evening,transport,71.86
43.232748,76.978105,2026-02-10T13:04:24+05:00,Tuesday,1,0,2,13,daytime,human,54.1
43.255191,76.94464,2026-04-20T19:26:10+05:00,Monday,0,0,4,19,evening,human,67.19
43.339867,76.95016,2025-12-16T09:22:59+05:00,Tuesday,1,0,12,9,morning,transport,73.75
43.257069,76.974532,2026-03-04T07:22:29+05:00,Wednesday,2,0,3,7,morning,animals,40.82
43.263742,76.953138,2026-03-14T21:22:43+05:00,Saturday,5,1,3,21,late_evening,others,47.05
43.232748,76.97521,2026-01-21T21:48:44+05:00,Wednesday,2,0,1,21,late_evening,building_noise,47.9
43.257623,76.974201,2025-11-27T08:05:11+05:00,Thursday,3,0,11,8,morning,animals,40.44
43.34649,76.951429,2026-01-07T08:21:17+05:00,Wednesday,2,0,1,8,morning,transport,75.36
43.350412,77.03936,2026-04-27T12:15:05+05:00,Monday,0,0,4,12,daytime,alert,73.48
43.238104,76.930379,2026-04-24T18:50:13+05:00,Friday,4,0,4,18,evening,alert,74.03
43.254362,76.944003,2026-01-22T12:03:27+05:00,Thursday,3,0,1,12,daytime,others,51.2
43.258897,76.968066,2026-01-23T09:39:11+05:00,Friday,4,0,1,9,morning,others,47.33
43.2393,76.929007,2025-12-26T21:19:33+05:00,Friday,4,0,12,21,late_evening,alert,70.76
43.221342,76.904649,2026-02-08T07:40:29+05:00,Sunday,6,1,2,7,morning,others,49.06
43.25582,76.975556,2026-01-30T10:10:56+05:00,Friday,4,0,1,10,morning,animals,42.75
43.258983,76.974942,2026-04-09T11:28:51+05:00,Thursday,3,0,4,11,daytime,human,49.35
43.358225,77.036065,2025-12-28T19:12:17+05:00,Sunday,6,1,12,19,evening,transport,73.89
43.26574,76.926262,2026-04-08T12:52:10+05:00,Wednesday,2,0,4,12,daytime,human,64.52
43.266376,76.818281,2025-11-29T00:51:13+05:00,Saturday,5,1,11,0,night,human,36.02
43.236917,76.955491,2026-01-24T12:21:17+05:00,Saturday,5,1,1,12,daytime,transport,69.08
43.27847,76.893866,2026-04-09T11:44:58+05:00,Thursday,3,0,4,11,daytime,building_noise,73.24
43.26206,76.818496,2025-12-15T09:48:16+05:00,Monday,0,0,12,9,morning,human,58.1
43.247942,76.943953,2026-02-09T19:48:32+05:00,Monday,0,0,2,19,evening,alert,73.7
43.23538,76.954996,2026-03-17T09:02:07+05:00,Tuesday,1,0,3,9,morning,transport,79.68
43.218835,76.929344,2026-02-26T11:49:51+05:00,Thursday,3,0,2,11,daytime,transport,70.49
43.256863,76.974407,2025-11-27T07:58:11+05:00,Thursday,3,0,11,7,morning,animals,42.12
43.238753,76.931558,2026-01-15T16:19:16+05:00,Thursday,3,0,1,16,daytime,transport,64.74
43.2603,76.975207,2025-11-29T20:22:34+05:00,Saturday,5,1,11,20,evening,animals,35.0
43.282712,76.89927,2026-02-07T17:15:51+05:00,Saturday,5,1,2,17,evening,building_noise,76.36
43.234899,76.956883,2026-04-28T09:00:53+05:00,Tuesday,1,0,4,9,morning,transport,71.47
43.265154,76.929224,2026-03-31T16:25:03+05:00,Tuesday,1,0,3,16,daytime,human,61.32
43.244215,76.864787,2025-12-13T10:02:34+05:00,Saturday,5,1,12,10,morning,transport,66.6
43.219785,76.900831,2026-05-08T21:43:26+05:00,Friday,4,0,5,21,late_evening,others,44.58
43.266324,76.926343,2026-03-06T21:01:57+05:00,Friday,4,0,3,21,late_evening,transport,64.79
43.341851,76.952383,2026-05-10T07:44:10+05:00,Sunday,6,1,5,7,morning,transport,70.18
43.238989,76.932052,2026-02-02T20:48:38+05:00,Monday,0,0,2,20,evening,alert,68.13
43.265057,76.821649,2026-02-12T14:48:43+05:00,Thursday,3,0,2,14,daytime,human,61.5
43.264836,76.821694,2025-11-27T00:34:25+05:00,Thursday,3,0,11,0,night,human,35.68
43.23735,76.925564,2026-02-24T16:22:35+05:00,Tuesday,1,0,2,16,daytime,transport,63.95
43.240273,76.931695,2026-03-09T09:06:29+05:00,Monday,0,0,3,9,morning,alert,71.67
43.220123,76.927287,2026-05-10T07:03:29+05:00,Sunday,6,1,5,7,morning,transport,71.72
43.337301,76.946251,2025-12-24T21:53:26+05:00,Wednesday,2,0,12,21,late_evening,alert,71.35
43.23931,76.915478,2026-05-10T08:17:09+05:00,Sunday,6,1,5,8,morning,transport,62.01
43.239983,76.924539,2025-12-31T07:05:42+05:00,Wednesday,2,0,12,7,morning,transport,80.87
43.233901,76.973348,2026-02-27T06:56:42+05:00,Friday,4,0,2,6,morning,others,35.0
43.235982,76.978595,2025-12-30T06:31:22+05:00,Tuesday,1,0,12,6,morning,others,39.21
43.25946,76.945408,2026-02-17T18:32:35+05:00,Tuesday,1,0,2,18,evening,human,66.41
43.23811,76.958334,2026-02-15T17:53:28+05:00,Sunday,6,1,2,17,evening,human,66.67
43.237928,76.915622,2025-12-13T20:17:13+05:00,Saturday,5,1,12,20,evening,transport,59.49
43.262488,76.926698,2026-01-30T15:08:27+05:00,Friday,4,0,1,15,daytime,human,59.91
43.239549,76.928345,2025-12-25T13:41:20+05:00,Thursday,3,0,12,13,daytime,transport,66.5
43.338082,76.947313,2026-04-03T17:05:07+05:00,Friday,4,0,4,17,evening,alert,84.65
43.339892,76.948469,2026-04-30T07:48:23+05:00,Thursday,3,0,4,7,morning,transport,78.03
43.283123,76.894835,2026-03-23T16:44:41+05:00,Monday,0,0,3,16,daytime,building_noise,77.52
43.262905,76.955132,2026-04-13T21:13:56+05:00,Monday,0,0,4,21,late_evening,others,52.1
43.251086,76.942787,2026-02-28T10:33:35+05:00,Saturday,5,1,2,10,morning,alert,70.08
43.263037,76.928155,2026-01-22T17:34:38+05:00,Thursday,3,0,1,17,evening,human,64.79
43.235922,76.956405,2025-11-15T13:24:34+05:00,Saturday,5,1,11,13,daytime,human,63.91
43.252627,76.946668,2026-01-15T12:38:09+05:00,Thursday,3,0,1,12,daytime,human,64.53
43.265425,76.928237,2026-04-25T10:55:10+05:00,Saturday,5,1,4,10,morning,human,58.42
43.235736,76.956754,2025-12-28T23:06:25+05:00,Sunday,6,1,12,23,late_evening,human,63.86
43.257952,76.973056,2026-04-09T08:52:28+05:00,Thursday,3,0,4,8,morning,animals,42.61
43.338392,76.947409,2026-02-27T08:50:25+05:00,Friday,4,0,2,8,morning,transport,71.16
43.260388,76.964884,2026-05-01T21:38:59+05:00,Friday,4,0,5,21,late_evening,others,47.13
43.237771,76.931081,2026-03-20T20:14:29+05:00,Friday,4,0,3,20,evening,alert,72.3
43.251365,76.860301,2025-11-22T16:36:12+05:00,Saturday,5,1,11,16,daytime,others,63.97
43.25095,76.943499,2025-12-12T18:37:03+05:00,Friday,4,0,12,18,evening,building_noise,69.88
43.273781,76.896853,2025-12-16T12:29:12+05:00,Tuesday,1,0,12,12,daytime,building_noise,67.52
43.259436,76.968533,2026-01-04T18:10:21+05:00,Sunday,6,1,1,18,evening,human,59.1
43.26073,76.953587,2026-04-14T14:56:01+05:00,Tuesday,1,0,4,14,daytime,human,64.99
43.281691,76.899711,2026-04-22T17:33:43+05:00,Wednesday,2,0,4,17,evening,building_noise,77.05
43.238792,76.911118,2026-01-20T16:40:58+05:00,Tuesday,1,0,1,16,daytime,others,50.25
43.25475,76.947002,2025-11-13T21:53:12+05:00,Thursday,3,0,11,21,late_evening,human,65.25
43.238168,76.918632,2026-04-25T11:23:18+05:00,Saturday,5,1,4,11,daytime,human,56.83
43.234181,76.951291,2026-01-10T17:11:42+05:00,Saturday,5,1,1,17,evening,human,66.08
43.229177,76.899806,2026-02-06T20:27:38+05:00,Friday,4,0,2,20,evening,others,38.53
43.220184,76.926737,2026-01-26T15:01:44+05:00,Monday,0,0,1,15,daytime,transport,71.39
43.264169,76.8202,2025-12-10T06:32:16+05:00,Wednesday,2,0,12,6,morning,human,44.68
43.355368,77.041584,2025-12-27T19:33:22+05:00,Saturday,5,1,12,19,evening,transport,69.02
43.239523,76.930532,2026-03-17T11:52:31+05:00,Tuesday,1,0,3,11,daytime,alert,69.37
43.259589,76.943891,2026-02-14T14:14:34+05:00,Saturday,5,1,2,14,daytime,human,56.54
43.344054,77.038112,2026-01-21T17:23:45+05:00,Wednesday,2,0,1,17,evening,transport,79.79
43.266102,76.928819,2025-11-30T08:46:27+05:00,Sunday,6,1,11,8,morning,human,60.97
43.236383,76.953364,2025-12-28T22:59:02+05:00,Sunday,6,1,12,22,late_evening,human,68.61
43.237585,76.975054,2026-02-09T17:31:48+05:00,Monday,0,0,2,17,evening,human,57.6
43.218936,76.931753,2026-02-16T17:31:18+05:00,Monday,0,0,2,17,evening,transport,78.95
43.254842,76.942721,2025-11-21T15:16:09+05:00,Friday,4,0,11,15,daytime,human,60.04
43.244189,76.9404,2026-02-02T17:48:19+05:00,Monday,0,0,2,17,evening,human,65.89
43.262564,76.955009,2026-03-01T08:23:38+05:00,Sunday,6,1,3,8,morning,others,51.56
43.263782,76.952093,2026-01-23T17:20:15+05:00,Friday,4,0,1,17,evening,others,68.78
43.240631,76.923373,2025-12-27T17:05:49+05:00,Saturday,5,1,12,17,evening,human,67.79
43.236837,76.922778,2026-02-10T06:33:01+05:00,Tuesday,1,0,2,6,morning,transport,62.25
43.219539,76.927793,2026-04-05T13:59:56+05:00,Sunday,6,1,4,13,daytime,transport,67.39
43.240799,76.918786,2026-01-17T13:11:30+05:00,Saturday,5,1,1,13,daytime,transport,60.6
43.244579,76.864771,2025-11-29T15:36:35+05:00,Saturday,5,1,11,15,daytime,transport,69.78
43.250749,76.939408,2026-03-23T08:32:34+05:00,Monday,0,0,3,8,morning,human,66.35
43.243227,76.86248,2026-04-26T01:46:00+05:00,Sunday,6,1,4,1,night,transport,58.14
43.264301,76.954196,2026-01-12T20:45:22+05:00,Monday,0,0,1,20,evening,others,44.55
43.238005,76.956355,2026-01-23T21:52:33+05:00,Friday,4,0,1,21,late_evening,human,71.84
43.336545,76.947717,2026-01-04T09:27:21+05:00,Sunday,6,1,1,9,morning,animals,54.27
43.262297,76.955211,2026-03-20T20:14:13+05:00,Friday,4,0,3,20,evening,others,51.13
43.253589,76.945158,2025-11-16T18:40:43+05:00,Sunday,6,1,11,18,evening,human,65.24
43.279606,76.894143,2025-12-01T09:30:03+05:00,Monday,0,0,12,9,morning,alert,82.18
43.248217,76.941141,2026-05-06T22:31:18+05:00,Wednesday,2,0,5,22,late_evening,human,71.16
43.280732,76.894588,2026-02-03T13:04:51+05:00,Tuesday,1,0,2,13,daytime,building_noise,68.95
43.254792,76.947791,2026-04-13T09:29:55+05:00,Monday,0,0,4,9,morning,human,61.52
43.264242,76.953614,2026-05-09T17:09:48+05:00,Saturday,5,1,5,17,evening,human,67.03
43.236348,76.931007,2025-11-28T18:28:26+05:00,Friday,4,0,11,18,evening,alert,79.86
43.236505,76.919066,2026-02-08T07:08:24+05:00,Sunday,6,1,2,7,morning,transport,66.17
43.26039,76.945161,2026-03-19T17:46:17+05:00,Thursday,3,0,3,17,evening,human,72.48
43.353679,77.041891,2026-05-05T00:41:52+05:00,Tuesday,1,0,5,0,night,transport,53.57
43.257411,76.972715,2026-04-27T08:59:40+05:00,Monday,0,0,4,8,morning,animals,42.78
43.345862,76.946096,2026-01-25T18:50:38+05:00,Sunday,6,1,1,18,evening,transport,67.26
43.245792,76.860652,2025-11-06T18:36:02+05:00,Thursday,3,0,11,18,evening,transport,76.61
43.345167,77.036364,2026-01-26T08:43:50+05:00,Monday,0,0,1,8,morning,transport,77.48
43.355526,77.039136,2026-01-21T21:12:43+05:00,Wednesday,2,0,1,21,late_evening,transport,71.96
43.286951,76.886474,2026-01-16T08:59:51+05:00,Friday,4,0,1,8,morning,building_noise,73.77
43.235742,76.955974,2025-12-30T07:54:57+05:00,Tuesday,1,0,12,7,morning,transport,78.72
43.25758,76.947779,2026-03-12T18:49:04+05:00,Thursday,3,0,3,18,evening,human,58.72
43.239961,76.921248,2026-05-01T17:10:20+05:00,Friday,4,0,5,17,evening,transport,80.22
43.221849,76.904398,2026-03-03T18:49:11+05:00,Tuesday,1,0,3,18,evening,animals,46.72
43.250991,76.944583,2026-02-12T18:34:16+05:00,Thursday,3,0,2,18,evening,human,74.45
43.282767,76.885471,2025-12-30T14:17:49+05:00,Tuesday,1,0,12,14,daytime,building_noise,73.16
43.262799,76.925378,2025-11-11T06:06:53+05:00,Tuesday,1,0,11,6,morning,human,60.56
43.275667,76.89461,2026-04-28T14:35:22+05:00,Tuesday,1,0,4,14,daytime,building_noise,71.94
43.347257,77.037058,2026-03-29T09:17:24+05:00,Sunday,6,1,3,9,morning,transport,72.5
43.223246,76.896902,2026-01-24T08:12:51+05:00,Saturday,5,1,1,8,morning,others,47.84
43.221997,76.928352,2025-11-14T11:58:31+05:00,Friday,4,0,11,11,daytime,transport,73.5
43.224754,76.901575,2026-03-27T20:32:51+05:00,Friday,4,0,3,20,evening,transport,51.02
43.216941,76.929491,2026-04-19T06:22:36+05:00,Sunday,6,1,4,6,morning,transport,66.4
43.341821,76.949626,2025-12-19T12:40:58+05:00,Friday,4,0,12,12,daytime,transport,70.1
43.240179,76.931891,2026-03-09T09:03:29+05:00,Monday,0,0,3,9,morning,alert,71.02
43.265618,76.820566,2026-03-25T20:30:52+05:00,Wednesday,2,0,3,20,evening,others,55.88
43.280199,76.895045,2026-04-04T18:38:33+05:00,Saturday,5,1,4,18,evening,building_noise,72.21
43.257916,76.946837,2026-04-15T00:34:58+05:00,Wednesday,2,0,4,0,night,human,52.99
43.258087,76.944951,2025-11-12T18:11:01+05:00,Wednesday,2,0,11,18,evening,human,67.96
43.216985,76.928017,2025-12-28T04:29:06+05:00,Sunday,6,1,12,4,night,transport,53.55
43.283887,76.893775,2025-11-22T18:06:46+05:00,Saturday,5,1,11,18,evening,building_noise,74.21
43.349437,77.031859,2026-04-15T19:32:27+05:00,Wednesday,2,0,4,19,evening,transport,79.32
43.261833,76.82002,2026-02-19T14:21:57+05:00,Thursday,3,0,2,14,daytime,human,54.86
43.250617,76.864368,2026-01-24T16:14:56+05:00,Saturday,5,1,1,16,daytime,transport,69.6
43.222926,76.901009,2026-03-03T18:03:40+05:00,Tuesday,1,0,3,18,evening,human,57.76
43.240127,76.919261,2026-01-20T16:59:58+05:00,Tuesday,1,0,1,16,daytime,transport,74.42
43.259421,76.975554,2026-04-03T20:54:13+05:00,Friday,4,0,4,20,evening,animals,35.31
43.235956,76.921432,2026-03-25T18:06:37+05:00,Wednesday,2,0,3,18,evening,transport,78.8
43.233364,76.953323,2026-01-07T19:11:45+05:00,Wednesday,2,0,1,19,evening,transport,74.44
43.237697,76.919674,2026-02-02T18:03:14+05:00,Monday,0,0,2,18,evening,transport,84.3
43.222234,76.90226,2026-02-06T20:50:03+05:00,Friday,4,0,2,20,evening,others,42.99
43.26166,76.952359,2026-03-13T12:21:54+05:00,Friday,4,0,3,12,daytime,building_noise,71.33
43.221369,76.899447,2025-12-25T08:29:43+05:00,Thursday,3,0,12,8,morning,others,44.08
43.236483,76.929158,2025-11-27T08:05:34+05:00,Thursday,3,0,11,8,morning,alert,72.93
43.238399,76.930146,2026-05-01T19:34:07+05:00,Friday,4,0,5,19,evening,alert,76.43
43.230149,76.974979,2025-12-22T01:27:47+05:00,Monday,0,0,12,1,night,others,35.0
43.240345,76.931125,2026-01-03T17:52:41+05:00,Saturday,5,1,1,17,evening,alert,80.04
43.284736,76.897923,2025-11-07T15:02:38+05:00,Friday,4,0,11,15,daytime,building_noise,75.47
43.26204,76.827872,2025-11-11T06:38:08+05:00,Tuesday,1,0,11,6,morning,human,42.53
43.253588,76.941205,2026-05-03T18:27:04+05:00,Sunday,6,1,5,18,evening,alert,75.58
43.239489,76.92898,2026-02-25T21:35:19+05:00,Wednesday,2,0,2,21,late_evening,alert,70.17
43.233169,76.976615,2026-05-10T12:52:56+05:00,Sunday,6,1,5,12,daytime,others,48.85
43.240087,76.919664,2026-04-18T08:23:22+05:00,Saturday,5,1,4,8,morning,transport,68.26
43.337904,76.951909,2025-11-05T17:33:55+05:00,Wednesday,2,0,11,17,evening,alert,88.75
43.236973,76.929628,2025-12-07T01:59:57+05:00,Sunday,6,1,12,1,night,transport,50.69
43.258735,76.96576,2026-02-26T14:08:14+05:00,Thursday,3,0,2,14,daytime,human,51.71
43.232264,76.977174,2026-03-12T07:20:14+05:00,Thursday,3,0,3,7,morning,others,42.61
43.250911,76.947097,2025-11-11T05:40:59+05:00,Tuesday,1,0,11,5,night,human,53.08
43.221098,76.929861,2026-02-06T08:51:25+05:00,Friday,4,0,2,8,morning,transport,76.12
43.250017,76.858459,2026-02-05T17:13:46+05:00,Thursday,3,0,2,17,evening,transport,78.21
43.239032,76.97803,2026-01-29T12:18:57+05:00,Thursday,3,0,1,12,daytime,human,53.67
43.260432,76.970275,2026-04-08T15:45:36+05:00,Wednesday,2,0,4,15,daytime,human,54.32
43.264533,76.823344,2025-12-15T19:58:21+05:00,Monday,0,0,12,19,evening,human,59.99
43.265276,76.925676,2026-03-01T10:09:51+05:00,Sunday,6,1,3,10,morning,human,57.9
43.261769,76.951827,2025-11-20T22:06:17+05:00,Thursday,3,0,11,22,late_evening,others,46.88
43.239015,76.927976,2026-01-04T07:52:10+05:00,Sunday,6,1,1,7,morning,alert,73.88
43.251414,76.942879,2026-03-16T10:42:51+05:00,Monday,0,0,3,10,morning,human,61.82
43.237599,76.915203,2026-01-26T19:42:39+05:00,Monday,0,0,1,19,evening,transport,64.39
43.259792,76.974299,2026-02-02T08:41:48+05:00,Monday,0,0,2,8,morning,animals,41.88
43.233128,76.956608,2026-03-19T21:27:23+05:00,Thursday,3,0,3,21,late_evening,human,70.16
43.221679,76.926403,2025-11-06T18:14:52+05:00,Thursday,3,0,11,18,evening,transport,81.95
43.25232,76.943692,2026-01-05T19:02:20+05:00,Monday,0,0,1,19,evening,human,66.28
43.24005,76.917363,2026-01-07T07:45:47+05:00,Wednesday,2,0,1,7,morning,transport,81.88
43.259682,76.972161,2026-05-07T23:07:19+05:00,Thursday,3,0,5,23,late_evening,animals,37.33
43.217476,76.92961,2026-03-05T18:27:33+05:00,Thursday,3,0,3,18,evening,transport,82.19
43.255227,76.944094,2026-01-07T19:22:14+05:00,Wednesday,2,0,1,19,evening,human,71.07
43.215739,76.924805,2026-04-23T07:06:42+05:00,Thursday,3,0,4,7,morning,transport,80.37
43.23974,76.930493,2026-04-29T10:00:08+05:00,Wednesday,2,0,4,10,morning,transport,64.59
43.348693,77.040579,2025-11-08T09:18:19+05:00,Saturday,5,1,11,9,morning,transport,70.95
43.237602,76.92232,2026-01-21T08:31:14+05:00,Wednesday,2,0,1,8,morning,transport,80.39
43.235941,76.92439,2026-03-18T18:49:46+05:00,Wednesday,2,0,3,18,evening,transport,83.09
43.279239,76.897685,2026-03-16T17:22:09+05:00,Monday,0,0,3,17,evening,building_noise,80.22
43.236084,76.915063,2026-04-04T13:23:08+05:00,Saturday,5,1,4,13,daytime,transport,58.36
43.347157,77.038524,2026-01-26T07:51:35+05:00,Monday,0,0,1,7,morning,transport,76.08
43.276119,76.894624,2026-04-28T14:46:22+05:00,Tuesday,1,0,4,14,daytime,building_noise,72.51
43.265145,76.820681,2026-01-18T21:49:25+05:00,Sunday,6,1,1,21,late_evening,human,67.17
43.284623,76.895265,2025-12-16T16:15:41+05:00,Tuesday,1,0,12,16,daytime,building_noise,75.5
43.238387,76.930059,2026-03-12T11:09:24+05:00,Thursday,3,0,3,11,daytime,transport,64.5
43.220499,76.928217,2026-03-31T13:23:27+05:00,Tuesday,1,0,3,13,daytime,transport,74.16
43.251264,76.940909,2026-01-03T22:52:05+05:00,Saturday,5,1,1,22,late_evening,others,68.97
43.264948,76.928164,2026-04-17T21:17:42+05:00,Friday,4,0,4,21,late_evening,human,58.85
43.282547,76.892259,2026-01-24T08:41:25+05:00,Saturday,5,1,1,8,morning,building_noise,76.53
43.23954,76.93071,2026-04-21T18:21:26+05:00,Tuesday,1,0,4,18,evening,alert,72.26
43.287316,76.893121,2026-02-19T04:22:07+05:00,Thursday,3,0,2,4,night,transport,46.73
43.247387,76.943516,2026-04-12T08:22:13+05:00,Sunday,6,1,4,8,morning,human,63.22
43.285155,76.894178,2026-03-15T08:20:13+05:00,Sunday,6,1,3,8,morning,transport,67.29
43.237169,76.955428,2026-01-20T19:43:18+05:00,Tuesday,1,0,1,19,evening,transport,75.5
43.237312,76.956994,2026-01-04T01:18:08+05:00,Sunday,6,1,1,1,night,transport,54.07
43.259762,76.94444,2026-03-23T18:12:14+05:00,Monday,0,0,3,18,evening,human,63.55
43.265395,76.927284,2025-11-05T13:58:13+05:00,Wednesday,2,0,11,13,daytime,human,60.14
43.235666,76.981286,2025-12-08T19:40:42+05:00,Monday,0,0,12,19,evening,human,55.86
43.217414,76.900991,2026-02-15T07:37:49+05:00,Sunday,6,1,2,7,morning,others,44.69
43.288854,76.893709,2026-03-13T16:25:15+05:00,Friday,4,0,3,16,daytime,building_noise,69.3
43.251605,76.857493,2026-01-01T09:45:55+05:00,Thursday,3,0,1,9,morning,transport,78.15
43.33799,76.952144,2026-03-21T13:39:06+05:00,Saturday,5,1,3,13,daytime,transport,66.04
43.246254,76.864059,2026-04-17T17:17:42+05:00,Friday,4,0,4,17,evening,transport,79.52
43.338523,76.954113,2025-11-22T10:09:07+05:00,Saturday,5,1,11,10,morning,transport,66.72
43.258772,76.976282,2026-03-04T08:04:23+05:00,Wednesday,2,0,3,8,morning,animals,35.0
43.249138,76.858911,2025-11-29T22:34:05+05:00,Saturday,5,1,11,22,late_evening,transport,65.43
43.265052,76.966848,2026-01-14T06:02:46+05:00,Wednesday,2,0,1,6,morning,others,35.8
43.259237,76.969414,2025-12-21T16:22:12+05:00,Sunday,6,1,12,16,daytime,human,57.22
43.242885,76.8648,2026-01-13T13:06:58+05:00,Tuesday,1,0,1,13,daytime,transport,70.34
43.276505,76.891129,2025-11-05T13:29:49+05:00,Wednesday,2,0,11,13,daytime,building_noise,70.65
43.356204,77.039422,2025-12-28T17:53:28+05:00,Sunday,6,1,12,17,evening,transport,74.05
43.239456,76.930527,2026-01-28T09:23:18+05:00,Wednesday,2,0,1,9,morning,alert,71.9
43.21702,76.931894,2026-05-10T00:30:33+05:00,Sunday,6,1,5,0,night,transport,50.18
43.2824,76.889429,2026-05-05T23:17:35+05:00,Tuesday,1,0,5,23,late_evening,building_noise,60.57
43.250772,76.941194,2026-01-08T19:01:50+05:00,Thursday,3,0,1,19,evening,human,68.47
43.259188,76.943013,2026-02-07T22:42:19+05:00,Saturday,5,1,2,22,late_evening,human,69.88
43.259054,76.972555,2026-05-07T22:58:19+05:00,Thursday,3,0,5,22,late_evening,animals,37.44
43.235356,76.956622,2026-03-01T19:44:17+05:00,Sunday,6,1,3,19,evening,human,71.77
43.278129,76.893918,2026-05-06T12:32:02+05:00,Wednesday,2,0,5,12,daytime,building_noise,74.02
43.346612,77.032719,2026-01-07T13:56:31+05:00,Wednesday,2,0,1,13,daytime,transport,67.37
43.247321,76.86108,2025-12-01T07:09:12+05:00,Monday,0,0,12,7,morning,transport,78.65
43.23869,76.916937,2026-02-16T18:53:07+05:00,Monday,0,0,2,18,evening,transport,65.02
43.246126,76.861135,2026-04-13T15:02:37+05:00,Monday,0,0,4,15,daytime,transport,67.77
43.34827,77.039687,2026-03-24T10:26:32+05:00,Tuesday,1,0,3,10,morning,transport,67.34
43.265555,76.956886,2025-11-12T23:37:37+05:00,Wednesday,2,0,11,23,late_evening,others,49.51
43.220956,76.926384,2026-02-27T18:48:09+05:00,Friday,4,0,2,18,evening,transport,86.81
43.254551,76.967542,2026-02-22T09:01:33+05:00,Sunday,6,1,2,9,morning,others,49.08
43.282871,76.891932,2025-11-04T20:03:10+05:00,Tuesday,1,0,11,20,evening,transport,59.52
43.279467,76.896516,2026-03-20T11:31:59+05:00,Friday,4,0,3,11,daytime,building_noise,71.47
43.241335,76.925442,2026-03-09T09:20:37+05:00,Monday,0,0,3,9,morning,transport,77.39
43.239161,76.924102,2025-12-29T08:59:04+05:00,Monday,0,0,12,8,morning,transport,82.83
43.23678,76.960612,2026-01-24T14:23:32+05:00,Saturday,5,1,1,14,daytime,building_noise,64.58
43.237944,76.918023,2026-02-05T16:58:42+05:00,Thursday,3,0,2,16,daytime,others,60.39
43.259018,76.95449,2026-03-22T07:31:03+05:00,Sunday,6,1,3,7,morning,others,49.08
43.2539,76.941188,2025-12-12T18:15:50+05:00,Friday,4,0,12,18,evening,building_noise,74.48
43.262798,76.970719,2026-03-27T09:28:38+05:00,Friday,4,0,3,9,morning,animals,35.0
43.262531,76.954093,2025-12-12T23:10:58+05:00,Friday,4,0,12,23,late_evening,alert,61.32
43.248115,76.93815,2026-02-06T21:40:16+05:00,Friday,4,0,2,21,late_evening,human,76.12
43.243995,76.944896,2026-03-20T22:44:07+05:00,Friday,4,0,3,22,late_evening,human,71.15
43.341217,76.949936,2026-02-17T04:07:29+05:00,Tuesday,1,0,2,4,night,transport,51.6
43.235682,76.923192,2026-04-02T13:40:09+05:00,Thursday,3,0,4,13,daytime,transport,73.47
43.236357,76.977906,2026-03-19T00:13:53+05:00,Thursday,3,0,3,0,night,animals,35.0
43.217924,76.90584,2025-11-09T20:28:37+05:00,Sunday,6,1,11,20,evening,transport,50.09
43.265059,76.822817,2026-01-17T00:49:28+05:00,Saturday,5,1,1,0,night,human,40.36
43.239625,76.930241,2026-05-05T08:02:48+05:00,Tuesday,1,0,5,8,morning,alert,72.02
43.253443,76.947481,2026-02-18T17:18:21+05:00,Wednesday,2,0,2,17,evening,transport,65.78
43.284306,76.894894,2025-11-20T07:57:57+05:00,Thursday,3,0,11,7,morning,building_noise,64.4
43.251483,76.940342,2025-12-09T19:34:02+05:00,Tuesday,1,0,12,19,evening,human,68.17
43.257578,76.946645,2025-12-15T10:15:25+05:00,Monday,0,0,12,10,morning,human,61.2
43.233163,76.977601,2026-04-07T00:10:51+05:00,Tuesday,1,0,4,0,night,others,43.26
43.221714,76.902123,2026-01-07T22:54:21+05:00,Wednesday,2,0,1,22,late_evening,animals,35.0
43.236232,76.923903,2026-03-17T17:30:33+05:00,Tuesday,1,0,3,17,evening,transport,83.99
43.280676,76.894219,2026-02-13T15:08:18+05:00,Friday,4,0,2,15,daytime,building_noise,75.64
43.234692,76.957919,2026-01-22T23:15:36+05:00,Thursday,3,0,1,23,late_evening,transport,66.27
43.339231,76.945899,2026-04-28T11:59:26+05:00,Tuesday,1,0,4,11,daytime,transport,66.87
43.278385,76.894174,2026-01-05T16:51:13+05:00,Monday,0,0,1,16,daytime,building_noise,76.75
43.239691,76.91904,2026-03-12T08:52:57+05:00,Thursday,3,0,3,8,morning,transport,79.2
43.261651,76.954779,2026-01-08T21:34:03+05:00,Thursday,3,0,1,21,late_evening,others,49.69
43.239241,76.917741,2026-03-25T09:57:07+05:00,Wednesday,2,0,3,9,morning,transport,64.6
43.257439,76.974573,2026-04-17T19:13:58+05:00,Friday,4,0,4,19,evening,human,62.29
43.265064,76.927176,2026-03-31T20:17:42+05:00,Tuesday,1,0,3,20,evening,human,57.14
43.235164,76.915812,2026-01-30T17:00:45+05:00,Friday,4,0,1,17,evening,others,63.4
43.219432,76.932558,2026-05-02T20:46:02+05:00,Saturday,5,1,5,20,evening,transport,68.06
43.259137,76.946269,2026-01-19T08:12:11+05:00,Monday,0,0,1,8,morning,human,59.15
43.251454,76.944164,2026-02-01T12:27:32+05:00,Sunday,6,1,2,12,daytime,human,70.45
43.236194,76.927116,2026-03-07T17:13:44+05:00,Saturday,5,1,3,17,evening,alert,77.06
43.237781,76.919805,2026-04-17T09:59:15+05:00,Friday,4,0,4,9,morning,transport,79.68
43.219338,76.928367,2025-12-04T17:39:34+05:00,Thursday,3,0,12,17,evening,transport,82.12
43.219184,76.902141,2026-03-08T23:01:10+05:00,Sunday,6,1,3,23,late_evening,others,44.03
43.266308,76.821196,2026-01-10T22:47:38+05:00,Saturday,5,1,1,22,late_evening,human,65.16
43.260099,76.971416,2025-11-03T06:33:23+05:00,Monday,0,0,11,6,morning,others,39.24
43.249463,76.940998,2026-02-08T18:34:29+05:00,Sunday,6,1,2,18,evening,human,72.94
43.263287,76.954881,2025-12-22T19:14:42+05:00,Monday,0,0,12,19,evening,human,58.85
43.216629,76.926501,2026-03-01T21:40:12+05:00,Sunday,6,1,3,21,late_evening,transport,69.23
43.283285,76.90078,2026-03-12T16:57:00+05:00,Thursday,3,0,3,16,daytime,others,68.52
43.348068,77.044104,2026-01-24T21:57:17+05:00,Saturday,5,1,1,21,late_evening,alert,77.21
43.25315,76.945207,2026-02-20T06:05:51+05:00,Friday,4,0,2,6,morning,human,59.36
43.247696,76.942518,2025-11-13T17:51:50+05:00,Thursday,3,0,11,17,evening,alert,76.58
43.266849,76.928354,2026-04-17T19:36:16+05:00,Friday,4,0,4,19,evening,human,68.97
43.248519,76.937441,2026-05-04T16:46:09+05:00,Monday,0,0,5,16,daytime,human,65.01
43.279337,76.888014,2026-02-06T20:49:42+05:00,Friday,4,0,2,20,evening,transport,65.1
43.259045,76.972577,2025-12-25T14:34:20+05:00,Thursday,3,0,12,14,daytime,human,53.02
43.261143,76.945254,2025-11-16T07:55:05+05:00,Sunday,6,1,11,7,morning,human,68.38
43.23395,76.976102,2026-02-21T21:15:36+05:00,Saturday,5,1,2,21,late_evening,others,39.1
43.23573,76.930338,2025-12-04T19:48:12+05:00,Thursday,3,0,12,19,evening,alert,75.04
43.267167,76.923411,2025-12-24T13:14:50+05:00,Wednesday,2,0,12,13,daytime,human,60.71
43.221868,76.902607,2026-01-07T22:47:21+05:00,Wednesday,2,0,1,22,late_evening,animals,35.16
43.23821,76.930454,2025-12-17T19:59:24+05:00,Wednesday,2,0,12,19,evening,alert,71.39
43.256511,76.968544,2026-04-03T08:46:48+05:00,Friday,4,0,4,8,morning,others,49.3
43.253146,76.945403,2026-02-14T20:41:51+05:00,Saturday,5,1,2,20,evening,human,69.46
43.221889,76.897916,2026-01-26T19:15:44+05:00,Monday,0,0,1,19,evening,others,54.08
43.262306,76.955951,2026-02-03T05:09:27+05:00,Tuesday,1,0,2,5,night,others,35.0
43.253257,76.944674,2026-01-29T20:01:32+05:00,Thursday,3,0,1,20,evening,building_noise,71.21
43.217076,76.927112,2025-12-30T17:35:31+05:00,Tuesday,1,0,12,17,evening,transport,82.05
43.232269,76.913419,2026-04-13T07:58:37+05:00,Monday,0,0,4,7,morning,transport,71.68
43.237536,76.920737,2026-03-12T08:10:37+05:00,Thursday,3,0,3,8,morning,transport,79.47
43.26104,76.965939,2026-03-06T19:42:14+05:00,Friday,4,0,3,19,evening,human,61.62
43.255859,76.944698,2026-04-06T11:52:31+05:00,Monday,0,0,4,11,daytime,human,64.03
43.250658,76.944481,2025-12-02T20:31:18+05:00,Tuesday,1,0,12,20,evening,human,73.89
43.217095,76.932781,2025-12-30T09:18:06+05:00,Tuesday,1,0,12,9,morning,transport,73.18
43.237817,76.923292,2026-02-07T15:16:09+05:00,Saturday,5,1,2,15,daytime,human,63.03
43.235896,76.955929,2026-03-18T23:40:46+05:00,Wednesday,2,0,3,23,late_evening,human,66.9
43.238244,76.911684,2025-11-15T17:40:32+05:00,Saturday,5,1,11,17,evening,transport,59.86
43.26718,76.821329,2026-02-21T22:33:53+05:00,Saturday,5,1,2,22,late_evening,alert,76.71
43.283686,76.88676,2026-03-06T12:27:06+05:00,Friday,4,0,3,12,daytime,building_noise,75.19
43.349796,77.040805,2026-01-11T18:54:01+05:00,Sunday,6,1,1,18,evening,transport,71.8
43.237259,76.914587,2026-03-02T19:59:26+05:00,Monday,0,0,3,19,evening,transport,67.62
43.248015,76.941979,2026-01-15T20:37:13+05:00,Thursday,3,0,1,20,evening,human,71.45
43.26112,76.946334,2025-12-07T06:11:52+05:00,Sunday,6,1,12,6,morning,human,60.32
43.239278,76.930973,2026-04-18T12:06:22+05:00,Saturday,5,1,4,12,daytime,transport,60.25
43.239026,76.926994,2026-04-11T09:30:26+05:00,Saturday,5,1,4,9,morning,alert,73.52
43.257975,76.945465,2026-01-28T18:36:28+05:00,Wednesday,2,0,1,18,evening,human,63.95
43.220864,76.92773,2026-04-26T21:18:16+05:00,Sunday,6,1,4,21,late_evening,transport,67.87
43.236252,76.92364,2026-05-01T01:16:39+05:00,Friday,4,0,5,1,night,transport,58.25
43.260762,76.955554,2026-03-20T20:19:58+05:00,Friday,4,0,3,20,evening,others,46.29
43.338128,76.947287,2025-12-12T13:37:27+05:00,Friday,4,0,12,13,daytime,transport,63.87
43.25827,76.947789,2026-01-15T09:55:19+05:00,Thursday,3,0,1,9,morning,human,60.29
43.246881,76.862413,2026-03-14T12:27:47+05:00,Saturday,5,1,3,12,daytime,transport,67.42
43.261741,76.824967,2026-01-02T18:50:01+05:00,Friday,4,0,1,18,evening,human,68.03
43.236242,76.955077,2026-01-13T19:49:27+05:00,Tuesday,1,0,1,19,evening,transport,72.91
43.355313,77.041258,2025-12-13T22:43:21+05:00,Saturday,5,1,12,22,late_evening,human,65.56
43.264321,76.929459,2026-01-11T21:03:00+05:00,Sunday,6,1,1,21,late_evening,human,61.82
43.262859,76.955387,2026-02-01T08:37:19+05:00,Sunday,6,1,2,8,morning,transport,57.43
43.257526,76.945027,2026-02-08T08:48:02+05:00,Sunday,6,1,2,8,morning,others,66.84
43.286699,76.899616,2026-02-17T15:57:27+05:00,Tuesday,1,0,2,15,daytime,building_noise,72.57
43.281342,76.890458,2025-11-18T14:04:49+05:00,Tuesday,1,0,11,14,daytime,building_noise,75.43
43.285596,76.89559,2026-01-19T14:29:50+05:00,Monday,0,0,1,14,daytime,building_noise,74.6
43.261005,76.95479,2026-03-21T19:39:00+05:00,Saturday,5,1,3,19,evening,human,69.48
43.237688,76.956352,2026-03-26T20:43:38+05:00,Thursday,3,0,3,20,evening,human,69.89
43.356344,77.043026,2026-02-03T17:11:59+05:00,Tuesday,1,0,2,17,evening,alert,84.21
43.245717,76.861062,2025-12-13T21:47:46+05:00,Saturday,5,1,12,21,late_evening,human,60.99
43.261489,76.952609,2026-04-06T07:09:14+05:00,Monday,0,0,4,7,morning,others,53.43
43.235438,76.976548,2026-02-03T09:39:35+05:00,Tuesday,1,0,2,9,morning,others,48.42
43.244849,76.936871,2025-12-10T09:24:06+05:00,Wednesday,2,0,12,9,morning,human,66.09
43.240006,76.916178,2025-12-20T15:37:34+05:00,Saturday,5,1,12,15,daytime,transport,60.44
43.258845,76.947933,2026-03-11T14:06:06+05:00,Wednesday,2,0,3,14,daytime,human,61.03
43.337591,76.943683,2026-02-05T14:20:56+05:00,Thursday,3,0,2,14,daytime,transport,65.28
43.25797,76.967291,2026-01-13T08:54:05+05:00,Tuesday,1,0,1,8,morning,others,43.88
43.260003,76.965822,2026-04-19T09:24:18+05:00,Sunday,6,1,4,9,morning,others,49.84
43.266671,76.822418,2026-02-21T22:38:53+05:00,Saturday,5,1,2,22,late_evening,alert,76.43
43.247194,76.939757,2026-02-03T07:14:39+05:00,Tuesday,1,0,2,7,morning,human,69.51
43.280376,76.891196,2025-12-27T18:28:03+05:00,Saturday,5,1,12,18,evening,building_noise,79.78
43.258646,76.954269,2026-03-22T07:30:03+05:00,Sunday,6,1,3,7,morning,others,49.4
43.239558,76.931138,2026-04-20T16:35:06+05:00,Monday,0,0,4,16,daytime,transport,62.65
43.347591,77.038843,2026-05-03T16:27:55+05:00,Sunday,6,1,5,16,daytime,transport,69.77
43.21944,76.904456,2025-12-18T17:05:27+05:00,Thursday,3,0,12,17,evening,human,58.11
43.252371,76.941776,2026-04-14T19:09:46+05:00,Tuesday,1,0,4,19,evening,human,67.47
43.258736,76.965574,2026-04-09T08:55:09+05:00,Thursday,3,0,4,8,morning,others,48.24
43.236986,76.955522,2026-02-24T09:16:02+05:00,Tuesday,1,0,2,9,morning,transport,77.64
43.261284,76.965977,2025-11-16T10:46:48+05:00,Sunday,6,1,11,10,morning,human,54.78
43.239286,76.928374,2025-12-29T19:37:17+05:00,Monday,0,0,12,19,evening,alert,76.82
43.236161,76.980239,2026-01-08T18:09:10+05:00,Thursday,3,0,1,18,evening,human,56.9
43.215151,76.925721,2025-11-25T16:03:16+05:00,Tuesday,1,0,11,16,daytime,transport,70.57
43.258023,76.944773,2026-01-31T02:23:50+05:00,Saturday,5,1,1,2,night,human,57.25
43.23632,76.954575,2026-03-22T19:10:26+05:00,Sunday,6,1,3,19,evening,human,72.35
43.234104,76.957139,2026-02-11T20:26:22+05:00,Wednesday,2,0,2,20,evening,transport,67.82
43.237478,76.975566,2026-04-20T18:14:27+05:00,Monday,0,0,4,18,evening,transport,60.99
43.249216,76.943264,2025-12-02T18:16:03+05:00,Tuesday,1,0,12,18,evening,human,65.31
43.237014,76.917319,2026-05-02T16:45:48+05:00,Saturday,5,1,5,16,daytime,others,58.28
43.236568,76.923042,2025-11-14T18:44:06+05:00,Friday,4,0,11,18,evening,transport,77.85
43.262012,76.820997,2026-03-22T05:06:03+05:00,Sunday,6,1,3,5,night,human,40.82
43.248997,76.938918,2026-01-02T01:57:10+05:00,Friday,4,0,1,1,night,human,61.43
43.221237,76.927926,2025-11-19T22:41:32+05:00,Wednesday,2,0,11,22,late_evening,transport,76.15
43.237057,76.958834,2025-12-26T12:11:46+05:00,Friday,4,0,12,12,daytime,human,59.25
43.263454,76.952536,2026-01-01T21:16:35+05:00,Thursday,3,0,1,21,late_evening,others,52.22
43.219678,76.927733,2026-02-16T08:31:15+05:00,Monday,0,0,2,8,morning,transport,79.65
43.240439,76.956012,2026-03-12T15:06:35+05:00,Thursday,3,0,3,15,daytime,human,60.82
43.262184,76.968366,2025-11-25T13:12:10+05:00,Tuesday,1,0,11,13,daytime,human,55.5
43.359281,77.04076,2026-02-08T20:06:11+05:00,Sunday,6,1,2,20,evening,transport,72.26
43.236519,76.922436,2025-11-12T17:46:46+05:00,Wednesday,2,0,11,17,evening,transport,82.35
43.236244,76.920596,2025-11-29T18:52:46+05:00,Saturday,5,1,11,18,evening,transport,74.26
43.278775,76.88294,2025-11-24T09:23:55+05:00,Monday,0,0,11,9,morning,building_noise,74.15
43.267082,76.925528,2026-02-03T09:29:00+05:00,Tuesday,1,0,2,9,morning,human,66.2
43.264277,76.928322,2026-04-13T08:16:00+05:00,Monday,0,0,4,8,morning,others,60.87
43.256622,76.944143,2026-03-30T00:49:26+05:00,Monday,0,0,3,0,night,human,57.84
43.214991,76.931483,2025-12-02T19:58:30+05:00,Tuesday,1,0,12,19,evening,transport,79.55
43.255031,76.9442,2026-01-26T08:21:41+05:00,Monday,0,0,1,8,morning,human,71.57
43.246517,76.94114,2026-05-03T21:01:41+05:00,Sunday,6,1,5,21,late_evening,human,69.15
43.257518,76.972267,2026-03-04T20:55:28+05:00,Wednesday,2,0,3,20,evening,animals,36.29
43.234851,76.959096,2025-12-27T04:03:13+05:00,Saturday,5,1,12,4,night,human,50.26
43.238767,76.955138,2025-12-03T08:58:06+05:00,Wednesday,2,0,12,8,morning,human,75.63
43.352504,77.039969,2026-04-08T17:10:57+05:00,Wednesday,2,0,4,17,evening,transport,78.61
43.237431,76.929595,2026-03-21T22:50:16+05:00,Saturday,5,1,3,22,late_evening,alert,74.03
43.236993,76.921505,2026-02-07T11:04:47+05:00,Saturday,5,1,2,11,daytime,transport,68.36
43.234675,76.916304,2026-01-09T17:07:01+05:00,Friday,4,0,1,17,evening,transport,66.59
43.259428,76.961979,2026-02-01T09:14:49+05:00,Sunday,6,1,2,9,morning,building_noise,56.92
43.251941,76.939286,2025-12-27T22:54:59+05:00,Saturday,5,1,12,22,late_evening,human,71.23
43.238659,76.930166,2026-01-23T13:45:54+05:00,Friday,4,0,1,13,daytime,transport,60.85
43.257432,76.973905,2025-11-27T08:09:11+05:00,Thursday,3,0,11,8,morning,animals,41.52
43.361853,77.038448,2025-12-15T20:42:08+05:00,Monday,0,0,12,20,evening,transport,61.29
43.219675,76.924737,2026-01-09T17:36:49+05:00,Friday,4,0,1,17,evening,transport,85.81
43.257783,76.944275,2025-11-22T08:43:39+05:00,Saturday,5,1,11,8,morning,others,63.85
43.231023,76.97408,2025-11-30T22:50:23+05:00,Sunday,6,1,11,22,late_evening,others,46.85
43.345998,76.948213,2025-11-28T08:39:12+05:00,Friday,4,0,11,8,morning,transport,77.54
43.216863,76.928998,2026-03-15T16:55:38+05:00,Sunday,6,1,3,16,daytime,transport,66.38
43.259449,76.96916,2025-11-03T12:10:19+05:00,Monday,0,0,11,12,daytime,human,53.26
43.258667,76.942481,2026-01-28T04:12:07+05:00,Wednesday,2,0,1,4,night,human,43.85
43.239769,76.930566,2026-04-07T07:49:47+05:00,Tuesday,1,0,4,7,morning,transport,66.07
43.258155,76.961946,2026-01-20T10:43:36+05:00,Tuesday,1,0,1,10,morning,human,54.09
43.237493,76.923493,2025-12-28T14:17:01+05:00,Sunday,6,1,12,14,daytime,transport,67.45
43.222856,76.90136,2026-01-21T08:45:05+05:00,Wednesday,2,0,1,8,morning,animals,42.43
43.275846,76.891197,2026-04-03T09:12:18+05:00,Friday,4,0,4,9,morning,building_noise,77.15
43.25638,76.948325,2025-11-30T09:44:20+05:00,Sunday,6,1,11,9,morning,others,65.02
43.236368,76.917593,2025-12-21T17:54:31+05:00,Sunday,6,1,12,17,evening,transport,60.22
43.234484,76.95876,2026-01-06T19:41:36+05:00,Tuesday,1,0,1,19,evening,others,73.23
43.284,76.889564,2026-01-16T17:12:33+05:00,Friday,4,0,1,17,evening,building_noise,77.03
43.263234,76.92942,2026-02-14T17:20:38+05:00,Saturday,5,1,2,17,evening,human,70.72
43.279728,76.896326,2026-01-27T17:36:50+05:00,Tuesday,1,0,1,17,evening,building_noise,72.28
43.252432,76.944261,2026-04-26T17:44:04+05:00,Sunday,6,1,4,17,evening,human,70.67
43.265512,76.924527,2026-04-05T16:07:53+05:00,Sunday,6,1,4,16,daytime,human,61.98
43.246585,76.863537,2025-12-13T18:43:11+05:00,Saturday,5,1,12,18,evening,transport,72.42
43.259324,76.966587,2026-04-21T10:14:58+05:00,Tuesday,1,0,4,10,morning,animals,43.4
43.241723,76.929549,2026-04-28T20:06:27+05:00,Tuesday,1,0,4,20,evening,alert,63.54
43.234869,76.919384,2026-02-23T07:31:09+05:00,Monday,0,0,2,7,morning,transport,67.91
43.218497,76.900665,2026-05-04T20:38:55+05:00,Monday,0,0,5,20,evening,human,45.35
43.264037,76.929158,2026-02-28T19:39:26+05:00,Saturday,5,1,2,19,evening,human,66.36
43.258042,76.971663,2025-12-22T09:14:03+05:00,Monday,0,0,12,9,morning,others,48.14
43.238155,76.953266,2025-11-22T07:28:28+05:00,Saturday,5,1,11,7,morning,human,66.29
43.219491,76.931468,2026-01-30T20:52:01+05:00,Friday,4,0,1,20,evening,transport,71.81
43.219918,76.927052,2025-11-06T21:23:49+05:00,Thursday,3,0,11,21,late_evening,transport,70.52
43.258427,76.944708,2026-01-06T08:45:31+05:00,Tuesday,1,0,1,8,morning,others,53.79
43.220459,76.902589,2025-11-02T07:24:13+05:00,Sunday,6,1,11,7,morning,others,46.31
43.355052,77.041195,2025-12-18T10:25:18+05:00,Thursday,3,0,12,10,morning,transport,71.11
43.250939,76.944281,2026-03-31T22:21:15+05:00,Tuesday,1,0,3,22,late_evening,human,68.07
43.249806,76.942639,2025-11-29T22:30:55+05:00,Saturday,5,1,11,22,late_evening,human,69.7
43.238056,76.927291,2026-05-09T17:28:33+05:00,Saturday,5,1,5,17,evening,alert,74.98
43.221216,76.930579,2025-11-24T06:26:03+05:00,Monday,0,0,11,6,morning,transport,65.63
43.238444,76.929433,2025-12-22T21:21:07+05:00,Monday,0,0,12,21,late_evening,alert,71.13
43.250079,76.863767,2026-05-09T23:06:36+05:00,Saturday,5,1,5,23,late_evening,animals,52.73
43.233486,76.956082,2025-12-04T08:57:06+05:00,Thursday,3,0,12,8,morning,transport,74.34
43.220616,76.899471,2026-05-10T08:51:22+05:00,Sunday,6,1,5,8,morning,others,50.8
43.222908,76.901675,2026-01-21T08:50:05+05:00,Wednesday,2,0,1,8,morning,animals,43.36
43.260086,76.975327,2025-11-10T18:06:43+05:00,Monday,0,0,11,18,evening,human,57.73
43.23505,76.976104,2025-11-19T10:32:20+05:00,Wednesday,2,0,11,10,morning,others,45.9
43.237564,76.915568,2026-01-16T10:59:30+05:00,Friday,4,0,1,10,morning,transport,60.96
43.337551,76.951662,2025-11-05T17:27:55+05:00,Wednesday,2,0,11,17,evening,alert,86.59
43.283289,76.887566,2025-11-19T08:20:18+05:00,Wednesday,2,0,11,8,morning,building_noise,71.61
43.220352,76.930476,2025-11-24T09:39:02+05:00,Monday,0,0,11,9,morning,transport,76.65
43.245459,76.938384,2025-12-14T11:07:30+05:00,Sunday,6,1,12,11,daytime,human,63.94
43.234182,76.960131,2025-11-09T13:42:12+05:00,Sunday,6,1,11,13,daytime,human,62.11
43.263713,76.927968,2026-01-23T06:02:32+05:00,Friday,4,0,1,6,morning,transport,55.83
43.239315,76.930852,2026-05-02T18:37:34+05:00,Saturday,5,1,5,18,evening,alert,72.01
43.250832,76.939551,2026-01-14T07:52:32+05:00,Wednesday,2,0,1,7,morning,human,72.12
43.280048,76.892854,2026-04-16T09:52:46+05:00,Thursday,3,0,4,9,morning,building_noise,73.99
43.240802,76.929683,2026-02-11T12:14:52+05:00,Wednesday,2,0,2,12,daytime,transport,59.74
43.237939,76.931206,2026-03-20T20:24:29+05:00,Friday,4,0,3,20,evening,alert,72.35
43.240108,76.921688,2026-01-22T08:33:02+05:00,Thursday,3,0,1,8,morning,transport,77.87
43.223677,76.903107,2026-04-22T20:44:50+05:00,Wednesday,2,0,4,20,evening,others,46.4
43.239263,76.921974,2025-11-29T14:26:21+05:00,Saturday,5,1,11,14,daytime,transport,65.39
43.216564,76.926712,2025-12-04T08:25:55+05:00,Thursday,3,0,12,8,morning,transport,82.9
43.284263,76.895107,2025-12-16T16:35:41+05:00,Tuesday,1,0,12,16,daytime,building_noise,75.65
43.238279,76.918287,2026-03-20T08:17:02+05:00,Friday,4,0,3,8,morning,transport,66.45
43.243715,76.939423,2026-02-08T14:54:08+05:00,Sunday,6,1,2,14,daytime,human,64.24
43.238201,76.918028,2025-11-06T19:44:48+05:00,Thursday,3,0,11,19,evening,transport,71.14
43.236304,76.930153,2025-11-12T18:41:03+05:00,Wednesday,2,0,11,18,evening,alert,72.08
43.215957,76.925778,2026-02-02T21:50:25+05:00,Monday,0,0,2,21,late_evening,transport,71.36
43.252544,76.947223,2026-03-20T23:49:18+05:00,Friday,4,0,3,23,late_evening,human,73.35
43.266866,76.924027,2026-05-08T08:05:01+05:00,Friday,4,0,5,8,morning,human,68.4
43.257459,76.971705,2026-04-07T21:45:53+05:00,Tuesday,1,0,4,21,late_evening,animals,38.97
43.347941,77.044006,2026-01-24T21:52:17+05:00,Saturday,5,1,1,21,late_evening,alert,75.87
43.351994,77.032829,2026-03-22T19:00:23+05:00,Sunday,6,1,3,19,evening,transport,71.96
43.265364,76.954952,2026-01-26T23:01:36+05:00,Monday,0,0,1,23,late_evening,others,50.98
43.356882,77.036698,2025-11-15T11:08:17+05:00,Saturday,5,1,11,11,daytime,transport,73.98
43.237652,76.924197,2025-11-07T19:00:19+05:00,Friday,4,0,11,19,evening,transport,78.49
43.259044,76.97323,2026-04-13T08:31:12+05:00,Monday,0,0,4,8,morning,animals,40.37
43.23553,76.95349,2025-12-04T19:18:35+05:00,Thursday,3,0,12,19,evening,transport,80.98
43.338958,76.951817,2026-04-07T14:40:37+05:00,Tuesday,1,0,4,14,daytime,transport,64.54
43.245911,76.942702,2026-03-30T17:22:01+05:00,Monday,0,0,3,17,evening,alert,75.03
43.266362,76.926777,2026-02-03T16:00:22+05:00,Tuesday,1,0,2,16,daytime,human,62.69
43.25238,76.944872,2025-11-30T16:19:24+05:00,Sunday,6,1,11,16,daytime,human,62.64
43.258792,76.974142,2025-11-20T16:53:20+05:00,Thursday,3,0,11,16,daytime,others,51.12
43.23932,76.927395,2026-03-10T08:08:47+05:00,Tuesday,1,0,3,8,morning,alert,74.36
43.238794,76.862568,2026-03-12T21:37:46+05:00,Thursday,3,0,3,21,late_evening,others,62.94
43.35504,77.042996,2025-12-20T18:01:24+05:00,Saturday,5,1,12,18,evening,transport,71.09
43.350198,77.041144,2026-04-16T08:07:24+05:00,Thursday,3,0,4,8,morning,transport,76.61
43.261478,76.952535,2026-04-24T22:31:51+05:00,Friday,4,0,4,22,late_evening,others,45.64
43.248273,76.859787,2026-01-24T20:38:54+05:00,Saturday,5,1,1,20,evening,building_noise,71.55
43.26302,76.927128,2025-11-18T23:32:26+05:00,Tuesday,1,0,11,23,late_evening,others,64.95
43.257479,76.94392,2025-11-26T00:53:31+05:00,Wednesday,2,0,11,0,night,human,54.08
43.238134,76.91635,2025-12-20T10:46:46+05:00,Saturday,5,1,12,10,morning,transport,61.03
43.236883,76.91631,2026-01-18T17:38:35+05:00,Sunday,6,1,1,17,evening,transport,63.48
43.257018,76.971149,2025-11-23T21:40:09+05:00,Sunday,6,1,11,21,late_evening,others,43.05
43.259973,76.974855,2025-11-27T08:18:17+05:00,Thursday,3,0,11,8,morning,animals,37.97
43.254806,76.947459,2025-11-07T19:49:47+05:00,Friday,4,0,11,19,evening,human,72.21
43.256423,76.970854,2025-12-13T22:23:29+05:00,Saturday,5,1,12,22,late_evening,animals,38.35
43.263592,76.822777,2025-11-03T21:45:20+05:00,Monday,0,0,11,21,late_evening,building_noise,61.93
43.22143,76.925325,2026-05-06T07:47:47+05:00,Wednesday,2,0,5,7,morning,transport,77.26
43.340809,76.949754,2026-02-06T08:34:58+05:00,Friday,4,0,2,8,morning,transport,76.14
43.252136,76.944775,2026-04-05T17:07:57+05:00,Sunday,6,1,4,17,evening,human,66.11
43.263956,76.956005,2026-04-14T18:23:43+05:00,Tuesday,1,0,4,18,evening,human,68.48
43.261466,76.973083,2026-02-25T09:02:40+05:00,Wednesday,2,0,2,9,morning,animals,48.32
43.264971,76.968207,2026-04-03T15:06:47+05:00,Friday,4,0,4,15,daytime,human,48.87
43.255681,76.969463,2025-12-16T13:48:21+05:00,Tuesday,1,0,12,13,daytime,human,59.69
43.232255,76.976975,2026-02-08T18:36:02+05:00,Sunday,6,1,2,18,evening,human,52.91
43.235325,76.930401,2025-12-04T19:49:12+05:00,Thursday,3,0,12,19,evening,alert,74.14
43.240066,76.919846,2026-03-04T12:29:21+05:00,Wednesday,2,0,3,12,daytime,transport,75.61
43.248117,76.939289,2026-01-09T09:44:59+05:00,Friday,4,0,1,9,morning,human,62.85
43.258758,76.968198,2026-02-27T15:07:49+05:00,Friday,4,0,2,15,daytime,animals,45.54
43.220506,76.898492,2026-01-04T08:32:53+05:00,Sunday,6,1,1,8,morning,others,44.52
43.253549,76.943926,2025-12-13T00:35:08+05:00,Saturday,5,1,12,0,night,human,58.92
43.235061,76.914254,2026-01-16T01:01:20+05:00,Friday,4,0,1,1,night,transport,50.25
43.254673,76.942539,2026-05-03T23:51:40+05:00,Sunday,6,1,5,23,late_evening,human,66.76
43.343049,76.952438,2025-11-07T15:19:10+05:00,Friday,4,0,11,15,daytime,transport,67.16
43.217428,76.927261,2026-03-27T18:58:49+05:00,Friday,4,0,3,18,evening,transport,75.7
43.345035,76.951004,2025-12-04T22:11:10+05:00,Thursday,3,0,12,22,late_evening,transport,69.62
43.258931,76.945776,2026-04-08T21:02:56+05:00,Wednesday,2,0,4,21,late_evening,human,63.56
43.240191,76.931239,2026-01-03T17:49:41+05:00,Saturday,5,1,1,17,evening,alert,80.04
43.246954,76.94003,2026-03-16T16:55:51+05:00,Monday,0,0,3,16,daytime,human,66.67
43.24625,76.940603,2025-11-01T22:11:34+05:00,Saturday,5,1,11,22,late_evening,human,72.52
43.239719,76.928808,2025-12-26T21:30:33+05:00,Friday,4,0,12,21,late_evening,alert,70.73
43.220092,76.926323,2026-01-07T18:15:59+05:00,Wednesday,2,0,1,18,evening,transport,81.16
43.262092,76.967377,2026-04-12T18:03:26+05:00,Sunday,6,1,4,18,evening,human,62.84
43.250179,76.942532,2026-03-18T10:41:38+05:00,Wednesday,2,0,3,10,morning,human,65.04
43.234969,76.92374,2025-11-04T19:36:00+05:00,Tuesday,1,0,11,19,evening,transport,80.33
43.337853,76.94906,2026-02-17T05:32:57+05:00,Tuesday,1,0,2,5,night,transport,53.58
43.253568,76.948201,2026-04-26T06:33:10+05:00,Sunday,6,1,4,6,morning,human,57.03
43.263953,76.927853,2026-02-18T10:46:32+05:00,Wednesday,2,0,2,10,morning,human,62.78
43.253481,76.94541,2025-12-16T19:11:17+05:00,Tuesday,1,0,12,19,evening,human,68.15
43.235653,76.931703,2026-04-21T18:07:15+05:00,Tuesday,1,0,4,18,evening,alert,75.36
43.247778,76.943553,2026-02-23T08:44:24+05:00,Monday,0,0,2,8,morning,human,63.57
43.257141,76.970932,2026-02-19T08:19:47+05:00,Thursday,3,0,2,8,morning,animals,39.53
43.354363,77.04096,2025-11-20T14:42:14+05:00,Thursday,3,0,11,14,daytime,transport,67.98
43.258633,76.975354,2025-11-04T07:11:27+05:00,Tuesday,1,0,11,7,morning,others,45.74
43.221416,76.901561,2026-01-19T21:23:52+05:00,Monday,0,0,1,21,late_evening,others,45.45
43.261931,76.952449,2026-05-08T18:44:21+05:00,Friday,4,0,5,18,evening,human,67.2
43.257413,76.945105,2026-04-20T06:26:32+05:00,Monday,0,0,4,6,morning,human,57.88
43.237052,76.954814,2026-01-11T16:21:40+05:00,Sunday,6,1,1,16,daytime,human,65.91
43.253887,76.945309,2025-12-02T12:37:18+05:00,Tuesday,1,0,12,12,daytime,human,63.68
43.22239,76.901952,2026-01-21T08:46:05+05:00,Wednesday,2,0,1,8,morning,animals,42.93
43.245281,76.940208,2026-02-17T06:05:39+05:00,Tuesday,1,0,2,6,morning,human,53.55
43.263548,76.956159,2026-01-29T13:33:55+05:00,Thursday,3,0,1,13,daytime,human,61.89
43.24558,76.866623,2026-01-25T14:15:15+05:00,Sunday,6,1,1,14,daytime,transport,68.66
43.218294,76.929888,2026-01-24T17:29:40+05:00,Saturday,5,1,1,17,evening,animals,52.8
43.247451,76.938168,2026-04-08T10:42:16+05:00,Wednesday,2,0,4,10,morning,human,60.44
43.231144,76.981578,2025-11-19T08:04:57+05:00,Wednesday,2,0,11,8,morning,others,42.83
43.238835,76.928282,2025-11-11T07:05:10+05:00,Tuesday,1,0,11,7,morning,transport,67.53
43.218944,76.929868,2026-02-09T21:06:59+05:00,Monday,0,0,2,21,late_evening,transport,72.47
43.232008,76.978439,2026-04-18T12:53:03+05:00,Saturday,5,1,4,12,daytime,human,55.93
43.260161,76.946582,2026-03-21T22:42:02+05:00,Saturday,5,1,3,22,late_evening,human,68.36
43.220899,76.92967,2025-11-23T14:14:30+05:00,Sunday,6,1,11,14,daytime,transport,70.09
43.219111,76.928815,2026-03-11T07:03:27+05:00,Wednesday,2,0,3,7,morning,transport,76.54
43.258902,76.946638,2026-04-13T21:58:17+05:00,Monday,0,0,4,21,late_evening,others,59.68
43.239787,76.931089,2026-01-10T08:16:42+05:00,Saturday,5,1,1,8,morning,alert,70.6
43.262377,76.823446,2026-03-05T18:03:25+05:00,Thursday,3,0,3,18,evening,human,61.66
43.355462,77.041974,2026-05-07T16:58:43+05:00,Thursday,3,0,5,16,daytime,alert,79.09
43.260248,76.971514,2026-02-05T19:08:37+05:00,Thursday,3,0,2,19,evening,animals,50.8
43.238113,76.927753,2026-05-09T17:28:33+05:00,Saturday,5,1,5,17,evening,alert,75.95
43.217009,76.92848,2026-03-08T17:23:47+05:00,Sunday,6,1,3,17,evening,alert,77.53
43.235702,76.91785,2026-01-18T14:05:25+05:00,Sunday,6,1,1,14,daytime,transport,62.1
43.263018,76.967695,2025-12-08T15:21:57+05:00,Monday,0,0,12,15,daytime,human,51.57
43.2312,76.953125,2026-05-07T19:19:34+05:00,Thursday,3,0,5,19,evening,transport,79.14
43.263004,76.955161,2025-12-02T21:38:54+05:00,Tuesday,1,0,12,21,late_evening,building_noise,57.12
43.288866,76.893714,2026-03-09T15:46:35+05:00,Monday,0,0,3,15,daytime,building_noise,70.69
43.258756,76.945286,2025-11-21T22:05:01+05:00,Friday,4,0,11,22,late_evening,human,74.92
43.266654,76.926038,2026-04-04T09:15:19+05:00,Saturday,5,1,4,9,morning,human,58.08
43.238839,76.930303,2025-12-20T19:27:42+05:00,Saturday,5,1,12,19,evening,alert,69.77
43.235634,76.954933,2025-12-09T18:57:31+05:00,Tuesday,1,0,12,18,evening,transport,80.61
43.258826,76.974123,2025-12-28T07:43:22+05:00,Sunday,6,1,12,7,morning,animals,37.89
43.239996,76.928914,2026-01-22T12:31:03+05:00,Thursday,3,0,1,12,daytime,others,57.05
43.246707,76.86068,2026-04-01T14:26:31+05:00,Wednesday,2,0,4,14,daytime,transport,65.78
43.262498,76.954458,2025-12-18T15:27:31+05:00,Thursday,3,0,12,15,daytime,human,64.52
43.241715,76.92968,2026-03-07T17:58:22+05:00,Saturday,5,1,3,17,evening,others,58.11
43.281236,76.901901,2026-04-03T14:46:31+05:00,Friday,4,0,4,14,daytime,building_noise,71.08
43.266534,76.822322,2026-05-03T22:13:22+05:00,Sunday,6,1,5,22,late_evening,human,63.96
43.238853,76.923908,2025-12-28T07:48:32+05:00,Sunday,6,1,12,7,morning,transport,67.4
43.284103,76.897841,2025-12-09T12:52:05+05:00,Tuesday,1,0,12,12,daytime,building_noise,72.26
43.233919,76.917783,2026-04-04T09:56:12+05:00,Saturday,5,1,4,9,morning,alert,66.2
43.273617,76.896333,2025-12-16T12:33:12+05:00,Tuesday,1,0,12,12,daytime,building_noise,68.21
43.233213,76.954243,2026-02-25T19:48:37+05:00,Wednesday,2,0,2,19,evening,transport,70.62
43.258639,76.946452,2026-04-08T12:33:39+05:00,Wednesday,2,0,4,12,daytime,human,64.05
43.260524,76.968982,2026-04-02T22:43:12+05:00,Thursday,3,0,4,22,late_evening,others,46.65
43.235907,76.957782,2025-12-14T19:47:07+05:00,Sunday,6,1,12,19,evening,human,65.15
43.284614,76.897537,2026-01-02T16:55:46+05:00,Friday,4,0,1,16,daytime,building_noise,74.17
43.250633,76.862434,2025-11-12T08:13:12+05:00,Wednesday,2,0,11,8,morning,transport,76.89
43.219137,76.926428,2025-11-19T19:25:33+05:00,Wednesday,2,0,11,19,evening,transport,77.71
43.233268,76.920004,2026-01-08T20:58:55+05:00,Thursday,3,0,1,20,evening,others,55.52
43.236538,76.929746,2026-03-27T18:18:17+05:00,Friday,4,0,3,18,evening,alert,72.03
43.236652,76.918321,2025-12-08T18:18:17+05:00,Monday,0,0,12,18,evening,transport,67.73
43.262425,76.817646,2026-05-06T21:27:11+05:00,Wednesday,2,0,5,21,late_evening,human,57.17
43.252513,76.94311,2026-04-14T19:20:39+05:00,Tuesday,1,0,4,19,evening,human,66.14
43.261846,76.825305,2026-01-06T11:09:57+05:00,Tuesday,1,0,1,11,daytime,human,56.54
43.237706,76.921454,2026-01-06T09:08:59+05:00,Tuesday,1,0,1,9,morning,transport,83.38
43.236935,76.923982,2026-02-12T20:33:59+05:00,Thursday,3,0,2,20,evening,transport,69.99
43.279092,76.894511,2025-12-01T09:31:03+05:00,Monday,0,0,12,9,morning,alert,83.02
43.259345,76.972389,2025-12-27T17:57:24+05:00,Saturday,5,1,12,17,evening,human,55.31
43.246534,76.861946,2026-01-31T12:56:34+05:00,Saturday,5,1,1,12,daytime,alert,76.02
43.279786,76.892558,2025-11-15T10:43:58+05:00,Saturday,5,1,11,10,morning,building_noise,74.87
43.245869,76.863205,2026-04-30T17:05:43+05:00,Thursday,3,0,4,17,evening,transport,79.53
43.237445,76.9191,2026-01-09T08:39:19+05:00,Friday,4,0,1,8,morning,transport,78.36
43.263283,76.954078,2025-11-16T10:59:26+05:00,Sunday,6,1,11,10,morning,human,64.71
43.254254,76.945008,2025-12-12T09:21:26+05:00,Friday,4,0,12,9,morning,others,61.2
43.340196,76.944462,2026-01-10T20:47:43+05:00,Saturday,5,1,1,20,evening,others,65.82
43.239735,76.920449,2026-01-06T09:59:54+05:00,Tuesday,1,0,1,9,morning,transport,78.22
43.29025,76.895963,2025-12-18T13:23:49+05:00,Thursday,3,0,12,13,daytime,building_noise,71.21
43.28342,76.891075,2025-12-26T17:28:57+05:00,Friday,4,0,12,17,evening,building_noise,77.7
43.261795,76.956481,2025-12-16T17:24:31+05:00,Tuesday,1,0,12,17,evening,human,65.32
43.259876,76.952887,2026-03-06T23:03:33+05:00,Friday,4,0,3,23,late_evening,others,47.92
43.217942,76.930208,2025-12-17T16:37:17+05:00,Wednesday,2,0,12,16,daytime,transport,67.82
43.24054,76.928021,2025-11-30T18:06:20+05:00,Sunday,6,1,11,18,evening,alert,68.69
43.263646,76.92732,2026-01-11T23:31:16+05:00,Sunday,6,1,1,23,late_evening,human,59.47
43.21954,76.929029,2026-02-07T08:58:14+05:00,Saturday,5,1,2,8,morning,transport,69.04
43.236606,76.920041,2025-11-16T10:12:26+05:00,Sunday,6,1,11,10,morning,transport,67.98
43.239339,76.922069,2026-01-24T16:06:54+05:00,Saturday,5,1,1,16,daytime,transport,63.71
43.236742,76.957771,2026-01-26T14:22:02+05:00,Monday,0,0,1,14,daytime,human,66.76
43.236042,76.921742,2026-01-07T19:30:51+05:00,Wednesday,2,0,1,19,evening,transport,82.05
43.251425,76.94625,2026-01-31T20:23:26+05:00,Saturday,5,1,1,20,evening,others,66.42
43.247376,76.940514,2026-03-17T08:39:41+05:00,Tuesday,1,0,3,8,morning,human,64.69
43.25831,76.973227,2026-03-26T17:14:32+05:00,Thursday,3,0,3,17,evening,others,57.99
43.248318,76.943515,2026-02-09T19:40:32+05:00,Monday,0,0,2,19,evening,alert,73.67
43.282709,76.8878,2025-11-19T08:24:18+05:00,Wednesday,2,0,11,8,morning,building_noise,70.42
43.352244,77.04735,2026-03-31T10:01:49+05:00,Tuesday,1,0,3,10,morning,transport,73.41
43.258104,76.969215,2026-01-04T12:55:25+05:00,Sunday,6,1,1,12,daytime,human,60.83
43.275661,76.89433,2026-01-07T10:22:48+05:00,Wednesday,2,0,1,10,morning,building_noise,73.65
43.262455,76.95369,2026-01-08T18:39:18+05:00,Thursday,3,0,1,18,evening,human,65.55
43.347531,77.043318,2026-03-08T08:35:53+05:00,Sunday,6,1,3,8,morning,transport,75.13
43.241373,76.921179,2026-04-16T17:24:04+05:00,Thursday,3,0,4,17,evening,alert,91.36
43.257877,76.94473,2026-02-15T09:10:00+05:00,Sunday,6,1,2,9,morning,human,63.22
43.237252,76.930695,2025-11-12T19:50:00+05:00,Wednesday,2,0,11,19,evening,alert,74.03
43.217725,76.925832,2026-01-29T12:46:14+05:00,Thursday,3,0,1,12,daytime,transport,70.13
43.252867,76.940362,2026-02-18T09:02:05+05:00,Wednesday,2,0,2,9,morning,human,70.27
43.237625,76.957223,2026-03-03T09:01:41+05:00,Tuesday,1,0,3,9,morning,transport,77.39
43.264947,76.92607,2026-03-13T21:18:05+05:00,Friday,4,0,3,21,late_evening,human,61.29
43.239141,76.928385,2026-02-11T17:14:36+05:00,Wednesday,2,0,2,17,evening,alert,73.18
43.219814,76.9291,2026-01-26T18:18:44+05:00,Monday,0,0,1,18,evening,transport,81.06
43.258457,76.946561,2026-02-06T22:44:10+05:00,Friday,4,0,2,22,late_evening,human,77.59
43.358494,77.034102,2025-11-17T17:31:12+05:00,Monday,0,0,11,17,evening,transport,80.95
43.277688,76.890623,2026-03-24T14:01:04+05:00,Tuesday,1,0,3,14,daytime,building_noise,74.23
43.282533,76.89679,2025-11-20T09:01:25+05:00,Thursday,3,0,11,9,morning,building_noise,76.65
43.222756,76.934932,2025-12-06T21:20:13+05:00,Saturday,5,1,12,21,late_evening,transport,70.49
43.237726,76.915141,2026-02-05T16:36:35+05:00,Thursday,3,0,2,16,daytime,others,52.18
43.238484,76.931275,2026-03-05T17:39:25+05:00,Thursday,3,0,3,17,evening,alert,74.83
43.281647,76.893192,2025-11-03T18:32:55+05:00,Monday,0,0,11,18,evening,human,71.87
43.250056,76.943138,2025-12-12T18:27:03+05:00,Friday,4,0,12,18,evening,building_noise,69.62
43.236565,76.923143,2025-12-03T18:11:08+05:00,Wednesday,2,0,12,18,evening,transport,79.44
43.262066,76.948469,2026-01-07T09:55:39+05:00,Wednesday,2,0,1,9,morning,human,68.64
43.264309,76.924417,2026-02-26T18:51:02+05:00,Thursday,3,0,2,18,evening,human,65.11
43.260665,76.973679,2025-12-17T13:04:27+05:00,Wednesday,2,0,12,13,daytime,human,49.19
43.238911,76.916719,2026-03-09T08:29:19+05:00,Monday,0,0,3,8,morning,others,58.89
43.237891,76.92454,2025-12-17T09:24:37+05:00,Wednesday,2,0,12,9,morning,transport,78.81
43.258179,76.942958,2026-01-03T08:24:56+05:00,Saturday,5,1,1,8,morning,human,57.54
43.25995,76.943857,2026-04-15T21:03:44+05:00,Wednesday,2,0,4,21,late_evening,alert,72.0
43.237654,76.918177,2025-11-16T21:16:24+05:00,Sunday,6,1,11,21,late_evening,transport,66.19
43.261427,76.954188,2026-02-21T18:14:17+05:00,Saturday,5,1,2,18,evening,human,70.34
43.262765,76.953672,2026-03-07T17:17:55+05:00,Saturday,5,1,3,17,evening,others,64.92
43.283847,76.894308,2026-04-29T15:38:41+05:00,Wednesday,2,0,4,15,daytime,building_noise,72.43
43.287133,76.897508,2025-12-22T12:50:56+05:00,Monday,0,0,12,12,daytime,building_noise,72.84
43.242797,76.93152,2026-03-14T19:50:38+05:00,Saturday,5,1,3,19,evening,alert,75.95
43.260227,76.94862,2025-12-29T23:31:20+05:00,Monday,0,0,12,23,late_evening,others,63.82
43.242455,76.856513,2026-02-03T09:21:04+05:00,Tuesday,1,0,2,9,morning,transport,79.5
43.259958,76.975539,2026-03-08T07:24:28+05:00,Sunday,6,1,3,7,morning,animals,42.38
43.250651,76.938932,2026-03-24T13:47:30+05:00,Tuesday,1,0,3,13,daytime,human,65.84
43.261811,76.927733,2025-12-27T23:16:28+05:00,Saturday,5,1,12,23,late_evening,human,58.68
43.248623,76.939004,2026-01-16T12:11:43+05:00,Friday,4,0,1,12,daytime,human,63.61
43.23439,76.957331,2026-01-06T09:56:13+05:00,Tuesday,1,0,1,9,morning,others,67.12
43.270142,76.822214,2026-03-29T17:13:27+05:00,Sunday,6,1,3,17,evening,human,64.17
43.231773,76.953801,2025-12-15T18:22:47+05:00,Monday,0,0,12,18,evening,transport,71.79
43.258494,76.969732,2026-04-28T13:07:01+05:00,Tuesday,1,0,4,13,daytime,human,57.72
43.239825,76.919252,2025-12-18T23:54:45+05:00,Thursday,3,0,12,23,late_evening,transport,75.98
43.261409,76.952512,2026-04-06T07:08:14+05:00,Monday,0,0,4,7,morning,others,53.91
43.236283,76.977836,2026-03-19T00:27:53+05:00,Thursday,3,0,3,0,night,animals,35.0
43.237657,76.929883,2025-12-06T09:10:28+05:00,Saturday,5,1,12,9,morning,alert,72.41
43.335853,76.952471,2026-01-27T07:33:48+05:00,Tuesday,1,0,1,7,morning,transport,73.71
43.219298,76.934184,2025-12-27T17:28:46+05:00,Saturday,5,1,12,17,evening,transport,71.82
43.268023,76.820689,2026-01-13T02:10:07+05:00,Tuesday,1,0,1,2,night,others,36.38
43.284278,76.898432,2025-11-01T15:09:15+05:00,Saturday,5,1,11,15,daytime,building_noise,71.12
43.248819,76.944213,2026-02-18T18:45:34+05:00,Wednesday,2,0,2,18,evening,human,66.45
43.264142,76.818639,2026-03-05T08:54:59+05:00,Thursday,3,0,3,8,morning,others,59.27
43.247886,76.942914,2026-01-12T20:11:25+05:00,Monday,0,0,1,20,evening,human,65.78
43.222521,76.906498,2026-02-21T18:16:29+05:00,Saturday,5,1,2,18,evening,human,63.16
43.234627,76.956424,2026-02-23T17:49:52+05:00,Monday,0,0,2,17,evening,transport,73.99
43.338166,76.950423,2026-01-23T06:12:48+05:00,Friday,4,0,1,6,morning,transport,57.11
43.253953,76.937549,2026-02-09T18:34:31+05:00,Monday,0,0,2,18,evening,alert,74.74
43.258346,76.969128,2026-04-21T22:55:48+05:00,Tuesday,1,0,4,22,late_evening,others,43.13
43.349908,77.042776,2025-11-24T19:57:37+05:00,Monday,0,0,11,19,evening,transport,75.73
43.234207,76.974642,2026-03-08T17:23:24+05:00,Sunday,6,1,3,17,evening,human,62.49
43.261573,76.95417,2026-02-08T18:18:39+05:00,Sunday,6,1,2,18,evening,human,67.65
43.262727,76.926922,2025-11-06T09:03:10+05:00,Thursday,3,0,11,9,morning,human,67.13
43.218018,76.903524,2025-12-20T14:32:17+05:00,Saturday,5,1,12,14,daytime,human,55.06
43.261975,76.952389,2026-03-09T14:08:13+05:00,Monday,0,0,3,14,daytime,human,48.89
43.252647,76.943692,2025-11-28T21:32:27+05:00,Friday,4,0,11,21,late_evening,human,73.49
43.217915,76.927909,2026-04-27T17:21:43+05:00,Monday,0,0,4,17,evening,transport,78.79
43.223649,76.900884,2025-12-28T07:37:04+05:00,Sunday,6,1,12,7,morning,human,47.67
43.234635,76.974974,2026-05-09T16:10:18+05:00,Saturday,5,1,5,16,daytime,human,52.73
43.277761,76.888535,2026-04-30T12:02:21+05:00,Thursday,3,0,4,12,daytime,building_noise,74.43
43.252412,76.944951,2026-01-20T05:45:23+05:00,Tuesday,1,0,1,5,night,human,46.15
43.35599,77.039628,2025-11-12T09:21:11+05:00,Wednesday,2,0,11,9,morning,transport,75.41
43.253977,76.942213,2026-01-30T01:58:57+05:00,Friday,4,0,1,1,night,human,67.86
43.264596,76.970008,2026-05-06T06:38:34+05:00,Wednesday,2,0,5,6,morning,others,38.53
43.236583,76.922593,2025-11-06T13:12:20+05:00,Thursday,3,0,11,13,daytime,transport,73.88
43.252359,76.941298,2026-02-18T10:17:51+05:00,Wednesday,2,0,2,10,morning,human,61.72
43.262821,76.955232,2026-02-24T07:04:24+05:00,Tuesday,1,0,2,7,morning,others,54.07
43.247415,76.9426,2026-05-08T11:56:20+05:00,Friday,4,0,5,11,daytime,human,62.6
43.264601,76.930203,2025-12-28T12:45:56+05:00,Sunday,6,1,12,12,daytime,human,64.84
43.262815,76.826012,2025-11-20T07:56:27+05:00,Thursday,3,0,11,7,morning,human,59.83
43.258313,76.944834,2025-11-03T18:45:13+05:00,Monday,0,0,11,18,evening,human,69.69
43.236181,76.929825,2026-01-03T16:34:20+05:00,Saturday,5,1,1,16,daytime,alert,73.39
43.239633,76.928929,2025-12-08T11:06:02+05:00,Monday,0,0,12,11,daytime,alert,65.87
43.261863,76.928035,2026-04-14T07:49:01+05:00,Tuesday,1,0,4,7,morning,human,58.69
43.342235,76.94585,2025-11-27T09:09:48+05:00,Thursday,3,0,11,9,morning,transport,75.5
43.23538,76.958304,2026-02-15T20:33:13+05:00,Sunday,6,1,2,20,evening,human,67.94
43.258613,76.976267,2026-03-04T08:04:23+05:00,Wednesday,2,0,3,8,morning,animals,35.67
43.216002,76.931172,2025-12-25T16:06:55+05:00,Thursday,3,0,12,16,daytime,transport,67.97
43.235958,76.924275,2025-11-10T05:56:37+05:00,Monday,0,0,11,5,night,building_noise,64.99
43.263317,76.954823,2025-11-18T06:33:11+05:00,Tuesday,1,0,11,6,morning,others,39.0
43.224095,76.902265,2026-05-02T17:24:16+05:00,Saturday,5,1,5,17,evening,human,61.34
43.23847,76.929666,2026-03-30T23:18:39+05:00,Monday,0,0,3,23,late_evening,alert,72.43
43.235683,76.918238,2025-11-11T01:28:53+05:00,Tuesday,1,0,11,1,night,transport,45.34
43.256275,76.972168,2025-11-25T16:02:50+05:00,Tuesday,1,0,11,16,daytime,human,50.97
43.220145,76.930558,2026-04-02T23:46:58+05:00,Thursday,3,0,4,23,late_evening,transport,71.27
43.239498,76.917476,2026-02-16T16:53:25+05:00,Monday,0,0,2,16,daytime,transport,55.71
43.234127,76.977004,2026-02-06T03:13:06+05:00,Friday,4,0,2,3,night,others,35.0
43.264232,76.957784,2026-04-15T12:03:52+05:00,Wednesday,2,0,4,12,daytime,human,64.94
43.235494,76.975919,2026-01-10T16:49:05+05:00,Saturday,5,1,1,16,daytime,human,52.73
43.220491,76.898309,2025-12-26T12:43:54+05:00,Friday,4,0,12,12,daytime,human,58.26
43.223469,76.901291,2026-01-21T08:36:05+05:00,Wednesday,2,0,1,8,morning,animals,44.36
43.24713,76.941812,2026-01-27T15:00:30+05:00,Tuesday,1,0,1,15,daytime,human,65.7
43.347562,77.040345,2026-04-30T10:57:56+05:00,Thursday,3,0,4,10,morning,transport,68.29
43.257152,76.976027,2026-05-07T22:18:01+05:00,Thursday,3,0,5,22,late_evening,human,48.96
43.24024,76.929378,2026-03-11T09:39:08+05:00,Wednesday,2,0,3,9,morning,alert,74.59
43.265,76.97209,2026-04-15T09:09:43+05:00,Wednesday,2,0,4,9,morning,others,52.45
43.351304,77.049016,2026-02-16T21:32:30+05:00,Monday,0,0,2,21,late_evening,transport,70.16
43.252781,76.941498,2026-01-06T18:42:09+05:00,Tuesday,1,0,1,18,evening,others,68.06
43.263929,76.926244,2025-12-04T12:49:38+05:00,Thursday,3,0,12,12,daytime,human,58.55
43.351355,77.043349,2026-01-21T20:45:46+05:00,Wednesday,2,0,1,20,evening,alert,81.57
43.250197,76.941353,2025-11-12T09:46:03+05:00,Wednesday,2,0,11,9,morning,human,65.04
43.240609,76.923684,2025-12-07T08:48:07+05:00,Sunday,6,1,12,8,morning,transport,70.84
43.235165,76.957295,2026-05-05T12:05:14+05:00,Tuesday,1,0,5,12,daytime,human,62.48
43.235573,76.954182,2025-11-13T09:19:16+05:00,Thursday,3,0,11,9,morning,others,67.08
43.246435,76.938777,2025-12-13T08:41:57+05:00,Saturday,5,1,12,8,morning,human,67.13
43.246621,76.936221,2025-12-09T09:51:35+05:00,Tuesday,1,0,12,9,morning,transport,67.74
43.252223,76.945275,2025-11-26T22:38:48+05:00,Wednesday,2,0,11,22,late_evening,alert,78.87
43.257989,76.975391,2025-12-20T20:31:58+05:00,Saturday,5,1,12,20,evening,animals,37.12
43.261238,76.973137,2025-12-28T23:44:34+05:00,Sunday,6,1,12,23,late_evening,animals,37.5
43.246427,76.862317,2026-01-31T13:01:34+05:00,Saturday,5,1,1,13,daytime,alert,76.05
43.258162,76.970909,2026-04-26T07:08:08+05:00,Sunday,6,1,4,7,morning,animals,45.59
43.263125,76.821738,2026-04-30T22:38:59+05:00,Thursday,3,0,4,22,late_evening,alert,67.61
43.259413,76.972711,2026-05-10T17:00:53+05:00,Sunday,6,1,5,17,evening,human,59.24
43.233506,76.960076,2026-04-28T21:51:56+05:00,Tuesday,1,0,4,21,late_evening,human,68.35
43.238445,76.921418,2025-11-05T16:50:27+05:00,Wednesday,2,0,11,16,daytime,transport,65.33
43.257745,76.945285,2026-01-13T13:11:00+05:00,Tuesday,1,0,1,13,daytime,transport,64.56
43.238368,76.92279,2025-11-01T18:11:24+05:00,Saturday,5,1,11,18,evening,others,70.16
43.239126,76.929671,2026-04-03T11:10:38+05:00,Friday,4,0,4,11,daytime,transport,68.19
43.241172,76.930635,2026-02-20T09:41:24+05:00,Friday,4,0,2,9,morning,alert,80.0
43.224113,76.901777,2025-11-23T20:19:20+05:00,Sunday,6,1,11,20,evening,others,42.6
43.338501,76.949669,2025-11-03T07:39:28+05:00,Monday,0,0,11,7,morning,transport,73.54
43.262378,76.928475,2026-01-18T08:21:21+05:00,Sunday,6,1,1,8,morning,transport,71.06
43.260073,76.975335,2025-11-29T20:33:34+05:00,Saturday,5,1,11,20,evening,animals,35.0
43.263095,76.953561,2026-01-10T17:49:55+05:00,Saturday,5,1,1,17,evening,human,70.22
43.26039,76.952535,2026-03-11T18:44:19+05:00,Wednesday,2,0,3,18,evening,human,68.58
43.284068,76.893628,2026-03-02T08:43:17+05:00,Monday,0,0,3,8,morning,building_noise,73.14
43.248021,76.94361,2026-02-09T19:28:32+05:00,Monday,0,0,2,19,evening,alert,74.25
43.247508,76.940565,2026-04-29T06:01:28+05:00,Wednesday,2,0,4,6,morning,human,61.68
43.336156,76.953048,2025-12-02T23:00:53+05:00,Tuesday,1,0,12,23,late_evening,transport,69.8
43.218344,76.89818,2026-02-26T01:57:38+05:00,Thursday,3,0,2,1,night,others,35.01
43.288687,76.894006,2026-03-09T15:43:35+05:00,Monday,0,0,3,15,daytime,building_noise,70.83
43.222507,76.900802,2026-01-21T08:29:05+05:00,Wednesday,2,0,1,8,morning,animals,43.01
43.262379,76.967686,2026-03-31T23:01:08+05:00,Tuesday,1,0,3,23,late_evening,others,41.33
43.263567,76.92767,2025-12-01T17:28:32+05:00,Monday,0,0,12,17,evening,human,68.76
43.233982,76.973452,2026-02-27T06:51:42+05:00,Friday,4,0,2,6,morning,others,36.31
43.248607,76.856442,2026-01-07T12:19:39+05:00,Wednesday,2,0,1,12,daytime,transport,68.26
43.251269,76.863387,2026-01-18T18:27:59+05:00,Sunday,6,1,1,18,evening,transport,67.83
43.247993,76.860195,2026-04-21T08:57:00+05:00,Tuesday,1,0,4,8,morning,transport,78.56
43.21548,76.925007,2026-01-18T06:06:43+05:00,Sunday,6,1,1,6,morning,transport,58.16
43.25047,76.94428,2026-04-25T09:54:33+05:00,Saturday,5,1,4,9,morning,human,64.32
43.245412,76.859614,2026-03-23T17:07:53+05:00,Monday,0,0,3,17,evening,transport,75.93
43.25365,76.943995,2025-11-25T18:35:21+05:00,Tuesday,1,0,11,18,evening,human,59.49
43.248877,76.860604,2025-12-08T07:52:11+05:00,Monday,0,0,12,7,morning,transport,74.45
43.258228,76.972199,2025-12-22T09:24:03+05:00,Monday,0,0,12,9,morning,others,47.77
43.259686,76.975452,2026-01-18T08:35:50+05:00,Sunday,6,1,1,8,morning,animals,40.78
43.257841,76.943944,2026-02-28T13:40:02+05:00,Saturday,5,1,2,13,daytime,human,59.5
43.237664,76.922153,2026-01-31T07:28:57+05:00,Saturday,5,1,1,7,morning,transport,72.15
43.266186,76.823709,2025-12-18T12:23:18+05:00,Thursday,3,0,12,12,daytime,human,52.43
43.259271,76.946954,2026-02-16T20:06:35+05:00,Monday,0,0,2,20,evening,human,63.71
43.235993,76.923024,2026-01-14T06:44:12+05:00,Wednesday,2,0,1,6,morning,transport,65.04
43.240497,76.931707,2026-01-10T08:31:42+05:00,Saturday,5,1,1,8,morning,alert,69.68
43.238057,76.927221,2026-04-10T18:35:28+05:00,Friday,4,0,4,18,evening,alert,75.41
43.263287,76.953673,2026-04-21T07:14:32+05:00,Tuesday,1,0,4,7,morning,others,48.52
43.257677,76.94313,2026-02-05T12:56:45+05:00,Thursday,3,0,2,12,daytime,human,61.31
43.272052,76.817105,2026-04-29T20:32:34+05:00,Wednesday,2,0,4,20,evening,human,51.05
43.217938,76.927696,2025-12-09T12:42:08+05:00,Tuesday,1,0,12,12,daytime,transport,71.99
43.246643,76.86181,2026-01-31T12:46:34+05:00,Saturday,5,1,1,12,daytime,alert,75.66
43.233526,76.975119,2025-12-18T20:05:14+05:00,Thursday,3,0,12,20,evening,others,42.74
43.237834,76.914977,2026-05-07T19:02:54+05:00,Thursday,3,0,5,19,evening,transport,67.9
43.25752,76.944979,2026-03-16T17:08:45+05:00,Monday,0,0,3,17,evening,human,66.88
43.255664,76.97591,2026-04-23T23:59:13+05:00,Thursday,3,0,4,23,late_evening,animals,36.13
43.236681,76.928991,2026-01-28T21:08:42+05:00,Wednesday,2,0,1,21,late_evening,alert,67.7
43.234403,76.956849,2026-05-03T15:45:18+05:00,Sunday,6,1,5,15,daytime,human,64.72
43.353898,77.036703,2026-02-27T08:08:49+05:00,Friday,4,0,2,8,morning,transport,73.78
43.240642,76.930504,2026-03-14T20:09:49+05:00,Saturday,5,1,3,20,evening,alert,72.07
43.245991,76.945254,2026-04-04T20:03:52+05:00,Saturday,5,1,4,20,evening,human,72.65
43.35757,77.041843,2026-03-11T09:10:19+05:00,Wednesday,2,0,3,9,morning,transport,81.18
43.288134,76.891938,2025-11-10T14:36:05+05:00,Monday,0,0,11,14,daytime,building_noise,73.45
43.238047,76.917667,2026-02-18T17:44:43+05:00,Wednesday,2,0,2,17,evening,transport,79.2
43.220411,76.926892,2025-11-10T11:02:21+05:00,Monday,0,0,11,11,daytime,transport,72.25
43.276741,76.894692,2026-02-09T11:53:04+05:00,Monday,0,0,2,11,daytime,building_noise,73.17
43.287292,76.899673,2026-02-13T13:17:03+05:00,Friday,4,0,2,13,daytime,building_noise,72.42
43.241166,76.858735,2026-03-25T07:45:29+05:00,Wednesday,2,0,3,7,morning,transport,76.38
43.254217,76.943174,2026-03-22T08:36:04+05:00,Sunday,6,1,3,8,morning,human,66.98
43.236247,76.956954,2025-12-27T18:43:04+05:00,Saturday,5,1,12,18,evening,human,64.13
43.253319,76.946299,2026-04-11T22:10:23+05:00,Saturday,5,1,4,22,late_evening,human,75.86
43.239088,76.931105,2026-03-19T20:02:07+05:00,Thursday,3,0,3,20,evening,transport,62.47
43.278611,76.894668,2026-03-04T08:34:28+05:00,Wednesday,2,0,3,8,morning,alert,80.38
43.241315,76.931242,2026-01-10T08:16:42+05:00,Saturday,5,1,1,8,morning,alert,69.07
43.255863,76.969904,2025-11-11T10:19:20+05:00,Tuesday,1,0,11,10,morning,animals,48.39
43.260347,76.962723,2025-12-03T08:43:21+05:00,Wednesday,2,0,12,8,morning,others,48.46
43.281617,76.897361,2026-05-07T14:19:53+05:00,Thursday,3,0,5,14,daytime,building_noise,76.5
43.24948,76.942507,2026-01-14T10:57:45+05:00,Wednesday,2,0,1,10,morning,transport,61.23
43.344465,76.943544,2025-11-23T09:43:52+05:00,Sunday,6,1,11,9,morning,transport,69.36
43.238351,76.932742,2026-02-03T18:49:42+05:00,Tuesday,1,0,2,18,evening,alert,75.68
43.261281,76.967665,2025-12-29T18:19:13+05:00,Monday,0,0,12,18,evening,human,62.27
43.23915,76.930045,2026-01-27T02:22:43+05:00,Tuesday,1,0,1,2,night,building_noise,46.5
43.252214,76.945081,2025-11-19T13:04:11+05:00,Wednesday,2,0,11,13,daytime,human,59.64
43.25845,76.975045,2026-05-02T10:04:11+05:00,Saturday,5,1,5,10,morning,animals,45.73
43.240573,76.919486,2026-05-06T18:35:42+05:00,Wednesday,2,0,5,18,evening,transport,80.56
43.261716,76.974001,2025-12-07T08:47:08+05:00,Sunday,6,1,12,8,morning,animals,39.15
43.259355,76.975838,2026-04-05T16:44:36+05:00,Sunday,6,1,4,16,daytime,human,57.2
43.244778,76.860817,2025-11-20T14:18:51+05:00,Thursday,3,0,11,14,daytime,transport,69.63
43.247563,76.861352,2026-05-01T19:02:09+05:00,Friday,4,0,5,19,evening,alert,87.59
43.239043,76.928575,2026-01-04T08:03:10+05:00,Sunday,6,1,1,8,morning,alert,73.28
43.25745,76.970836,2026-02-19T08:28:47+05:00,Thursday,3,0,2,8,morning,animals,39.55
43.261365,76.951529,2025-11-20T22:00:17+05:00,Thursday,3,0,11,22,late_evening,others,47.22
43.23078,76.956364,2026-05-08T08:50:59+05:00,Friday,4,0,5,8,morning,transport,73.04
43.359665,77.038598,2026-03-18T14:22:32+05:00,Wednesday,2,0,3,14,daytime,transport,76.5
43.237387,76.917404,2026-03-14T13:22:58+05:00,Saturday,5,1,3,13,daytime,transport,60.55
43.256651,76.945201,2026-03-20T21:49:05+05:00,Friday,4,0,3,21,late_evening,human,69.37
43.241151,76.932201,2026-02-18T22:16:38+05:00,Wednesday,2,0,2,22,late_evening,alert,72.93
43.233047,76.977807,2025-12-03T08:37:08+05:00,Wednesday,2,0,12,8,morning,others,43.29
43.221693,76.932341,2026-04-25T17:01:17+05:00,Saturday,5,1,4,17,evening,transport,70.38
43.261083,76.954404,2025-11-04T22:26:08+05:00,Tuesday,1,0,11,22,late_evening,others,44.57
43.237352,76.920419,2026-02-05T17:00:09+05:00,Thursday,3,0,2,17,evening,transport,70.46
43.238648,76.913649,2026-01-30T12:15:33+05:00,Friday,4,0,1,12,daytime,transport,53.1
43.263867,76.955819,2026-02-06T19:25:30+05:00,Friday,4,0,2,19,evening,human,67.94
43.232509,76.955631,2026-04-08T18:13:34+05:00,Wednesday,2,0,4,18,evening,transport,79.16
43.232872,76.956166,2026-03-20T08:01:52+05:00,Friday,4,0,3,8,morning,alert,84.36
43.350509,77.045203,2025-11-03T18:22:23+05:00,Monday,0,0,11,18,evening,transport,81.32
43.236024,76.918353,2026-02-04T05:50:13+05:00,Wednesday,2,0,2,5,night,transport,44.99
43.254683,76.945534,2026-01-10T05:16:00+05:00,Saturday,5,1,1,5,night,human,50.51
43.2579,76.96974,2025-12-24T20:20:06+05:00,Wednesday,2,0,12,20,evening,others,40.96
43.222489,76.901901,2026-01-07T22:45:21+05:00,Wednesday,2,0,1,22,late_evening,animals,35.49
43.219532,76.924074,2026-01-08T09:42:09+05:00,Thursday,3,0,1,9,morning,transport,79.56
43.258129,76.94566,2026-02-14T13:33:34+05:00,Saturday,5,1,2,13,daytime,human,56.68
43.256085,76.962625,2026-01-30T17:58:24+05:00,Friday,4,0,1,17,evening,human,56.47
43.249305,76.94087,2025-12-22T08:53:21+05:00,Monday,0,0,12,8,morning,human,64.31
43.261066,76.967613,2025-12-23T11:41:47+05:00,Tuesday,1,0,12,11,daytime,human,57.58
43.264331,76.954478,2026-04-30T20:13:54+05:00,Thursday,3,0,4,20,evening,others,46.63
43.263173,76.820997,2025-12-06T23:14:49+05:00,Saturday,5,1,12,23,late_evening,human,66.56
43.237886,76.931312,2026-01-24T20:02:26+05:00,Saturday,5,1,1,20,evening,alert,69.78
43.253349,76.969658,2026-05-01T09:47:24+05:00,Friday,4,0,5,9,morning,others,44.29
43.248032,76.866008,2026-03-17T17:31:21+05:00,Tuesday,1,0,3,17,evening,transport,78.24
43.347242,76.95479,2026-02-10T08:42:37+05:00,Tuesday,1,0,2,8,morning,transport,73.07
43.262303,76.929244,2026-03-28T21:44:41+05:00,Saturday,5,1,3,21,late_evening,human,65.93
43.256934,76.975559,2025-12-12T14:40:12+05:00,Friday,4,0,12,14,daytime,human,49.3
43.238143,76.956315,2025-12-08T00:25:01+05:00,Monday,0,0,12,0,night,human,52.26
43.238991,76.929947,2026-05-05T08:23:54+05:00,Tuesday,1,0,5,8,morning,alert,71.83
43.214232,76.93342,2026-01-02T07:17:10+05:00,Friday,4,0,1,7,morning,transport,78.99
43.238401,76.920509,2026-01-30T19:56:49+05:00,Friday,4,0,1,19,evening,transport,80.86
43.265213,76.817247,2026-04-11T03:22:04+05:00,Saturday,5,1,4,3,night,human,39.16
43.261531,76.96712,2025-12-22T16:26:48+05:00,Monday,0,0,12,16,daytime,human,52.64
43.232486,76.977113,2025-12-29T19:54:23+05:00,Monday,0,0,12,19,evening,human,56.5
43.257153,76.966567,2026-02-16T19:01:30+05:00,Monday,0,0,2,19,evening,human,59.64
43.247047,76.942276,2025-11-18T12:30:10+05:00,Tuesday,1,0,11,12,daytime,human,67.07
43.24029,76.921181,2026-04-15T22:35:17+05:00,Wednesday,2,0,4,22,late_evening,transport,65.34
43.216535,76.927719,2025-12-17T03:13:12+05:00,Wednesday,2,0,12,3,night,transport,51.63
43.217562,76.92806,2026-03-06T18:29:15+05:00,Friday,4,0,3,18,evening,transport,80.93
43.215651,76.927408,2025-11-02T12:01:29+05:00,Sunday,6,1,11,12,daytime,transport,69.07
43.259036,76.968047,2026-04-19T16:36:32+05:00,Sunday,6,1,4,16,daytime,human,57.33
43.250349,76.941393,2026-03-25T19:08:40+05:00,Wednesday,2,0,3,19,evening,human,64.47
43.25407,76.947425,2026-02-26T18:25:22+05:00,Thursday,3,0,2,18,evening,human,69.2
43.236814,76.914525,2026-01-16T11:03:13+05:00,Friday,4,0,1,11,daytime,transport,54.28
43.28421,76.892248,2025-11-09T00:16:04+05:00,Sunday,6,1,11,0,night,transport,49.1
43.235777,76.91901,2026-05-05T13:06:35+05:00,Tuesday,1,0,5,13,daytime,transport,73.06
43.257641,76.945018,2026-02-16T12:09:25+05:00,Monday,0,0,2,12,daytime,human,56.59
43.280998,76.888877,2026-03-05T16:08:57+05:00,Thursday,3,0,3,16,daytime,building_noise,76.16
43.246488,76.86346,2025-12-15T18:21:21+05:00,Monday,0,0,12,18,evening,alert,85.03
43.257301,76.973482,2025-12-09T21:55:35+05:00,Tuesday,1,0,12,21,late_evening,animals,40.4
43.230555,76.95221,2026-04-03T17:27:48+05:00,Friday,4,0,4,17,evening,transport,71.28
43.221746,76.928366,2025-11-10T17:04:31+05:00,Monday,0,0,11,17,evening,transport,84.1
43.265133,76.954152,2026-01-13T09:07:05+05:00,Tuesday,1,0,1,9,morning,human,66.46
43.218585,76.928919,2026-02-20T16:33:48+05:00,Friday,4,0,2,16,daytime,transport,70.2
43.259432,76.968325,2026-03-01T10:23:43+05:00,Sunday,6,1,3,10,morning,human,56.9
43.217058,76.931337,2026-04-23T18:25:57+05:00,Thursday,3,0,4,18,evening,transport,81.97
43.220947,76.899654,2026-01-12T07:17:59+05:00,Monday,0,0,1,7,morning,others,48.35
43.234916,76.916332,2026-04-25T20:08:17+05:00,Saturday,5,1,4,20,evening,transport,59.73
43.259706,76.962895,2025-12-03T08:34:21+05:00,Wednesday,2,0,12,8,morning,others,48.92
43.340366,76.947674,2026-04-21T07:50:15+05:00,Tuesday,1,0,4,7,morning,transport,74.84
43.262804,76.954485,2026-05-09T18:02:17+05:00,Saturday,5,1,5,18,evening,human,70.13
43.279514,76.891215,2026-04-13T10:08:22+05:00,Monday,0,0,4,10,morning,building_noise,74.82
43.248564,76.939643,2026-05-07T23:00:16+05:00,Thursday,3,0,5,23,late_evening,human,65.21
43.336315,76.953696,2025-12-25T09:38:10+05:00,Thursday,3,0,12,9,morning,transport,79.09
43.264199,76.926175,2026-04-14T13:53:22+05:00,Tuesday,1,0,4,13,daytime,human,61.99
43.253738,76.94499,2026-03-10T14:10:53+05:00,Tuesday,1,0,3,14,daytime,human,58.19
43.261985,76.965518,2026-04-09T06:07:36+05:00,Thursday,3,0,4,6,morning,animals,37.93
43.240431,76.921514,2026-03-26T08:20:26+05:00,Thursday,3,0,3,8,morning,transport,77.45
43.237351,76.957313,2026-01-22T22:46:59+05:00,Thursday,3,0,1,22,late_evening,human,63.1
43.345625,77.039306,2026-03-28T12:37:46+05:00,Saturday,5,1,3,12,daytime,transport,73.21
43.238804,76.92301,2026-04-09T17:01:48+05:00,Thursday,3,0,4,17,evening,alert,83.45
43.239164,76.919074,2026-04-14T08:11:28+05:00,Tuesday,1,0,4,8,morning,transport,66.39
43.263438,76.954698,2025-11-16T13:40:23+05:00,Sunday,6,1,11,13,daytime,human,66.29
43.218686,76.924729,2026-03-04T09:40:59+05:00,Wednesday,2,0,3,9,morning,transport,80.34
43.217266,76.928671,2026-03-08T17:15:47+05:00,Sunday,6,1,3,17,evening,alert,76.46
43.26205,76.955741,2026-03-02T07:14:44+05:00,Monday,0,0,3,7,morning,others,51.65
43.237792,76.95378,2026-02-15T20:44:06+05:00,Sunday,6,1,2,20,evening,human,67.52
43.259835,76.946259,2025-11-15T11:19:44+05:00,Saturday,5,1,11,11,daytime,human,59.57
43.273741,76.896842,2025-12-16T12:38:12+05:00,Tuesday,1,0,12,12,daytime,building_noise,68.17
43.237115,76.922171,2025-11-06T22:06:28+05:00,Thursday,3,0,11,22,late_evening,transport,65.08
43.23983,76.923624,2026-01-07T07:59:25+05:00,Wednesday,2,0,1,7,morning,transport,80.99
43.238336,76.930271,2026-01-05T21:21:54+05:00,Monday,0,0,1,21,late_evening,alert,74.63
43.258405,76.944726,2026-01-28T09:58:48+05:00,Wednesday,2,0,1,9,morning,human,64.51
43.243265,76.860766,2026-03-26T08:03:57+05:00,Thursday,3,0,3,8,morning,alert,81.32
43.23539,76.955312,2026-01-26T07:00:25+05:00,Monday,0,0,1,7,morning,human,72.01
43.262517,76.954983,2025-11-15T17:27:40+05:00,Saturday,5,1,11,17,evening,human,66.52
43.276816,76.898204,2026-04-19T07:54:36+05:00,Sunday,6,1,4,7,morning,building_noise,65.22
43.214233,76.925456,2025-12-14T19:09:59+05:00,Sunday,6,1,12,19,evening,transport,70.16
43.24039,76.924377,2026-03-17T17:56:24+05:00,Tuesday,1,0,3,17,evening,transport,76.97
43.264068,76.928238,2026-02-26T11:01:53+05:00,Thursday,3,0,2,11,daytime,others,52.48
43.224714,76.901733,2026-05-05T08:39:22+05:00,Tuesday,1,0,5,8,morning,others,51.55
43.2478,76.940103,2025-11-03T07:56:07+05:00,Monday,0,0,11,7,morning,human,70.84
43.235293,76.956085,2025-11-30T15:56:51+05:00,Sunday,6,1,11,15,daytime,human,64.31
43.264094,76.929132,2025-11-30T07:50:17+05:00,Sunday,6,1,11,7,morning,human,74.08
43.258772,76.94411,2025-11-06T14:36:41+05:00,Thursday,3,0,11,14,daytime,human,61.03
43.25713,76.961761,2026-04-04T17:04:36+05:00,Saturday,5,1,4,17,evening,human,57.07
43.251034,76.943126,2025-11-14T07:38:57+05:00,Friday,4,0,11,7,morning,transport,69.7
43.257016,76.974807,2026-02-15T07:49:45+05:00,Sunday,6,1,2,7,morning,animals,38.42
43.256646,76.943979,2026-01-24T21:17:25+05:00,Saturday,5,1,1,21,late_evening,human,72.11
43.220721,76.930313,2026-01-04T15:17:38+05:00,Sunday,6,1,1,15,daytime,transport,71.99
43.250471,76.946605,2026-03-22T12:14:26+05:00,Sunday,6,1,3,12,daytime,human,62.63
43.353029,77.033868,2026-05-03T06:47:30+05:00,Sunday,6,1,5,6,morning,transport,63.46
43.224915,76.900984,2026-03-26T08:17:52+05:00,Thursday,3,0,3,8,morning,others,48.96
43.246708,76.857884,2026-04-19T08:13:02+05:00,Sunday,6,1,4,8,morning,transport,70.56
43.239875,76.927326,2026-05-04T18:16:22+05:00,Monday,0,0,5,18,evening,alert,75.61
43.236427,76.929809,2026-02-12T12:13:49+05:00,Thursday,3,0,2,12,daytime,transport,63.12
43.215983,76.928513,2025-11-19T18:39:00+05:00,Wednesday,2,0,11,18,evening,transport,84.18
43.236031,76.914284,2025-12-15T04:51:29+05:00,Monday,0,0,12,4,night,transport,46.91
43.263209,76.96983,2026-02-08T18:56:56+05:00,Sunday,6,1,2,18,evening,human,59.85
43.257344,76.944735,2025-11-09T18:33:44+05:00,Sunday,6,1,11,18,evening,transport,66.34
43.287532,76.889925,2026-04-22T22:33:04+05:00,Wednesday,2,0,4,22,late_evening,building_noise,64.17
43.239349,76.951779,2026-02-01T10:42:08+05:00,Sunday,6,1,2,10,morning,human,65.01
43.240479,76.932073,2026-03-09T08:55:29+05:00,Monday,0,0,3,8,morning,alert,71.95
43.256312,76.941818,2026-02-23T14:01:36+05:00,Monday,0,0,2,14,daytime,human,57.45
43.263621,76.821224,2026-04-30T22:42:59+05:00,Thursday,3,0,4,22,late_evening,alert,68.57
43.222549,76.903849,2026-03-03T18:56:11+05:00,Tuesday,1,0,3,18,evening,animals,46.98
43.235381,76.981018,2026-02-07T08:42:46+05:00,Saturday,5,1,2,8,morning,others,44.87
43.232645,76.95595,2025-12-19T22:49:01+05:00,Friday,4,0,12,22,late_evening,transport,79.14
43.256701,76.974031,2026-01-29T23:57:36+05:00,Thursday,3,0,1,23,late_evening,animals,37.75
43.26265,76.954725,2026-01-17T19:50:13+05:00,Saturday,5,1,1,19,evening,human,68.72
43.222746,76.928508,2025-12-23T00:13:20+05:00,Tuesday,1,0,12,0,night,transport,56.21
43.265732,76.926307,2025-12-04T11:23:28+05:00,Thursday,3,0,12,11,daytime,building_noise,65.96
43.263678,76.953638,2025-12-24T06:40:40+05:00,Wednesday,2,0,12,6,morning,others,44.81
43.233719,76.957776,2026-02-23T19:42:48+05:00,Monday,0,0,2,19,evening,transport,79.48
43.242623,76.861569,2026-04-11T18:00:12+05:00,Saturday,5,1,4,18,evening,transport,75.75
43.236699,76.91415,2026-04-19T22:42:35+05:00,Sunday,6,1,4,22,late_evening,transport,53.32
43.264615,76.954744,2025-11-24T07:29:22+05:00,Monday,0,0,11,7,morning,others,48.09
43.285425,76.894642,2025-12-12T22:21:55+05:00,Friday,4,0,12,22,late_evening,transport,61.14
43.238232,76.931353,2026-01-02T13:23:18+05:00,Friday,4,0,1,13,daytime,transport,63.81
43.238904,76.920323,2026-01-19T19:54:05+05:00,Monday,0,0,1,19,evening,transport,80.96
43.239614,76.930867,2025-12-16T09:44:44+05:00,Tuesday,1,0,12,9,morning,building_noise,69.68
43.26306,76.955096,2026-02-06T17:39:00+05:00,Friday,4,0,2,17,evening,human,66.87
43.266909,76.924641,2025-11-06T15:23:46+05:00,Thursday,3,0,11,15,daytime,human,64.15
43.239539,76.952921,2026-01-19T21:34:56+05:00,Monday,0,0,1,21,late_evening,human,71.38
43.237233,76.916347,2026-02-11T23:40:00+05:00,Wednesday,2,0,2,23,late_evening,others,60.54
43.256553,76.971766,2026-04-27T01:21:49+05:00,Monday,0,0,4,1,night,animals,35.0
43.352458,77.036755,2026-02-27T12:35:58+05:00,Friday,4,0,2,12,daytime,transport,65.15
43.235208,76.955621,2025-12-25T19:23:22+05:00,Thursday,3,0,12,19,evening,transport,72.2
43.235549,76.957944,2025-12-31T13:27:36+05:00,Wednesday,2,0,12,13,daytime,human,61.16
43.239444,76.956293,2025-12-17T14:40:52+05:00,Wednesday,2,0,12,14,daytime,alert,72.0
43.280362,76.899622,2026-04-20T10:18:46+05:00,Monday,0,0,4,10,morning,building_noise,76.09
43.262305,76.955721,2026-01-07T16:25:09+05:00,Wednesday,2,0,1,16,daytime,human,64.86
43.216212,76.932228,2026-01-14T18:24:05+05:00,Wednesday,2,0,1,18,evening,transport,84.94
43.259159,76.969636,2026-03-13T18:20:15+05:00,Friday,4,0,3,18,evening,human,62.28
43.266111,76.976971,2026-05-01T22:18:05+05:00,Friday,4,0,5,22,late_evening,animals,38.33
43.233004,76.958455,2026-03-28T20:50:31+05:00,Saturday,5,1,3,20,evening,human,73.98
43.279956,76.892659,2026-01-14T16:48:46+05:00,Wednesday,2,0,1,16,daytime,building_noise,78.3
43.252183,76.946683,2025-12-16T12:59:33+05:00,Tuesday,1,0,12,12,daytime,human,61.25
43.264362,76.954463,2026-01-03T01:31:55+05:00,Saturday,5,1,1,1,night,others,35.8
43.284595,76.896702,2026-02-05T15:17:53+05:00,Thursday,3,0,2,15,daytime,building_noise,71.56
43.2602,76.943987,2026-03-16T15:47:11+05:00,Monday,0,0,3,15,daytime,human,63.19
43.249551,76.862689,2026-01-18T18:19:16+05:00,Sunday,6,1,1,18,evening,transport,73.57
43.260589,76.972553,2026-01-03T18:47:57+05:00,Saturday,5,1,1,18,evening,others,52.44
43.250551,76.860938,2025-12-16T19:21:17+05:00,Tuesday,1,0,12,19,evening,transport,73.22
43.34017,76.952088,2026-03-01T09:33:55+05:00,Sunday,6,1,3,9,morning,alert,77.0
43.23699,76.959798,2026-02-15T07:12:34+05:00,Sunday,6,1,2,7,morning,human,68.29
43.277154,76.896446,2025-12-17T09:35:11+05:00,Wednesday,2,0,12,9,morning,building_noise,74.8
43.250127,76.935397,2026-02-05T20:45:05+05:00,Thursday,3,0,2,20,evening,human,68.01
43.236349,76.922711,2026-01-16T21:23:31+05:00,Friday,4,0,1,21,late_evening,transport,71.45
43.237929,76.921742,2025-12-05T08:45:58+05:00,Friday,4,0,12,8,morning,transport,76.84
43.242923,76.918914,2026-03-24T13:04:48+05:00,Tuesday,1,0,3,13,daytime,transport,68.3
43.252367,76.943765,2026-01-07T14:51:26+05:00,Wednesday,2,0,1,14,daytime,human,62.8
43.337805,76.948141,2025-12-30T16:22:34+05:00,Tuesday,1,0,12,16,daytime,transport,69.14
43.262395,76.953995,2026-02-14T07:29:57+05:00,Saturday,5,1,2,7,morning,others,52.08
43.352164,77.041931,2026-01-30T17:21:16+05:00,Friday,4,0,1,17,evening,transport,80.59
43.341559,76.950612,2026-02-06T07:11:46+05:00,Friday,4,0,2,7,morning,transport,74.25
43.245595,76.856504,2026-01-05T09:58:15+05:00,Monday,0,0,1,9,morning,transport,75.34
43.262563,76.957005,2026-02-22T16:29:49+05:00,Sunday,6,1,2,16,daytime,human,64.86
43.259781,76.945916,2026-03-08T15:30:19+05:00,Sunday,6,1,3,15,daytime,human,64.8
43.264908,76.929106,2026-03-10T12:22:16+05:00,Tuesday,1,0,3,12,daytime,human,57.84
43.342405,76.952745,2025-11-21T11:07:08+05:00,Friday,4,0,11,11,daytime,transport,64.55
43.259362,76.972375,2026-01-28T22:30:40+05:00,Wednesday,2,0,1,22,late_evening,animals,38.19
43.257228,76.944093,2025-11-21T13:13:05+05:00,Friday,4,0,11,13,daytime,human,63.58
43.265186,76.966225,2025-12-09T23:05:59+05:00,Tuesday,1,0,12,23,late_evening,others,43.72
43.262184,76.92918,2025-11-27T23:28:02+05:00,Thursday,3,0,11,23,late_evening,human,65.15
43.238069,76.921345,2025-12-01T10:21:28+05:00,Monday,0,0,12,10,morning,transport,66.56
43.340156,77.038932,2026-03-08T17:52:55+05:00,Sunday,6,1,3,17,evening,transport,73.38
43.238589,76.930655,2025-12-06T09:52:24+05:00,Saturday,5,1,12,9,morning,alert,71.68
43.264887,76.954431,2026-02-16T08:13:48+05:00,Monday,0,0,2,8,morning,others,50.36
43.280026,76.887826,2026-01-21T16:34:05+05:00,Wednesday,2,0,1,16,daytime,transport,78.36
43.259706,76.972114,2026-01-28T22:26:40+05:00,Wednesday,2,0,1,22,late_evening,animals,39.21
43.239498,76.929514,2025-12-16T17:30:43+05:00,Tuesday,1,0,12,17,evening,alert,73.54
43.341317,76.953892,2026-01-02T19:35:16+05:00,Friday,4,0,1,19,evening,animals,54.57
43.239927,76.913996,2025-12-12T19:13:45+05:00,Friday,4,0,12,19,evening,transport,68.6
43.262912,76.953328,2025-11-16T19:43:35+05:00,Sunday,6,1,11,19,evening,human,65.92
43.261544,76.927613,2026-03-03T15:41:48+05:00,Tuesday,1,0,3,15,daytime,human,60.63
43.265035,76.953303,2025-11-02T20:35:09+05:00,Sunday,6,1,11,20,evening,others,54.39
43.260851,76.820892,2026-04-16T17:12:27+05:00,Thursday,3,0,4,17,evening,human,62.51
43.240067,76.929541,2026-05-09T20:35:42+05:00,Saturday,5,1,5,20,evening,alert,65.07
43.262592,76.956779,2025-12-15T22:00:12+05:00,Monday,0,0,12,22,late_evening,others,47.27
43.251789,76.945001,2026-03-06T12:41:07+05:00,Friday,4,0,3,12,daytime,human,61.2
43.240277,76.929728,2026-03-18T15:53:49+05:00,Wednesday,2,0,3,15,daytime,transport,60.59
43.239417,76.930814,2025-12-16T09:39:08+05:00,Tuesday,1,0,12,9,morning,alert,77.66
43.236747,76.916801,2025-12-28T18:01:24+05:00,Sunday,6,1,12,18,evening,transport,67.59
43.253058,76.942151,2026-04-17T23:55:58+05:00,Friday,4,0,4,23,late_evening,human,77.65
43.263039,76.952093,2026-05-02T16:40:02+05:00,Saturday,5,1,5,16,daytime,others,63.15
43.34415,77.045858,2025-12-05T07:16:50+05:00,Friday,4,0,12,7,morning,transport,76.91
43.26077,76.954211,2026-04-09T13:49:55+05:00,Thursday,3,0,4,13,daytime,human,66.79
43.22233,76.902937,2026-01-10T20:44:18+05:00,Saturday,5,1,1,20,evening,others,43.01
43.241884,76.930994,2026-03-14T19:33:38+05:00,Saturday,5,1,3,19,evening,alert,76.24
43.351353,77.047191,2026-01-18T10:33:20+05:00,Sunday,6,1,1,10,morning,transport,73.15
43.26457,76.926024,2025-12-22T17:01:51+05:00,Monday,0,0,12,17,evening,human,67.26
43.239719,76.924973,2026-01-19T07:13:42+05:00,Monday,0,0,1,7,morning,transport,76.79
43.249055,76.938616,2026-03-05T13:37:51+05:00,Thursday,3,0,3,13,daytime,transport,64.25
43.33634,76.944285,2026-02-03T16:33:52+05:00,Tuesday,1,0,2,16,daytime,transport,69.1
43.260042,76.972938,2026-02-15T22:33:02+05:00,Sunday,6,1,2,22,late_evening,animals,35.0
43.254358,76.945649,2025-11-02T13:42:53+05:00,Sunday,6,1,11,13,daytime,human,61.34
43.262296,76.822228,2025-12-20T18:00:02+05:00,Saturday,5,1,12,18,evening,transport,69.76
43.23531,76.955209,2026-04-01T08:07:29+05:00,Wednesday,2,0,4,8,morning,transport,78.2
43.256446,76.944388,2026-04-21T20:46:05+05:00,Tuesday,1,0,4,20,evening,human,70.21
43.233282,76.972683,2025-11-06T07:50:22+05:00,Thursday,3,0,11,7,morning,others,48.54
43.258787,76.972145,2026-02-10T23:25:50+05:00,Tuesday,1,0,2,23,late_evening,transport,48.43
43.2803,76.892321,2025-11-15T10:44:58+05:00,Saturday,5,1,11,10,morning,building_noise,74.91
43.25868,76.97008,2026-01-07T22:44:10+05:00,Wednesday,2,0,1,22,late_evening,others,47.22
43.217337,76.928514,2025-11-13T08:28:56+05:00,Thursday,3,0,11,8,morning,transport,81.26
43.260754,76.954895,2026-01-24T20:40:52+05:00,Saturday,5,1,1,20,evening,others,54.44
43.283884,76.891526,2026-03-31T10:41:15+05:00,Tuesday,1,0,3,10,morning,building_noise,75.14
43.252702,76.942431,2026-04-14T17:21:09+05:00,Tuesday,1,0,4,17,evening,human,71.26
43.232906,76.979331,2026-02-03T08:13:01+05:00,Tuesday,1,0,2,8,morning,others,43.4
43.259775,76.954102,2026-01-12T09:24:41+05:00,Monday,0,0,1,9,morning,human,54.74
43.262528,76.952708,2025-12-18T18:56:02+05:00,Thursday,3,0,12,18,evening,human,68.98
43.237134,76.956713,2026-05-05T17:38:25+05:00,Tuesday,1,0,5,17,evening,others,76.77
43.253836,76.944322,2026-03-16T21:07:46+05:00,Monday,0,0,3,21,late_evening,human,62.65
43.265264,76.929497,2025-12-05T12:54:47+05:00,Friday,4,0,12,12,daytime,building_noise,65.24
43.23815,76.929626,2025-12-03T22:58:35+05:00,Wednesday,2,0,12,22,late_evening,alert,71.52
43.256426,76.944406,2026-03-13T23:38:36+05:00,Friday,4,0,3,23,late_evening,human,72.2
43.350827,77.038497,2026-03-04T19:59:27+05:00,Wednesday,2,0,3,19,evening,transport,75.76
43.262103,76.969771,2026-04-12T07:40:51+05:00,Sunday,6,1,4,7,morning,others,52.74
43.284376,76.892221,2025-12-11T17:05:29+05:00,Thursday,3,0,12,17,evening,building_noise,79.59
43.22241,76.930368,2025-11-05T14:19:17+05:00,Wednesday,2,0,11,14,daytime,transport,69.44
43.241823,76.928399,2026-03-03T08:37:01+05:00,Tuesday,1,0,3,8,morning,alert,70.36
43.28393,76.89414,2025-11-24T08:51:45+05:00,Monday,0,0,11,8,morning,building_noise,80.14
43.238703,76.932392,2026-03-21T09:50:04+05:00,Saturday,5,1,3,9,morning,alert,72.26
43.348663,77.040323,2025-11-11T20:05:01+05:00,Tuesday,1,0,11,20,evening,transport,69.31
43.257166,76.947431,2026-03-07T20:15:06+05:00,Saturday,5,1,3,20,evening,human,70.66
43.2384,76.928394,2025-11-04T17:44:19+05:00,Tuesday,1,0,11,17,evening,alert,78.31
43.235244,76.91767,2025-11-17T12:44:34+05:00,Monday,0,0,11,12,daytime,transport,58.24
43.238338,76.915299,2026-04-19T08:39:11+05:00,Sunday,6,1,4,8,morning,transport,60.46
43.259573,76.947407,2026-04-22T20:18:48+05:00,Wednesday,2,0,4,20,evening,human,69.78
43.259697,76.966459,2026-01-05T17:01:14+05:00,Monday,0,0,1,17,evening,human,61.07
43.239029,76.916794,2026-03-09T08:16:19+05:00,Monday,0,0,3,8,morning,others,60.14
43.222,76.930544,2026-01-03T20:21:42+05:00,Saturday,5,1,1,20,evening,transport,68.49
43.221029,76.927721,2026-02-04T19:41:27+05:00,Wednesday,2,0,2,19,evening,transport,79.62
43.220644,76.928326,2026-03-03T10:26:40+05:00,Tuesday,1,0,3,10,morning,transport,70.19
43.289326,76.899507,2026-02-21T07:29:10+05:00,Saturday,5,1,2,7,morning,transport,66.08
43.263921,76.929124,2025-12-15T20:42:36+05:00,Monday,0,0,12,20,evening,human,62.42
43.278394,76.893518,2025-11-26T18:27:52+05:00,Wednesday,2,0,11,18,evening,building_noise,75.15
43.250266,76.943401,2025-12-17T13:22:14+05:00,Wednesday,2,0,12,13,daytime,human,61.1
43.238838,76.914574,2026-04-11T12:35:01+05:00,Saturday,5,1,4,12,daytime,building_noise,59.32
43.265271,76.972103,2026-04-15T09:07:43+05:00,Wednesday,2,0,4,9,morning,others,52.68
43.222754,76.898829,2026-03-31T23:36:46+05:00,Tuesday,1,0,3,23,late_evening,transport,51.0
43.233865,76.976284,2026-03-09T20:51:45+05:00,Monday,0,0,3,20,evening,others,47.36
43.278162,76.895919,2025-12-21T08:28:23+05:00,Sunday,6,1,12,8,morning,others,61.66
43.254439,76.944115,2026-01-16T20:06:57+05:00,Friday,4,0,1,20,evening,human,70.95
43.259337,76.946904,2026-03-19T18:31:48+05:00,Thursday,3,0,3,18,evening,human,68.58
43.347457,77.044421,2026-04-16T16:42:57+05:00,Thursday,3,0,4,16,daytime,transport,63.63
43.265985,76.821983,2026-02-06T17:49:25+05:00,Friday,4,0,2,17,evening,animals,50.94
43.257523,76.947802,2026-04-22T13:49:49+05:00,Wednesday,2,0,4,13,daytime,human,62.88
43.249264,76.859997,2025-12-15T19:22:53+05:00,Monday,0,0,12,19,evening,human,77.56
43.220829,76.925553,2025-12-28T17:15:14+05:00,Sunday,6,1,12,17,evening,transport,68.93
43.348734,77.037722,2025-11-07T17:56:03+05:00,Friday,4,0,11,17,evening,transport,76.97
43.214495,76.929944,2026-01-02T16:41:05+05:00,Friday,4,0,1,16,daytime,transport,68.85
43.355163,77.044521,2025-11-25T20:09:09+05:00,Tuesday,1,0,11,20,evening,transport,69.09
43.282045,76.897061,2026-02-10T09:10:45+05:00,Tuesday,1,0,2,9,morning,building_noise,73.1
43.258075,76.942517,2026-05-05T08:12:00+05:00,Tuesday,1,0,5,8,morning,human,60.63
43.262708,76.819557,2025-12-02T08:57:22+05:00,Tuesday,1,0,12,8,morning,human,59.75
43.237218,76.916831,2026-01-06T03:50:19+05:00,Tuesday,1,0,1,3,night,alert,55.9
43.282581,76.898096,2025-12-15T16:48:02+05:00,Monday,0,0,12,16,daytime,building_noise,75.05
43.29162,76.893995,2026-01-11T18:26:38+05:00,Sunday,6,1,1,18,evening,others,63.06
43.261453,76.974665,2025-11-27T08:27:17+05:00,Thursday,3,0,11,8,morning,animals,38.11
43.237604,76.927786,2026-04-08T08:26:29+05:00,Wednesday,2,0,4,8,morning,transport,79.51
43.252085,76.942323,2026-05-09T10:19:32+05:00,Saturday,5,1,5,10,morning,human,62.11
43.249835,76.938623,2025-12-24T20:18:36+05:00,Wednesday,2,0,12,20,evening,alert,79.24
43.266421,76.927781,2025-11-26T15:39:29+05:00,Wednesday,2,0,11,15,daytime,human,63.09
43.253386,76.941026,2026-05-03T18:29:04+05:00,Sunday,6,1,5,18,evening,alert,74.12
43.262986,76.927639,2025-11-18T16:11:56+05:00,Tuesday,1,0,11,16,daytime,building_noise,62.98
43.247486,76.94381,2026-02-09T19:46:32+05:00,Monday,0,0,2,19,evening,alert,72.78
43.236832,76.923179,2026-02-27T13:41:24+05:00,Friday,4,0,2,13,daytime,human,65.41
43.237104,76.929481,2026-04-24T08:14:02+05:00,Friday,4,0,4,8,morning,alert,78.3
43.230797,76.976508,2026-04-24T00:27:05+05:00,Friday,4,0,4,0,night,transport,37.5
43.221089,76.898285,2026-04-23T16:05:49+05:00,Thursday,3,0,4,16,daytime,human,56.85
43.231802,76.977007,2026-03-12T07:11:14+05:00,Thursday,3,0,3,7,morning,others,43.26
43.215282,76.926457,2026-01-24T10:47:11+05:00,Saturday,5,1,1,10,morning,alert,77.57
43.273354,76.886537,2026-03-16T10:04:48+05:00,Monday,0,0,3,10,morning,building_noise,70.57
43.254659,76.94317,2026-02-21T09:02:39+05:00,Saturday,5,1,2,9,morning,human,66.4
43.268293,76.822629,2025-12-05T11:23:30+05:00,Friday,4,0,12,11,daytime,building_noise,58.67
43.26202,76.965487,2025-12-18T21:02:21+05:00,Thursday,3,0,12,21,late_evening,human,47.53
43.219844,76.92814,2026-04-03T17:29:22+05:00,Friday,4,0,4,17,evening,alert,86.69
43.353375,77.049082,2025-12-15T05:44:27+05:00,Monday,0,0,12,5,night,transport,57.3
43.247069,76.939131,2025-11-25T15:14:37+05:00,Tuesday,1,0,11,15,daytime,human,61.95
43.264794,76.955455,2025-11-05T14:23:58+05:00,Wednesday,2,0,11,14,daytime,human,69.72
43.263819,76.928498,2025-11-09T14:57:16+05:00,Sunday,6,1,11,14,daytime,human,64.49
43.238937,76.915857,2025-12-09T18:39:19+05:00,Tuesday,1,0,12,18,evening,transport,67.17
43.256009,76.97338,2026-01-29T23:46:36+05:00,Thursday,3,0,1,23,late_evening,animals,37.31
43.257831,76.965187,2026-01-21T09:01:26+05:00,Wednesday,2,0,1,9,morning,animals,40.51
43.237834,76.915593,2026-01-12T21:17:15+05:00,Monday,0,0,1,21,late_evening,transport,56.75
43.262504,76.952783,2026-02-07T20:14:25+05:00,Saturday,5,1,2,20,evening,others,46.91
43.262388,76.953291,2025-11-11T08:50:07+05:00,Tuesday,1,0,11,8,morning,others,51.52
43.259604,76.972793,2026-02-15T22:35:02+05:00,Sunday,6,1,2,22,late_evening,animals,35.0
43.342277,76.94625,2026-02-19T19:28:53+05:00,Thursday,3,0,2,19,evening,transport,73.3
43.278024,76.890986,2026-03-24T14:10:04+05:00,Tuesday,1,0,3,14,daytime,building_noise,73.67
43.277578,76.892525,2025-12-15T10:52:36+05:00,Monday,0,0,12,10,morning,building_noise,79.78
43.237236,76.91217,2026-05-04T17:08:54+05:00,Monday,0,0,5,17,evening,transport,67.56
43.264886,76.8178,2026-01-09T07:09:51+05:00,Friday,4,0,1,7,morning,human,56.76
43.232004,76.976533,2025-12-31T11:42:17+05:00,Wednesday,2,0,12,11,daytime,human,48.2
43.236673,76.914495,2025-12-15T09:12:47+05:00,Monday,0,0,12,9,morning,transport,68.54
43.25801,76.962585,2026-03-06T20:34:41+05:00,Friday,4,0,3,20,evening,human,48.78
43.258594,76.946543,2026-04-12T07:23:37+05:00,Sunday,6,1,4,7,morning,human,72.56
43.23501,76.954301,2026-05-01T07:02:50+05:00,Friday,4,0,5,7,morning,others,63.24
43.256376,76.974342,2026-02-15T07:29:45+05:00,Sunday,6,1,2,7,morning,animals,38.25
43.219718,76.9274,2025-12-04T18:56:10+05:00,Thursday,3,0,12,18,evening,transport,82.66
43.23628,76.922464,2026-02-17T08:05:38+05:00,Tuesday,1,0,2,8,morning,transport,77.33
43.215239,76.928145,2026-04-23T08:36:29+05:00,Thursday,3,0,4,8,morning,transport,85.49
43.286548,76.887436,2026-03-02T11:12:45+05:00,Monday,0,0,3,11,daytime,building_noise,69.73
43.239917,76.929113,2025-12-03T09:35:08+05:00,Wednesday,2,0,12,9,morning,alert,71.05
43.257141,76.972534,2026-05-06T18:40:39+05:00,Wednesday,2,0,5,18,evening,human,56.2
43.25831,76.967576,2026-05-04T08:54:38+05:00,Monday,0,0,5,8,morning,others,45.38
43.258579,76.94799,2026-04-15T18:31:19+05:00,Wednesday,2,0,4,18,evening,human,59.12
43.26038,76.973193,2026-02-15T22:17:02+05:00,Sunday,6,1,2,22,late_evening,animals,35.0
43.264538,76.928047,2025-11-27T15:31:11+05:00,Thursday,3,0,11,15,daytime,others,57.61
43.343667,76.952019,2026-03-13T18:05:57+05:00,Friday,4,0,3,18,evening,transport,76.02
43.2381,76.92392,2026-02-16T07:56:47+05:00,Monday,0,0,2,7,morning,transport,78.06
43.238757,76.923086,2025-11-19T19:38:20+05:00,Wednesday,2,0,11,19,evening,transport,82.11
43.257547,76.944184,2026-02-19T07:50:32+05:00,Thursday,3,0,2,7,morning,human,65.79
43.236358,76.915467,2026-01-12T18:35:59+05:00,Monday,0,0,1,18,evening,transport,70.01
43.362483,77.042668,2026-02-12T17:52:04+05:00,Thursday,3,0,2,17,evening,transport,80.09
43.259267,76.944695,2026-05-04T15:59:25+05:00,Monday,0,0,5,15,daytime,human,58.15
43.280286,76.893876,2025-11-06T19:26:43+05:00,Thursday,3,0,11,19,evening,transport,67.18
43.225054,76.898269,2026-03-01T13:01:30+05:00,Sunday,6,1,3,13,daytime,animals,46.33
43.217922,76.930025,2026-03-21T10:09:26+05:00,Saturday,5,1,3,10,morning,transport,67.51
43.250427,76.939939,2026-01-01T21:23:04+05:00,Thursday,3,0,1,21,late_evening,human,63.16
43.236661,76.921793,2026-02-25T14:21:47+05:00,Wednesday,2,0,2,14,daytime,building_noise,65.99
43.259823,76.967118,2025-12-09T21:10:30+05:00,Tuesday,1,0,12,21,late_evening,animals,40.41
43.236145,76.931938,2026-01-15T07:39:29+05:00,Thursday,3,0,1,7,morning,transport,67.45
43.283689,76.895455,2026-05-08T10:44:42+05:00,Friday,4,0,5,10,morning,building_noise,76.78
43.221274,76.901723,2026-01-19T21:14:52+05:00,Monday,0,0,1,21,late_evening,others,45.61
43.236168,76.955572,2025-11-29T13:22:00+05:00,Saturday,5,1,11,13,daytime,human,61.72
43.237466,76.932242,2026-02-28T15:53:10+05:00,Saturday,5,1,2,15,daytime,transport,59.37
43.259479,76.976253,2026-03-05T22:34:17+05:00,Thursday,3,0,3,22,late_evening,animals,38.37
43.220908,76.928755,2025-11-09T06:50:47+05:00,Sunday,6,1,11,6,morning,transport,59.15
43.334261,76.945109,2026-04-03T13:47:12+05:00,Friday,4,0,4,13,daytime,alert,72.83
43.218656,76.928129,2026-05-06T17:18:25+05:00,Wednesday,2,0,5,17,evening,transport,82.78
43.260689,76.954424,2026-04-25T09:30:18+05:00,Saturday,5,1,4,9,morning,alert,81.79
43.257266,76.968124,2026-02-02T20:17:53+05:00,Monday,0,0,2,20,evening,others,47.12
43.257911,76.973194,2026-04-27T08:41:40+05:00,Monday,0,0,4,8,morning,animals,41.38
43.284264,76.888626,2026-04-11T16:40:48+05:00,Saturday,5,1,4,16,daytime,building_noise,74.54
43.246498,76.860128,2025-12-12T18:21:48+05:00,Friday,4,0,12,18,evening,transport,81.3
43.239954,76.922989,2026-01-12T21:04:40+05:00,Monday,0,0,1,21,late_evening,animals,53.13
43.237895,76.958762,2026-03-01T09:45:26+05:00,Sunday,6,1,3,9,morning,human,66.99
43.21713,76.925317,2026-01-06T08:36:58+05:00,Tuesday,1,0,1,8,morning,transport,80.53
43.263119,76.95478,2025-12-12T23:04:58+05:00,Friday,4,0,12,23,late_evening,alert,61.35
43.277213,76.897866,2026-02-14T08:30:23+05:00,Saturday,5,1,2,8,morning,building_noise,79.09
43.255808,76.946021,2026-02-22T21:47:53+05:00,Sunday,6,1,2,21,late_evening,human,66.85
43.259193,76.943964,2026-04-15T20:45:44+05:00,Wednesday,2,0,4,20,evening,alert,72.36
43.259797,76.944299,2026-03-23T07:51:16+05:00,Monday,0,0,3,7,morning,human,67.09
43.235349,76.976866,2025-11-02T00:15:03+05:00,Sunday,6,1,11,0,night,others,35.0
43.262019,76.969549,2026-02-15T10:02:03+05:00,Sunday,6,1,2,10,morning,animals,55.41
43.248014,76.861368,2026-02-13T19:43:01+05:00,Friday,4,0,2,19,evening,transport,77.33
43.232679,76.974833,2026-03-19T16:41:51+05:00,Thursday,3,0,3,16,daytime,human,52.19
43.261926,76.952408,2026-03-19T04:12:29+05:00,Thursday,3,0,3,4,night,others,35.0
43.237481,76.929324,2025-12-28T20:44:49+05:00,Sunday,6,1,12,20,evening,alert,69.14
43.258548,76.966859,2026-02-27T14:52:49+05:00,Friday,4,0,2,14,daytime,animals,45.05
43.217628,76.927904,2026-01-10T09:24:58+05:00,Saturday,5,1,1,9,morning,transport,73.13
43.239667,76.924126,2026-01-15T03:50:56+05:00,Thursday,3,0,1,3,night,transport,53.0
43.27369,76.886639,2026-03-16T09:55:48+05:00,Monday,0,0,3,9,morning,building_noise,69.18
43.283825,76.889076,2025-11-15T13:41:14+05:00,Saturday,5,1,11,13,daytime,building_noise,75.58
43.266433,76.925492,2025-11-14T08:12:07+05:00,Friday,4,0,11,8,morning,human,67.35
43.247505,76.862742,2025-11-14T18:38:18+05:00,Friday,4,0,11,18,evening,transport,81.41
43.239334,76.929256,2026-01-28T09:21:18+05:00,Wednesday,2,0,1,9,morning,alert,72.78
43.250045,76.941462,2026-04-04T15:07:04+05:00,Saturday,5,1,4,15,daytime,animals,49.1
43.25734,76.942814,2025-12-08T19:54:38+05:00,Monday,0,0,12,19,evening,building_noise,66.1
43.220903,76.902346,2026-04-30T19:16:07+05:00,Thursday,3,0,4,19,evening,human,59.7
43.25911,76.966431,2026-01-19T17:23:35+05:00,Monday,0,0,1,17,evening,human,60.51
43.252375,76.9425,2026-05-02T16:14:30+05:00,Saturday,5,1,5,16,daytime,human,60.4
43.241148,76.925142,2026-03-12T07:43:46+05:00,Thursday,3,0,3,7,morning,transport,79.6
43.223773,76.898812,2026-03-04T15:34:26+05:00,Wednesday,2,0,3,15,daytime,human,52.11
43.222488,76.928638,2026-03-02T08:04:36+05:00,Monday,0,0,3,8,morning,transport,76.68
43.218451,76.92631,2026-01-13T07:46:36+05:00,Tuesday,1,0,1,7,morning,transport,78.81
43.238106,76.919817,2026-01-13T18:25:31+05:00,Tuesday,1,0,1,18,evening,transport,83.12
43.246057,76.94129,2026-05-10T21:50:06+05:00,Sunday,6,1,5,21,late_evening,human,69.88
43.262556,76.822014,2026-05-06T22:18:27+05:00,Wednesday,2,0,5,22,late_evening,human,55.85
43.236531,76.916014,2026-04-28T17:36:03+05:00,Tuesday,1,0,4,17,evening,transport,65.42
43.246886,76.939315,2025-12-22T17:48:59+05:00,Monday,0,0,12,17,evening,human,73.11
43.219216,76.928204,2026-03-28T18:43:30+05:00,Saturday,5,1,3,18,evening,alert,77.64
43.263169,76.954518,2026-03-02T07:48:24+05:00,Monday,0,0,3,7,morning,others,52.47
43.237298,76.919414,2025-11-02T22:25:21+05:00,Sunday,6,1,11,22,late_evening,transport,65.83
43.350842,77.035011,2025-11-25T11:43:51+05:00,Tuesday,1,0,11,11,daytime,alert,75.56
43.238609,76.922752,2026-03-04T07:56:52+05:00,Wednesday,2,0,3,7,morning,transport,78.48
43.235803,76.915967,2025-12-18T15:58:51+05:00,Thursday,3,0,12,15,daytime,building_noise,62.48
43.236819,76.929425,2026-01-03T16:21:20+05:00,Saturday,5,1,1,16,daytime,alert,68.84
43.234389,76.922826,2026-04-24T08:29:15+05:00,Friday,4,0,4,8,morning,building_noise,82.18
43.25593,76.970604,2025-11-21T07:54:55+05:00,Friday,4,0,11,7,morning,animals,42.07
43.257821,76.974201,2026-03-29T08:25:58+05:00,Sunday,6,1,3,8,morning,animals,39.03
43.260885,76.96344,2025-12-02T15:47:27+05:00,Tuesday,1,0,12,15,daytime,human,49.83
43.246802,76.859252,2026-05-02T18:42:00+05:00,Saturday,5,1,5,18,evening,transport,77.31
43.26087,76.821834,2026-04-29T18:02:42+05:00,Wednesday,2,0,4,18,evening,human,66.68
43.246089,76.862645,2026-03-10T17:53:22+05:00,Tuesday,1,0,3,17,evening,transport,73.77
43.239021,76.921407,2025-12-11T09:38:43+05:00,Thursday,3,0,12,9,morning,transport,78.84
43.232618,76.956276,2026-02-16T23:26:36+05:00,Monday,0,0,2,23,late_evening,human,68.37
43.263613,76.954405,2026-03-07T23:08:54+05:00,Saturday,5,1,3,23,late_evening,others,48.85
43.260309,76.942948,2025-12-21T14:56:26+05:00,Sunday,6,1,12,14,daytime,human,57.76
43.34853,77.041126,2025-11-03T20:43:17+05:00,Monday,0,0,11,20,evening,transport,66.43
43.335829,76.949371,2026-04-11T14:44:19+05:00,Saturday,5,1,4,14,daytime,transport,66.46
43.232108,76.977652,2025-12-15T13:30:33+05:00,Monday,0,0,12,13,daytime,human,51.97
43.2194,76.926385,2026-01-24T18:19:57+05:00,Saturday,5,1,1,18,evening,transport,75.45
43.237231,76.955648,2026-05-07T16:37:20+05:00,Thursday,3,0,5,16,daytime,human,59.67
43.232763,76.977593,2026-04-02T08:22:22+05:00,Thursday,3,0,4,8,morning,others,45.91
43.352921,77.046278,2026-01-27T21:33:44+05:00,Tuesday,1,0,1,21,late_evening,transport,73.28
43.260342,76.947516,2025-11-21T22:20:38+05:00,Friday,4,0,11,22,late_evening,human,70.43
43.238352,76.929675,2026-03-30T23:26:39+05:00,Monday,0,0,3,23,late_evening,alert,72.6
43.234217,76.921766,2026-01-16T09:32:12+05:00,Friday,4,0,1,9,morning,transport,81.56
43.260505,76.966658,2026-02-17T19:46:49+05:00,Tuesday,1,0,2,19,evening,human,62.81
43.282264,76.896321,2026-01-17T20:35:28+05:00,Saturday,5,1,1,20,evening,transport,62.57
43.279987,76.891366,2026-04-29T16:56:07+05:00,Wednesday,2,0,4,16,daytime,building_noise,70.81
43.3394,76.946933,2026-04-01T08:09:13+05:00,Wednesday,2,0,4,8,morning,alert,83.63
43.236162,76.926551,2026-03-07T17:09:44+05:00,Saturday,5,1,3,17,evening,alert,76.43
43.341562,76.951238,2026-05-08T20:47:51+05:00,Friday,4,0,5,20,evening,transport,70.93
43.262597,76.817763,2026-04-30T20:15:50+05:00,Thursday,3,0,4,20,evening,others,58.34
43.215856,76.929236,2025-11-25T19:31:54+05:00,Tuesday,1,0,11,19,evening,transport,82.96
43.255918,76.946541,2026-04-01T23:50:57+05:00,Wednesday,2,0,4,23,late_evening,human,65.83
43.264678,76.952817,2026-03-08T00:12:51+05:00,Sunday,6,1,3,0,night,others,38.98
43.255492,76.94561,2026-01-26T15:11:20+05:00,Monday,0,0,1,15,daytime,transport,60.02
43.284542,76.897753,2026-02-19T09:15:30+05:00,Thursday,3,0,2,9,morning,building_noise,76.65
43.338618,76.952908,2026-04-07T20:06:21+05:00,Tuesday,1,0,4,20,evening,transport,68.17
43.216318,76.929264,2025-12-11T19:22:46+05:00,Thursday,3,0,12,19,evening,transport,85.28
43.288538,76.89379,2025-11-05T09:07:00+05:00,Wednesday,2,0,11,9,morning,building_noise,76.45
43.259765,76.944615,2026-03-29T18:58:46+05:00,Sunday,6,1,3,18,evening,human,65.92
43.231095,76.974455,2025-11-04T11:35:21+05:00,Tuesday,1,0,11,11,daytime,others,49.34
43.26429,76.964623,2026-04-16T08:44:30+05:00,Thursday,3,0,4,8,morning,others,47.19
43.236932,76.919134,2025-11-01T08:15:47+05:00,Saturday,5,1,11,8,morning,transport,73.31
43.261327,76.928268,2026-03-04T17:13:06+05:00,Wednesday,2,0,3,17,evening,human,65.38
43.252802,76.94425,2026-01-24T00:34:21+05:00,Saturday,5,1,1,0,night,human,60.3
43.263926,76.822463,2026-04-04T18:13:21+05:00,Saturday,5,1,4,18,evening,human,69.0
43.241086,76.929943,2025-11-10T10:10:26+05:00,Monday,0,0,11,10,morning,alert,74.94
43.342685,77.03749,2026-05-06T00:14:21+05:00,Wednesday,2,0,5,0,night,transport,57.04
43.266153,76.928725,2026-02-11T21:11:39+05:00,Wednesday,2,0,2,21,late_evening,human,57.28
43.239193,76.922303,2026-02-18T19:06:43+05:00,Wednesday,2,0,2,19,evening,transport,75.55
43.356046,77.042325,2025-11-10T03:13:53+05:00,Monday,0,0,11,3,night,transport,51.54
43.253299,76.946498,2026-02-04T08:40:38+05:00,Wednesday,2,0,2,8,morning,others,64.19
43.249778,76.942159,2026-04-04T15:16:04+05:00,Saturday,5,1,4,15,daytime,animals,50.34
43.353109,77.044109,2026-02-27T15:46:42+05:00,Friday,4,0,2,15,daytime,transport,64.76
43.222481,76.900785,2026-03-08T07:47:17+05:00,Sunday,6,1,3,7,morning,building_noise,53.36
43.282742,76.89349,2026-04-24T14:28:55+05:00,Friday,4,0,4,14,daytime,building_noise,71.49
43.26199,76.974224,2025-12-16T20:56:22+05:00,Tuesday,1,0,12,20,evening,others,42.7
43.264289,76.821658,2026-04-30T22:34:59+05:00,Thursday,3,0,4,22,late_evening,alert,67.21
43.352668,77.042571,2026-03-11T14:53:37+05:00,Wednesday,2,0,3,14,daytime,transport,65.76
43.258201,76.944888,2025-11-24T19:41:08+05:00,Monday,0,0,11,19,evening,human,65.67
43.294836,76.898482,2026-03-16T15:03:07+05:00,Monday,0,0,3,15,daytime,building_noise,72.62
43.264902,76.926912,2026-01-24T16:59:23+05:00,Saturday,5,1,1,16,daytime,human,69.41
43.259022,76.944021,2025-11-23T10:56:26+05:00,Sunday,6,1,11,10,morning,human,65.9
43.261076,76.965373,2026-03-09T06:46:20+05:00,Monday,0,0,3,6,morning,animals,35.68
43.340988,76.951048,2025-12-09T17:10:37+05:00,Tuesday,1,0,12,17,evening,others,71.59
43.219331,76.927817,2026-03-28T18:49:30+05:00,Saturday,5,1,3,18,evening,alert,78.11
43.257581,76.971237,2026-02-25T21:41:10+05:00,Wednesday,2,0,2,21,late_evening,animals,43.54
43.286839,76.895299,2026-04-15T16:44:41+05:00,Wednesday,2,0,4,16,daytime,building_noise,71.68
43.357073,77.037944,2025-12-30T18:20:12+05:00,Tuesday,1,0,12,18,evening,transport,78.89
43.236058,76.930549,2025-12-04T19:40:12+05:00,Thursday,3,0,12,19,evening,alert,77.96
43.240243,76.925824,2026-02-02T19:27:22+05:00,Monday,0,0,2,19,evening,transport,78.53
43.235564,76.974496,2026-03-04T07:51:52+05:00,Wednesday,2,0,3,7,morning,others,43.77
43.33994,76.947529,2026-02-02T09:28:20+05:00,Monday,0,0,2,9,morning,transport,73.88
43.259987,76.973543,2026-03-01T09:41:18+05:00,Sunday,6,1,3,9,morning,animals,40.74
43.237511,76.956568,2026-03-26T10:10:42+05:00,Thursday,3,0,3,10,morning,human,62.59
43.252326,76.854294,2025-11-04T08:57:31+05:00,Tuesday,1,0,11,8,morning,transport,74.65
43.281457,76.895497,2026-05-10T19:38:24+05:00,Sunday,6,1,5,19,evening,alert,76.79
43.238866,76.920644,2026-02-24T02:03:41+05:00,Tuesday,1,0,2,2,night,transport,55.3
43.230805,76.976418,2026-02-27T08:35:18+05:00,Friday,4,0,2,8,morning,others,44.69
43.261853,76.973205,2025-12-05T16:07:25+05:00,Friday,4,0,12,16,daytime,human,47.01
43.257238,76.973151,2026-02-14T00:23:14+05:00,Saturday,5,1,2,0,night,animals,35.0
43.255946,76.967312,2026-03-30T09:23:49+05:00,Monday,0,0,3,9,morning,others,48.38
43.278125,76.894437,2026-04-06T16:22:53+05:00,Monday,0,0,4,16,daytime,building_noise,73.24
43.218763,76.927329,2026-02-17T10:22:53+05:00,Tuesday,1,0,2,10,morning,transport,67.73
43.244306,76.864225,2026-05-05T17:48:53+05:00,Tuesday,1,0,5,17,evening,transport,75.7
43.347441,77.031982,2026-01-22T14:22:35+05:00,Thursday,3,0,1,14,daytime,transport,74.89
43.241878,76.931994,2026-01-12T09:40:26+05:00,Monday,0,0,1,9,morning,alert,70.18
43.222092,76.926489,2026-05-08T07:24:04+05:00,Friday,4,0,5,7,morning,transport,78.12
43.278311,76.894155,2026-04-25T15:33:30+05:00,Saturday,5,1,4,15,daytime,building_noise,71.19
43.235162,76.957852,2025-12-02T15:36:12+05:00,Tuesday,1,0,12,15,daytime,human,62.47
43.354052,77.042607,2026-04-17T13:22:20+05:00,Friday,4,0,4,13,daytime,transport,70.09
43.241315,76.922848,2026-01-29T07:03:30+05:00,Thursday,3,0,1,7,morning,transport,75.48
43.342999,76.948723,2026-01-24T08:32:23+05:00,Saturday,5,1,1,8,morning,transport,69.96
43.260078,76.965921,2026-05-09T10:10:28+05:00,Saturday,5,1,5,10,morning,human,55.62
43.274199,76.894554,2026-04-08T22:08:45+05:00,Wednesday,2,0,4,22,late_evening,transport,60.08
43.247779,76.939325,2026-04-15T11:57:45+05:00,Wednesday,2,0,4,11,daytime,human,64.89
43.23911,76.93039,2026-01-27T02:18:43+05:00,Tuesday,1,0,1,2,night,building_noise,45.95
43.252469,76.946007,2026-02-04T08:50:38+05:00,Wednesday,2,0,2,8,morning,others,61.76
43.282521,76.887467,2025-12-25T13:06:31+05:00,Thursday,3,0,12,13,daytime,building_noise,73.51
43.282154,76.894007,2026-01-09T16:07:42+05:00,Friday,4,0,1,16,daytime,building_noise,70.41
43.250354,76.942004,2025-12-02T12:58:56+05:00,Tuesday,1,0,12,12,daytime,human,61.19
43.256924,76.972286,2026-01-06T08:00:55+05:00,Tuesday,1,0,1,8,morning,animals,43.61
43.248624,76.861461,2026-03-10T10:56:15+05:00,Tuesday,1,0,3,10,morning,transport,68.81
43.248467,76.941422,2026-04-15T13:36:46+05:00,Wednesday,2,0,4,13,daytime,others,57.15
43.278795,76.890732,2026-03-19T16:35:55+05:00,Thursday,3,0,3,16,daytime,building_noise,72.57
43.278275,76.885168,2026-05-10T17:59:49+05:00,Sunday,6,1,5,17,evening,transport,60.93
43.262351,76.956328,2026-02-25T19:01:14+05:00,Wednesday,2,0,2,19,evening,human,66.15
43.235217,76.954419,2026-05-01T06:56:50+05:00,Friday,4,0,5,6,morning,others,63.58
43.237441,76.922562,2026-02-25T14:20:47+05:00,Wednesday,2,0,2,14,daytime,building_noise,65.35
43.223776,76.898416,2026-03-01T13:11:30+05:00,Sunday,6,1,3,13,daytime,animals,45.47
43.25783,76.943188,2026-04-10T19:09:34+05:00,Friday,4,0,4,19,evening,human,67.24
43.238262,76.923104,2026-04-08T08:41:15+05:00,Wednesday,2,0,4,8,morning,transport,79.4
43.342568,76.949933,2025-11-29T12:34:19+05:00,Saturday,5,1,11,12,daytime,transport,67.63
43.239313,76.923234,2026-04-23T17:27:58+05:00,Thursday,3,0,4,17,evening,transport,79.79
43.215288,76.928698,2026-02-23T06:33:03+05:00,Monday,0,0,2,6,morning,transport,68.89
43.252358,76.85904,2025-11-02T13:27:21+05:00,Sunday,6,1,11,13,daytime,transport,65.57
43.278213,76.893836,2025-11-26T18:32:52+05:00,Wednesday,2,0,11,18,evening,building_noise,75.3
43.246692,76.86286,2026-04-18T14:01:14+05:00,Saturday,5,1,4,14,daytime,transport,69.17
43.248461,76.941852,2026-02-20T12:49:53+05:00,Friday,4,0,2,12,daytime,human,65.52
43.262322,76.953409,2026-02-06T08:45:19+05:00,Friday,4,0,2,8,morning,others,56.13
43.221338,76.928094,2025-11-29T18:16:28+05:00,Saturday,5,1,11,18,evening,transport,73.05
43.23712,76.953679,2026-04-30T07:29:28+05:00,Thursday,3,0,4,7,morning,transport,75.6
43.260104,76.944597,2026-04-22T09:51:22+05:00,Wednesday,2,0,4,9,morning,human,63.27
43.239141,76.92055,2026-03-01T16:53:17+05:00,Sunday,6,1,3,16,daytime,transport,57.3
43.218263,76.928729,2026-02-25T13:19:46+05:00,Wednesday,2,0,2,13,daytime,transport,72.43
43.235167,76.919335,2026-01-13T07:55:19+05:00,Tuesday,1,0,1,7,morning,transport,78.81
43.257445,76.973086,2025-11-06T12:08:37+05:00,Thursday,3,0,11,12,daytime,human,53.34
43.24808,76.861462,2026-04-03T13:13:46+05:00,Friday,4,0,4,13,daytime,transport,70.34
43.235856,76.917052,2026-04-17T17:58:56+05:00,Friday,4,0,4,17,evening,transport,72.37
43.232351,76.957532,2025-11-09T23:09:49+05:00,Sunday,6,1,11,23,late_evening,human,67.1
43.264445,76.926452,2026-05-02T18:00:46+05:00,Saturday,5,1,5,18,evening,human,68.79
43.260488,76.945417,2026-01-27T08:25:52+05:00,Tuesday,1,0,1,8,morning,human,61.46
43.257964,76.969373,2025-12-20T17:23:37+05:00,Saturday,5,1,12,17,evening,human,62.55
43.220989,76.926879,2026-01-27T19:20:01+05:00,Tuesday,1,0,1,19,evening,transport,78.59
43.224124,76.902578,2026-04-08T20:16:08+05:00,Wednesday,2,0,4,20,evening,others,43.82
43.23589,76.916446,2025-12-13T10:16:22+05:00,Saturday,5,1,12,10,morning,transport,55.07
43.233356,76.975021,2025-12-30T21:41:07+05:00,Tuesday,1,0,12,21,late_evening,others,44.52
43.221223,76.901398,2026-03-09T18:29:42+05:00,Monday,0,0,3,18,evening,human,59.79
43.278409,76.887753,2025-11-07T14:11:45+05:00,Friday,4,0,11,14,daytime,building_noise,75.73
43.264109,76.954812,2026-01-29T17:52:21+05:00,Thursday,3,0,1,17,evening,human,67.64
43.260048,76.967756,2026-03-16T19:29:54+05:00,Monday,0,0,3,19,evening,human,60.84
43.233411,76.97794,2025-11-23T17:45:23+05:00,Sunday,6,1,11,17,evening,human,59.47
43.356508,77.045863,2025-11-10T16:16:48+05:00,Monday,0,0,11,16,daytime,transport,67.26
43.21846,76.929242,2026-02-11T17:17:30+05:00,Wednesday,2,0,2,17,evening,transport,79.61
43.217693,76.927473,2025-11-05T16:40:51+05:00,Wednesday,2,0,11,16,daytime,human,69.56
43.257977,76.946716,2025-12-04T17:05:55+05:00,Thursday,3,0,12,17,evening,human,62.34
43.284877,76.896354,2026-02-05T15:22:53+05:00,Thursday,3,0,2,15,daytime,building_noise,72.2
43.264816,76.928924,2026-01-20T13:41:24+05:00,Tuesday,1,0,1,13,daytime,human,56.16
43.238029,76.92288,2026-03-14T12:42:20+05:00,Saturday,5,1,3,12,daytime,animals,54.36
43.258985,76.976053,2026-03-05T22:39:17+05:00,Thursday,3,0,3,22,late_evening,animals,38.72
43.23526,76.916438,2026-01-22T17:59:43+05:00,Thursday,3,0,1,17,evening,others,66.17
43.233474,76.955286,2025-11-30T11:05:48+05:00,Sunday,6,1,11,11,daytime,human,64.27
43.237698,76.958357,2026-04-28T08:50:15+05:00,Tuesday,1,0,4,8,morning,transport,70.77
43.357118,77.037373,2025-12-10T08:59:36+05:00,Wednesday,2,0,12,8,morning,alert,81.18
43.247313,76.937611,2026-02-10T07:25:24+05:00,Tuesday,1,0,2,7,morning,human,66.55
43.218864,76.927896,2025-11-20T10:45:16+05:00,Thursday,3,0,11,10,morning,transport,69.21
43.259813,76.974864,2026-01-20T18:33:47+05:00,Tuesday,1,0,1,18,evening,human,59.53
43.262961,76.929504,2025-11-13T20:30:52+05:00,Thursday,3,0,11,20,evening,human,65.34
43.259886,76.943954,2025-11-17T09:19:23+05:00,Monday,0,0,11,9,morning,human,63.69
43.359277,77.043767,2026-05-03T22:29:19+05:00,Sunday,6,1,5,22,late_evening,transport,74.35
43.253665,76.943,2025-11-07T14:27:05+05:00,Friday,4,0,11,14,daytime,human,56.46
43.259169,76.974271,2026-03-01T16:20:10+05:00,Sunday,6,1,3,16,daytime,human,56.58
43.25075,76.943731,2026-04-02T18:02:35+05:00,Thursday,3,0,4,18,evening,human,72.65
43.239413,76.926476,2026-05-03T15:14:14+05:00,Sunday,6,1,5,15,daytime,transport,64.66
43.26417,76.822764,2026-05-04T10:24:51+05:00,Monday,0,0,5,10,morning,human,55.33
43.239555,76.920404,2026-01-01T07:32:18+05:00,Thursday,3,0,1,7,morning,transport,77.67
43.219668,76.899883,2026-05-08T21:54:26+05:00,Friday,4,0,5,21,late_evening,others,41.79
43.281446,76.894229,2026-02-12T10:57:36+05:00,Thursday,3,0,2,10,morning,building_noise,71.49
43.265257,76.926771,2026-02-27T10:36:30+05:00,Friday,4,0,2,10,morning,human,62.29
43.261213,76.975502,2026-01-26T07:39:18+05:00,Monday,0,0,1,7,morning,animals,42.06
43.223696,76.901826,2025-11-23T20:09:20+05:00,Sunday,6,1,11,20,evening,others,41.87
43.234462,76.974308,2025-12-17T19:24:37+05:00,Wednesday,2,0,12,19,evening,others,53.8
43.248304,76.938604,2026-01-26T07:04:55+05:00,Monday,0,0,1,7,morning,human,70.59
43.261848,76.970553,2026-02-14T08:08:09+05:00,Saturday,5,1,2,8,morning,animals,44.15
43.246755,76.861472,2026-02-19T13:33:08+05:00,Thursday,3,0,2,13,daytime,transport,66.82
43.349264,77.041906,2025-11-30T07:44:51+05:00,Sunday,6,1,11,7,morning,transport,70.6
43.349839,77.034698,2025-12-26T11:33:10+05:00,Friday,4,0,12,11,daytime,transport,62.54
43.248688,76.937929,2026-03-22T20:59:30+05:00,Sunday,6,1,3,20,evening,human,71.48
43.22006,76.927434,2026-01-14T18:07:37+05:00,Wednesday,2,0,1,18,evening,transport,83.62
43.265298,76.928799,2026-01-22T09:11:37+05:00,Thursday,3,0,1,9,morning,transport,64.99
43.258022,76.973326,2026-02-27T17:22:16+05:00,Friday,4,0,2,17,evening,human,58.82
43.257292,76.968005,2026-02-17T20:22:03+05:00,Tuesday,1,0,2,20,evening,others,38.5
43.216573,76.929611,2025-11-19T19:27:25+05:00,Wednesday,2,0,11,19,evening,transport,82.47
43.254347,76.944522,2026-04-19T18:20:02+05:00,Sunday,6,1,4,18,evening,human,70.45
43.261507,76.925239,2026-01-16T09:56:43+05:00,Friday,4,0,1,9,morning,human,65.16
43.283193,76.890602,2026-03-20T10:17:39+05:00,Friday,4,0,3,10,morning,building_noise,75.91
43.337532,76.948019,2026-01-04T09:36:21+05:00,Sunday,6,1,1,9,morning,animals,55.16
43.284725,76.896913,2026-01-31T14:31:18+05:00,Saturday,5,1,1,14,daytime,building_noise,80.75
43.248434,76.860908,2026-04-13T13:21:12+05:00,Monday,0,0,4,13,daytime,transport,65.84
43.261641,76.972934,2025-12-28T23:40:34+05:00,Sunday,6,1,12,23,late_evening,animals,36.83
43.262733,76.955502,2026-01-05T17:08:43+05:00,Monday,0,0,1,17,evening,human,54.32
43.25677,76.975502,2026-02-15T07:40:45+05:00,Sunday,6,1,2,7,morning,animals,38.01
43.255148,76.945409,2026-04-15T15:25:21+05:00,Wednesday,2,0,4,15,daytime,human,65.6
43.264098,76.923431,2026-05-03T13:52:07+05:00,Sunday,6,1,5,13,daytime,human,61.71
43.343185,76.954001,2026-01-07T07:54:20+05:00,Wednesday,2,0,1,7,morning,transport,74.7
43.238758,76.960729,2026-04-19T06:36:59+05:00,Sunday,6,1,4,6,morning,alert,65.53
43.258438,76.975077,2026-05-02T09:56:11+05:00,Saturday,5,1,5,9,morning,animals,47.03
43.248228,76.941621,2025-11-25T08:23:45+05:00,Tuesday,1,0,11,8,morning,others,62.48
43.218256,76.929731,2026-02-03T17:08:04+05:00,Tuesday,1,0,2,17,evening,transport,76.07
43.239705,76.930257,2026-03-13T18:01:14+05:00,Friday,4,0,3,18,evening,alert,74.95
43.248384,76.859234,2025-12-19T09:48:34+05:00,Friday,4,0,12,9,morning,transport,73.6
43.237259,76.928844,2025-12-15T13:46:40+05:00,Monday,0,0,12,13,daytime,alert,75.53
43.263192,76.952773,2025-11-01T14:05:12+05:00,Saturday,5,1,11,14,daytime,human,63.3
43.262828,76.95489,2025-11-21T14:46:44+05:00,Friday,4,0,11,14,daytime,human,62.83
43.236523,76.975792,2025-11-01T15:37:34+05:00,Saturday,5,1,11,15,daytime,human,53.93
43.236218,76.92348,2025-12-29T05:05:04+05:00,Monday,0,0,12,5,night,transport,56.08
43.255803,76.948124,2026-05-08T22:07:01+05:00,Friday,4,0,5,22,late_evening,human,72.77
43.263364,76.928638,2025-12-14T08:36:20+05:00,Sunday,6,1,12,8,morning,human,69.39
43.239065,76.929332,2026-01-22T18:58:30+05:00,Thursday,3,0,1,18,evening,alert,72.16
43.284497,76.896699,2025-12-04T12:22:05+05:00,Thursday,3,0,12,12,daytime,building_noise,76.36
43.262766,76.927951,2025-11-30T19:13:50+05:00,Sunday,6,1,11,19,evening,human,70.06
43.262289,76.954806,2026-01-28T10:04:56+05:00,Wednesday,2,0,1,10,morning,human,66.97
43.239664,76.919413,2026-05-10T07:39:35+05:00,Sunday,6,1,5,7,morning,transport,58.97
43.283424,76.890192,2026-03-14T15:31:34+05:00,Saturday,5,1,3,15,daytime,building_noise,73.53
43.23791,76.931171,2026-01-05T21:18:54+05:00,Monday,0,0,1,21,late_evening,alert,74.32
43.357956,77.045059,2026-03-06T07:25:12+05:00,Friday,4,0,3,7,morning,transport,76.41
43.262065,76.955841,2026-03-16T18:20:25+05:00,Monday,0,0,3,18,evening,human,55.32
43.247,76.859909,2026-01-18T22:25:01+05:00,Sunday,6,1,1,22,late_evening,transport,65.01
43.236645,76.953891,2026-04-16T17:51:44+05:00,Thursday,3,0,4,17,evening,alert,82.12
43.235894,76.927902,2026-05-09T08:16:52+05:00,Saturday,5,1,5,8,morning,alert,71.85
43.239196,76.95899,2026-03-10T08:59:07+05:00,Tuesday,1,0,3,8,morning,human,74.07
43.261631,76.969305,2026-05-03T09:35:27+05:00,Sunday,6,1,5,9,morning,human,50.19
43.238288,76.960055,2026-05-04T20:08:31+05:00,Monday,0,0,5,20,evening,transport,70.67
43.266809,76.822837,2026-02-21T22:34:53+05:00,Saturday,5,1,2,22,late_evening,alert,76.27
43.262038,76.929385,2025-12-18T12:59:24+05:00,Thursday,3,0,12,12,daytime,human,62.14
43.260469,76.967582,2025-12-09T21:19:30+05:00,Tuesday,1,0,12,21,late_evening,animals,41.02
43.252101,76.945023,2026-01-30T22:36:11+05:00,Friday,4,0,1,22,late_evening,human,76.04
43.261189,76.823047,2026-03-03T11:39:34+05:00,Tuesday,1,0,3,11,daytime,human,58.24
43.34969,77.042651,2025-11-29T03:13:27+05:00,Saturday,5,1,11,3,night,transport,56.59
43.219267,76.926008,2025-11-30T22:17:18+05:00,Sunday,6,1,11,22,late_evening,transport,72.22
43.339765,76.952268,2026-03-01T09:44:55+05:00,Sunday,6,1,3,9,morning,alert,76.7
43.238396,76.930352,2026-01-30T11:32:22+05:00,Friday,4,0,1,11,daytime,alert,71.6
43.250027,76.942052,2025-12-01T08:20:54+05:00,Monday,0,0,12,8,morning,human,70.65
43.26327,76.954146,2025-12-16T07:48:18+05:00,Tuesday,1,0,12,7,morning,others,49.11
43.254441,76.94434,2026-05-10T17:34:04+05:00,Sunday,6,1,5,17,evening,human,74.01
43.260177,76.972939,2025-11-08T13:59:19+05:00,Saturday,5,1,11,13,daytime,animals,50.83
43.216153,76.926725,2025-11-01T18:35:45+05:00,Saturday,5,1,11,18,evening,transport,71.02
43.238152,76.923292,2026-03-14T12:21:20+05:00,Saturday,5,1,3,12,daytime,animals,53.11
43.240969,76.921096,2025-11-19T19:10:31+05:00,Wednesday,2,0,11,19,evening,transport,78.41
43.26342,76.953722,2026-01-12T14:11:35+05:00,Monday,0,0,1,14,daytime,human,54.73
43.269072,76.928136,2026-04-23T00:34:11+05:00,Thursday,3,0,4,0,night,human,47.0
43.258382,76.941905,2025-11-18T21:19:26+05:00,Tuesday,1,0,11,21,late_evening,human,64.88
43.25768,76.975962,2026-04-28T11:27:36+05:00,Tuesday,1,0,4,11,daytime,animals,45.92
43.256443,76.942417,2026-04-09T16:11:19+05:00,Thursday,3,0,4,16,daytime,others,62.24
43.341848,76.95021,2025-11-23T16:33:05+05:00,Sunday,6,1,11,16,daytime,human,65.74
43.235591,76.953825,2026-02-24T08:37:12+05:00,Tuesday,1,0,2,8,morning,transport,75.0
43.259048,76.974053,2026-03-31T11:10:53+05:00,Tuesday,1,0,3,11,daytime,human,58.5
43.22121,76.928376,2026-05-10T09:25:04+05:00,Sunday,6,1,5,9,morning,transport,68.28
43.251943,76.941808,2026-01-26T10:46:33+05:00,Monday,0,0,1,10,morning,human,57.92
43.255215,76.944015,2026-01-24T00:38:05+05:00,Saturday,5,1,1,0,night,human,64.61
43.235997,76.916814,2026-01-15T15:21:03+05:00,Thursday,3,0,1,15,daytime,transport,60.85
43.336014,76.950521,2026-02-22T12:08:14+05:00,Sunday,6,1,2,12,daytime,transport,68.13
43.237139,76.924767,2026-02-14T23:04:47+05:00,Saturday,5,1,2,23,late_evening,transport,69.76
43.245448,76.939065,2026-01-13T21:08:16+05:00,Tuesday,1,0,1,21,late_evening,human,68.23
43.21948,76.901517,2026-03-04T21:18:04+05:00,Wednesday,2,0,3,21,late_evening,human,47.85
43.219709,76.898567,2026-02-24T02:47:16+05:00,Tuesday,1,0,2,2,night,others,35.0
43.277339,76.891503,2025-12-16T10:06:33+05:00,Tuesday,1,0,12,10,morning,building_noise,73.95
43.220107,76.92616,2025-12-21T23:07:34+05:00,Sunday,6,1,12,23,late_evening,transport,65.06
43.22066,76.903895,2026-03-10T05:30:27+05:00,Tuesday,1,0,3,5,night,others,35.0
43.222492,76.924324,2026-04-05T02:02:55+05:00,Sunday,6,1,4,2,night,transport,53.11
43.258954,76.945476,2026-03-09T22:08:32+05:00,Monday,0,0,3,22,late_evening,human,66.53
43.259351,76.971567,2026-02-13T21:18:17+05:00,Friday,4,0,2,21,late_evening,animals,38.7
43.25678,76.973035,2026-03-29T10:34:51+05:00,Sunday,6,1,3,10,morning,human,55.42
43.257037,76.944448,2026-01-01T10:46:49+05:00,Thursday,3,0,1,10,morning,others,54.63
43.262057,76.924985,2026-04-05T18:43:33+05:00,Sunday,6,1,4,18,evening,others,61.09
43.355574,77.033225,2025-11-23T09:12:18+05:00,Sunday,6,1,11,9,morning,transport,67.8
43.283677,76.890337,2026-03-14T15:29:34+05:00,Saturday,5,1,3,15,daytime,building_noise,73.92
43.214689,76.931156,2026-02-21T18:55:36+05:00,Saturday,5,1,2,18,evening,transport,73.34
43.243242,76.860072,2026-03-26T07:56:57+05:00,Thursday,3,0,3,7,morning,alert,81.34
43.255545,76.946179,2026-03-23T08:26:27+05:00,Monday,0,0,3,8,morning,others,61.92
43.237517,76.953596,2025-11-13T08:13:58+05:00,Thursday,3,0,11,8,morning,transport,73.92
43.264263,76.927527,2026-03-13T22:40:36+05:00,Friday,4,0,3,22,late_evening,human,59.53
43.236869,76.957311,2026-04-19T10:26:58+05:00,Sunday,6,1,4,10,morning,human,64.87
43.237332,76.921219,2025-12-22T19:56:30+05:00,Monday,0,0,12,19,evening,transport,80.39
43.235636,76.915295,2026-04-18T11:31:16+05:00,Saturday,5,1,4,11,daytime,transport,58.77
43.264704,76.932023,2025-11-27T11:51:48+05:00,Thursday,3,0,11,11,daytime,human,69.93
43.236803,76.956657,2026-04-29T09:33:09+05:00,Wednesday,2,0,4,9,morning,building_noise,76.0
43.219902,76.929558,2025-12-13T08:39:18+05:00,Saturday,5,1,12,8,morning,building_noise,70.43
43.264873,76.925596,2025-11-02T17:41:48+05:00,Sunday,6,1,11,17,evening,human,68.36
43.260169,76.972392,2026-02-01T12:19:40+05:00,Sunday,6,1,2,12,daytime,human,51.12
43.234964,76.92214,2025-12-02T19:10:26+05:00,Tuesday,1,0,12,19,evening,transport,80.12
43.238431,76.932734,2026-02-03T18:59:42+05:00,Tuesday,1,0,2,18,evening,alert,75.82
43.261823,76.953005,2026-03-14T06:51:43+05:00,Saturday,5,1,3,6,morning,others,43.68
43.223646,76.900977,2026-01-03T22:45:14+05:00,Saturday,5,1,1,22,late_evening,others,48.69
43.26353,76.821915,2026-03-11T23:04:32+05:00,Wednesday,2,0,3,23,late_evening,human,57.13
43.253206,76.946044,2026-03-16T18:40:01+05:00,Monday,0,0,3,18,evening,human,61.32
43.260446,76.965473,2025-11-06T15:18:07+05:00,Thursday,3,0,11,15,daytime,human,51.99
43.350123,77.039933,2026-04-27T12:06:05+05:00,Monday,0,0,4,12,daytime,alert,74.26
43.263452,76.968364,2026-01-12T19:26:18+05:00,Monday,0,0,1,19,evening,human,55.64
43.247604,76.939016,2026-01-07T16:54:48+05:00,Wednesday,2,0,1,16,daytime,human,63.21
43.337998,76.9512,2025-12-24T20:30:43+05:00,Wednesday,2,0,12,20,evening,alert,79.06
43.263822,76.928957,2025-11-01T16:31:03+05:00,Saturday,5,1,11,16,daytime,human,65.14
43.285364,76.896381,2025-12-20T19:11:29+05:00,Saturday,5,1,12,19,evening,building_noise,80.97
43.223315,76.899803,2025-12-18T17:15:07+05:00,Thursday,3,0,12,17,evening,human,60.01
43.244512,76.863193,2026-02-16T21:17:27+05:00,Monday,0,0,2,21,late_evening,transport,67.71
43.239642,76.926899,2025-12-28T19:32:29+05:00,Sunday,6,1,12,19,evening,alert,67.89
43.252164,76.941238,2026-03-27T12:44:22+05:00,Friday,4,0,3,12,daytime,human,63.33
43.288678,76.898239,2025-12-03T17:13:30+05:00,Wednesday,2,0,12,17,evening,building_noise,76.34
43.262064,76.974577,2026-03-25T09:36:01+05:00,Wednesday,2,0,3,9,morning,animals,39.47
43.232964,76.974993,2026-01-09T20:19:21+05:00,Friday,4,0,1,20,evening,others,42.66
43.257132,76.974425,2025-11-27T07:55:11+05:00,Thursday,3,0,11,7,morning,animals,41.25
43.221507,76.927739,2026-04-11T18:53:36+05:00,Saturday,5,1,4,18,evening,transport,73.67
43.256508,76.946354,2026-04-28T11:10:55+05:00,Tuesday,1,0,4,11,daytime,transport,62.73
43.281464,76.888791,2026-01-05T13:52:33+05:00,Monday,0,0,1,13,daytime,building_noise,70.35
43.239881,76.920618,2026-02-05T11:02:43+05:00,Thursday,3,0,2,11,daytime,alert,77.5
43.222604,76.899708,2026-04-04T23:49:30+05:00,Saturday,5,1,4,23,late_evening,others,42.96
43.257851,76.972949,2026-04-09T08:44:28+05:00,Thursday,3,0,4,8,morning,animals,42.38
43.248766,76.941006,2026-01-07T21:33:50+05:00,Wednesday,2,0,1,21,late_evening,human,65.47
43.244994,76.85841,2026-04-13T18:11:53+05:00,Monday,0,0,4,18,evening,building_noise,76.15
43.238538,76.926139,2026-04-02T17:02:49+05:00,Thursday,3,0,4,17,evening,alert,71.09
43.266,76.928731,2025-12-15T10:56:31+05:00,Monday,0,0,12,10,morning,human,62.05
43.262735,76.955196,2026-04-24T11:46:46+05:00,Friday,4,0,4,11,daytime,human,62.0
43.253628,76.944953,2026-04-06T19:21:14+05:00,Monday,0,0,4,19,evening,human,64.04
43.216846,76.927389,2026-03-12T08:16:35+05:00,Thursday,3,0,3,8,morning,transport,82.1
43.257993,76.965694,2026-03-12T11:38:40+05:00,Thursday,3,0,3,11,daytime,human,55.0
43.237041,76.923722,2026-01-06T23:36:42+05:00,Tuesday,1,0,1,23,late_evening,transport,69.07
43.247505,76.859215,2026-02-21T18:47:29+05:00,Saturday,5,1,2,18,evening,human,67.3
43.217251,76.929243,2026-01-15T10:25:01+05:00,Thursday,3,0,1,10,morning,building_noise,78.71
43.222102,76.90174,2025-12-14T14:02:21+05:00,Sunday,6,1,12,14,daytime,others,49.41
43.282723,76.89176,2026-03-23T09:11:36+05:00,Monday,0,0,3,9,morning,transport,71.73
43.234218,76.979849,2026-01-04T14:19:04+05:00,Sunday,6,1,1,14,daytime,human,49.43
43.238518,76.913733,2026-01-22T13:09:29+05:00,Thursday,3,0,1,13,daytime,transport,59.27
43.278422,76.894992,2026-05-04T09:11:44+05:00,Monday,0,0,5,9,morning,building_noise,76.33
43.236065,76.91532,2026-01-14T07:46:37+05:00,Wednesday,2,0,1,7,morning,transport,70.06
43.259312,76.975162,2025-12-28T07:36:22+05:00,Sunday,6,1,12,7,morning,animals,39.09
43.261462,76.97504,2026-03-25T09:44:01+05:00,Wednesday,2,0,3,9,morning,animals,39.96
43.23271,76.977577,2026-04-02T08:33:22+05:00,Thursday,3,0,4,8,morning,others,46.17
43.283271,76.895927,2026-03-10T16:02:22+05:00,Tuesday,1,0,3,16,daytime,building_noise,73.75
43.257962,76.965075,2026-04-24T07:54:10+05:00,Friday,4,0,4,7,morning,others,50.97
43.222388,76.90382,2026-03-03T18:53:11+05:00,Tuesday,1,0,3,18,evening,animals,47.14
43.261026,76.972639,2026-02-04T21:16:29+05:00,Wednesday,2,0,2,21,late_evening,animals,38.43
43.236798,76.918142,2026-03-15T18:20:22+05:00,Sunday,6,1,3,18,evening,transport,56.81
43.280872,76.895719,2026-03-02T19:23:36+05:00,Monday,0,0,3,19,evening,transport,65.72
43.260994,76.928131,2025-12-12T12:11:49+05:00,Friday,4,0,12,12,daytime,human,58.31
43.256773,76.968586,2026-04-03T08:56:48+05:00,Friday,4,0,4,8,morning,others,48.46
43.265164,76.927514,2026-04-06T16:26:02+05:00,Monday,0,0,4,16,daytime,human,63.67
43.234337,76.953713,2025-12-01T08:25:10+05:00,Monday,0,0,12,8,morning,transport,78.48
43.260882,76.971307,2026-02-05T19:17:37+05:00,Thursday,3,0,2,19,evening,animals,50.4
43.351988,77.037136,2026-03-19T08:19:57+05:00,Thursday,3,0,3,8,morning,transport,76.92
43.260939,76.947396,2025-11-24T08:40:24+05:00,Monday,0,0,11,8,morning,others,63.23
43.246994,76.863443,2026-03-22T20:51:07+05:00,Sunday,6,1,3,20,evening,transport,72.16
43.260072,76.965245,2026-04-15T22:54:46+05:00,Wednesday,2,0,4,22,late_evening,others,42.78
43.342433,76.950412,2025-12-02T08:15:58+05:00,Tuesday,1,0,12,8,morning,transport,73.15
43.2359,76.917141,2025-12-02T08:55:59+05:00,Tuesday,1,0,12,8,morning,transport,68.54
43.251674,76.945262,2026-01-20T13:35:38+05:00,Tuesday,1,0,1,13,daytime,transport,64.57
43.263824,76.927264,2026-02-25T18:56:54+05:00,Wednesday,2,0,2,18,evening,human,63.15
43.357758,77.040504,2026-01-25T08:36:37+05:00,Sunday,6,1,1,8,morning,transport,73.53
43.267182,76.927862,2025-11-15T11:46:42+05:00,Saturday,5,1,11,11,daytime,human,62.65
43.249999,76.856562,2025-11-03T18:27:36+05:00,Monday,0,0,11,18,evening,transport,80.12
43.266498,76.819487,2025-11-04T23:57:33+05:00,Tuesday,1,0,11,23,late_evening,human,55.94
43.25199,76.945294,2026-03-17T12:01:24+05:00,Tuesday,1,0,3,12,daytime,transport,65.4
43.258589,76.969687,2025-12-23T06:39:52+05:00,Tuesday,1,0,12,6,morning,animals,35.0
43.24165,76.93136,2026-01-12T09:48:26+05:00,Monday,0,0,1,9,morning,alert,70.29
43.354848,77.03561,2025-12-24T17:43:50+05:00,Wednesday,2,0,12,17,evening,alert,87.25
43.218193,76.928256,2025-12-15T14:03:11+05:00,Monday,0,0,12,14,daytime,transport,74.49
43.240362,76.922579,2026-01-13T19:26:51+05:00,Tuesday,1,0,1,19,evening,transport,83.26
43.22095,76.900825,2026-05-07T16:05:50+05:00,Thursday,3,0,5,16,daytime,animals,44.8
43.248511,76.940187,2026-04-04T09:19:39+05:00,Saturday,5,1,4,9,morning,human,64.24
43.237782,76.921959,2025-12-20T06:12:15+05:00,Saturday,5,1,12,6,morning,transport,60.85
43.244927,76.940476,2026-01-24T21:47:42+05:00,Saturday,5,1,1,21,late_evening,human,67.62
43.241313,76.86386,2026-01-07T14:35:05+05:00,Wednesday,2,0,1,14,daytime,transport,67.01
43.234013,76.916974,2026-04-04T10:02:12+05:00,Saturday,5,1,4,10,morning,alert,65.6
43.235192,76.925218,2025-12-07T16:17:27+05:00,Sunday,6,1,12,16,daytime,transport,71.58
43.26073,76.970421,2026-02-03T22:59:33+05:00,Tuesday,1,0,2,22,late_evening,others,42.84
43.240201,76.915523,2025-11-11T18:16:48+05:00,Tuesday,1,0,11,18,evening,transport,67.32
43.219049,76.926622,2025-11-07T06:36:46+05:00,Friday,4,0,11,6,morning,transport,64.53
43.284323,76.893566,2025-11-24T09:00:45+05:00,Monday,0,0,11,9,morning,building_noise,79.91
43.249719,76.935539,2026-03-21T21:32:18+05:00,Saturday,5,1,3,21,late_evening,others,67.18
43.238284,76.930151,2025-11-13T11:35:37+05:00,Thursday,3,0,11,11,daytime,transport,61.31
43.258216,76.973352,2025-12-15T08:13:26+05:00,Monday,0,0,12,8,morning,animals,40.1
43.25047,76.946293,2026-01-12T13:58:55+05:00,Monday,0,0,1,13,daytime,human,59.06
43.246683,76.93971,2026-03-22T11:50:00+05:00,Sunday,6,1,3,11,daytime,human,65.47
43.239905,76.92067,2026-02-06T17:37:44+05:00,Friday,4,0,2,17,evening,transport,79.35
43.248953,76.936865,2026-01-25T09:08:09+05:00,Sunday,6,1,1,9,morning,human,68.88
43.239412,76.926472,2025-12-28T19:56:29+05:00,Sunday,6,1,12,19,evening,alert,70.12
43.357693,77.036363,2026-03-21T06:04:33+05:00,Saturday,5,1,3,6,morning,alert,66.63
43.265439,76.817739,2026-05-07T20:56:33+05:00,Thursday,3,0,5,20,evening,human,58.72
43.233537,76.977393,2025-11-02T22:50:36+05:00,Sunday,6,1,11,22,late_evening,others,41.73
43.353902,77.043462,2025-11-16T09:08:23+05:00,Sunday,6,1,11,9,morning,transport,66.66
43.220433,76.905307,2026-04-09T20:31:17+05:00,Thursday,3,0,4,20,evening,others,49.97
43.245791,76.862334,2026-02-08T22:00:06+05:00,Sunday,6,1,2,22,late_evening,transport,66.25
43.258461,76.974408,2026-05-02T09:54:11+05:00,Saturday,5,1,5,9,morning,animals,46.58
43.265672,76.821631,2026-02-01T22:17:58+05:00,Sunday,6,1,2,22,late_evening,human,62.99
43.23868,76.928739,2026-01-27T17:52:03+05:00,Tuesday,1,0,1,17,evening,alert,74.61
43.25034,76.864234,2026-02-18T09:48:46+05:00,Wednesday,2,0,2,9,morning,transport,79.16
43.282426,76.893112,2025-11-11T15:21:05+05:00,Tuesday,1,0,11,15,daytime,building_noise,77.42
43.25097,76.940643,2025-12-29T07:35:57+05:00,Monday,0,0,12,7,morning,human,63.39
43.246344,76.86396,2026-03-03T18:20:45+05:00,Tuesday,1,0,3,18,evening,transport,75.53
43.251412,76.944606,2026-04-20T09:00:36+05:00,Monday,0,0,4,9,morning,human,67.13
43.23774,76.918986,2025-12-31T19:36:11+05:00,Wednesday,2,0,12,19,evening,transport,71.94
43.239428,76.9162,2025-12-21T19:25:42+05:00,Sunday,6,1,12,19,evening,transport,65.32
43.258042,76.973957,2025-12-13T20:56:36+05:00,Saturday,5,1,12,20,evening,animals,35.22
43.269605,76.821877,2026-04-16T11:17:13+05:00,Thursday,3,0,4,11,daytime,human,51.51
43.226142,76.904461,2026-02-25T07:14:46+05:00,Wednesday,2,0,2,7,morning,others,49.13
43.252393,76.945597,2026-04-27T14:12:40+05:00,Monday,0,0,4,14,daytime,human,65.69
43.236813,76.955954,2026-03-07T20:08:19+05:00,Saturday,5,1,3,20,evening,human,68.77
43.238315,76.916116,2026-02-06T17:47:09+05:00,Friday,4,0,2,17,evening,transport,71.31
43.263349,76.97366,2026-04-05T19:27:46+05:00,Sunday,6,1,4,19,evening,animals,50.6
43.342375,77.039567,2026-02-04T19:35:26+05:00,Wednesday,2,0,2,19,evening,transport,77.08
43.241078,76.917632,2026-01-10T09:53:37+05:00,Saturday,5,1,1,9,morning,transport,69.56
43.263826,76.954626,2025-12-14T19:27:09+05:00,Sunday,6,1,12,19,evening,human,72.09
43.342915,76.94867,2025-11-18T17:24:51+05:00,Tuesday,1,0,11,17,evening,transport,74.78
43.218929,76.928095,2025-12-27T07:06:50+05:00,Saturday,5,1,12,7,morning,transport,72.61
43.260838,76.967464,2026-03-26T22:26:16+05:00,Thursday,3,0,3,22,late_evening,others,46.53
43.259758,76.955261,2026-04-08T11:30:06+05:00,Wednesday,2,0,4,11,daytime,human,63.01
43.262276,76.821132,2025-11-05T22:36:18+05:00,Wednesday,2,0,11,22,late_evening,human,56.89
43.213594,76.925761,2026-03-09T11:58:36+05:00,Monday,0,0,3,11,daytime,transport,69.98
43.348341,77.034983,2025-11-09T14:21:09+05:00,Sunday,6,1,11,14,daytime,transport,65.72
43.235263,76.92352,2026-04-26T23:59:11+05:00,Sunday,6,1,4,23,late_evening,transport,67.52
43.351982,77.038297,2026-02-06T01:37:22+05:00,Friday,4,0,2,1,night,transport,60.26
43.216045,76.929888,2025-12-08T10:50:54+05:00,Monday,0,0,12,10,morning,transport,67.35
43.23649,76.922601,2025-12-27T17:04:33+05:00,Saturday,5,1,12,17,evening,transport,75.32
43.240015,76.923176,2026-04-28T18:10:13+05:00,Tuesday,1,0,4,18,evening,transport,82.15
43.237818,76.956477,2026-01-22T18:52:06+05:00,Thursday,3,0,1,18,evening,transport,73.27
43.264213,76.952969,2025-11-02T23:42:01+05:00,Sunday,6,1,11,23,late_evening,others,51.98
43.261666,76.954076,2026-03-16T07:08:33+05:00,Monday,0,0,3,7,morning,others,47.85
43.252879,76.943563,2026-03-07T01:41:42+05:00,Saturday,5,1,3,1,night,human,59.92
43.250151,76.940597,2026-03-27T21:43:52+05:00,Friday,4,0,3,21,late_evening,human,72.0
43.265517,76.954676,2026-04-28T19:13:54+05:00,Tuesday,1,0,4,19,evening,human,70.28
43.239494,76.922372,2026-04-08T19:00:51+05:00,Wednesday,2,0,4,19,evening,transport,73.75
43.258363,76.943454,2026-01-24T19:36:32+05:00,Saturday,5,1,1,19,evening,human,65.1
43.261883,76.926719,2026-01-12T16:50:53+05:00,Monday,0,0,1,16,daytime,human,64.86
43.25815,76.972703,2026-04-29T07:16:20+05:00,Wednesday,2,0,4,7,morning,animals,41.56
43.282628,76.893324,2026-04-02T15:36:17+05:00,Thursday,3,0,4,15,daytime,building_noise,69.46
43.248259,76.865817,2025-11-19T19:07:15+05:00,Wednesday,2,0,11,19,evening,transport,73.55
43.339557,76.948448,2026-04-29T02:20:46+05:00,Wednesday,2,0,4,2,night,transport,47.87
43.23667,76.915963,2026-02-14T07:18:04+05:00,Saturday,5,1,2,7,morning,transport,64.28
43.262405,76.955322,2026-01-09T07:57:04+05:00,Friday,4,0,1,7,morning,others,51.6
43.248559,76.93624,2026-03-27T20:00:46+05:00,Friday,4,0,3,20,evening,human,75.08
43.25758,76.945599,2026-02-15T16:25:01+05:00,Sunday,6,1,2,16,daytime,human,60.93
43.233698,76.977868,2026-01-05T20:02:44+05:00,Monday,0,0,1,20,evening,others,42.87
43.237645,76.92007,2026-02-26T16:44:11+05:00,Thursday,3,0,2,16,daytime,alert,82.25
43.259634,76.973286,2026-02-10T16:57:48+05:00,Tuesday,1,0,2,16,daytime,human,52.6
43.253142,76.945742,2026-02-03T20:41:37+05:00,Tuesday,1,0,2,20,evening,human,65.27
43.257546,76.945797,2025-11-05T19:25:05+05:00,Wednesday,2,0,11,19,evening,human,69.0
43.235514,76.956215,2026-04-30T17:14:52+05:00,Thursday,3,0,4,17,evening,transport,74.31
43.282287,76.890174,2026-05-05T23:25:35+05:00,Tuesday,1,0,5,23,late_evening,building_noise,61.64
43.264362,76.954587,2026-04-03T21:23:52+05:00,Friday,4,0,4,21,late_evening,others,44.43
43.265114,76.968268,2026-02-21T17:53:08+05:00,Saturday,5,1,2,17,evening,human,56.15
43.265741,76.954874,2025-11-05T12:06:43+05:00,Wednesday,2,0,11,12,daytime,human,64.74
43.265086,76.81905,2026-03-02T22:51:49+05:00,Monday,0,0,3,22,late_evening,human,55.62
43.247445,76.94236,2026-02-03T15:31:51+05:00,Tuesday,1,0,2,15,daytime,human,65.05
43.259975,76.946156,2026-02-01T14:43:16+05:00,Sunday,6,1,2,14,daytime,human,58.39
43.232226,76.956579,2026-01-29T08:39:06+05:00,Thursday,3,0,1,8,morning,transport,75.47
43.253116,76.942818,2025-12-28T02:56:47+05:00,Sunday,6,1,12,2,night,alert,62.65
43.251169,76.94255,2026-03-25T07:07:50+05:00,Wednesday,2,0,3,7,morning,human,65.24
43.265541,76.925513,2026-02-12T07:49:11+05:00,Thursday,3,0,2,7,morning,human,64.77
43.236705,76.977863,2025-11-11T11:20:54+05:00,Tuesday,1,0,11,11,daytime,human,51.8
43.35484,77.041618,2026-03-14T07:29:36+05:00,Saturday,5,1,3,7,morning,transport,68.08
43.238472,76.918836,2026-03-03T15:15:36+05:00,Tuesday,1,0,3,15,daytime,transport,71.34
43.237936,76.9273,2026-05-09T17:17:33+05:00,Saturday,5,1,5,17,evening,alert,74.33
43.238545,76.931351,2026-02-12T19:24:01+05:00,Thursday,3,0,2,19,evening,alert,72.89
43.341073,76.94946,2025-11-29T07:00:38+05:00,Saturday,5,1,11,7,morning,transport,69.64
43.259974,76.944761,2025-12-09T18:04:13+05:00,Tuesday,1,0,12,18,evening,human,69.32
43.257452,76.973906,2026-04-01T23:19:42+05:00,Wednesday,2,0,4,23,late_evening,human,46.3
43.235892,76.91637,2025-11-21T16:52:33+05:00,Friday,4,0,11,16,daytime,transport,55.15
43.238509,76.932145,2026-01-23T22:56:45+05:00,Friday,4,0,1,22,late_evening,building_noise,61.91
43.260908,76.974608,2025-11-27T08:29:17+05:00,Thursday,3,0,11,8,morning,animals,38.32
43.342269,76.957927,2026-01-27T08:26:34+05:00,Tuesday,1,0,1,8,morning,transport,76.91
43.338361,76.947164,2025-11-24T15:58:04+05:00,Monday,0,0,11,15,daytime,transport,74.0
43.242528,76.930474,2026-03-14T19:31:38+05:00,Saturday,5,1,3,19,evening,alert,75.14
43.254281,76.944887,2025-12-30T19:54:36+05:00,Tuesday,1,0,12,19,evening,human,58.37
43.24225,76.860797,2025-12-12T18:06:58+05:00,Friday,4,0,12,18,evening,transport,76.93
43.278987,76.890736,2026-03-19T16:33:55+05:00,Thursday,3,0,3,16,daytime,building_noise,71.97
43.2653,76.95418,2025-12-31T19:59:13+05:00,Wednesday,2,0,12,19,evening,human,68.53
43.234839,76.9593,2026-02-22T14:50:51+05:00,Sunday,6,1,2,14,daytime,human,62.48
43.237233,76.917467,2026-01-22T19:08:01+05:00,Thursday,3,0,1,19,evening,transport,69.9
43.254614,76.944431,2026-04-24T15:14:42+05:00,Friday,4,0,4,15,daytime,human,63.83
43.262707,76.819102,2026-04-29T11:31:45+05:00,Wednesday,2,0,4,11,daytime,others,50.35
43.264973,76.928412,2026-05-04T16:06:16+05:00,Monday,0,0,5,16,daytime,human,58.35
43.256628,76.968093,2026-04-27T19:27:30+05:00,Monday,0,0,4,19,evening,human,61.02
43.249897,76.855031,2026-01-30T16:32:38+05:00,Friday,4,0,1,16,daytime,human,61.65
43.23995,76.918275,2025-11-09T15:49:13+05:00,Sunday,6,1,11,15,daytime,others,52.0
43.254134,76.944049,2025-11-09T15:51:40+05:00,Sunday,6,1,11,15,daytime,human,65.55
43.215994,76.930891,2025-11-30T22:10:21+05:00,Sunday,6,1,11,22,late_evening,transport,70.85
43.255329,76.945124,2025-11-03T07:31:23+05:00,Monday,0,0,11,7,morning,human,61.85
43.277758,76.888928,2026-04-30T12:11:21+05:00,Thursday,3,0,4,12,daytime,building_noise,74.03
43.236407,76.953471,2026-04-16T17:54:44+05:00,Thursday,3,0,4,17,evening,alert,80.46
43.261512,76.953505,2026-05-09T17:36:13+05:00,Saturday,5,1,5,17,evening,human,73.46
43.263877,76.954809,2025-11-18T06:29:11+05:00,Tuesday,1,0,11,6,morning,others,39.18
43.259831,76.945625,2026-01-01T12:20:21+05:00,Thursday,3,0,1,12,daytime,human,63.63
43.345007,76.948209,2026-04-08T13:06:06+05:00,Wednesday,2,0,4,13,daytime,transport,68.6
43.260123,76.953829,2026-01-01T03:05:23+05:00,Thursday,3,0,1,3,night,others,36.89
43.235433,76.95798,2025-12-02T20:08:51+05:00,Tuesday,1,0,12,20,evening,transport,67.15
43.216631,76.931125,2026-04-05T08:45:14+05:00,Sunday,6,1,4,8,morning,transport,75.7
43.222289,76.90234,2026-02-03T08:05:06+05:00,Tuesday,1,0,2,8,morning,building_noise,52.45
43.249713,76.939098,2026-02-05T19:17:27+05:00,Thursday,3,0,2,19,evening,human,68.72
43.25652,76.943845,2026-01-26T06:39:44+05:00,Monday,0,0,1,6,morning,human,54.49
43.235561,76.918032,2025-12-17T16:41:36+05:00,Wednesday,2,0,12,16,daytime,transport,63.38
43.258898,76.968725,2026-01-18T18:08:27+05:00,Sunday,6,1,1,18,evening,human,59.7
43.340564,76.948931,2026-03-29T18:12:18+05:00,Sunday,6,1,3,18,evening,transport,73.65
43.279779,76.888949,2025-11-01T18:50:33+05:00,Saturday,5,1,11,18,evening,building_noise,72.67
43.238319,76.916273,2026-02-27T14:17:42+05:00,Friday,4,0,2,14,daytime,transport,60.59
43.237665,76.928831,2026-02-23T10:09:02+05:00,Monday,0,0,2,10,morning,alert,75.53
43.235794,76.921329,2026-04-01T22:29:31+05:00,Wednesday,2,0,4,22,late_evening,transport,72.68
43.248156,76.861698,2026-02-17T06:59:10+05:00,Tuesday,1,0,2,6,morning,transport,59.4
43.287917,76.898033,2025-12-22T14:45:31+05:00,Monday,0,0,12,14,daytime,building_noise,70.76
43.278527,76.893967,2026-03-04T08:45:28+05:00,Wednesday,2,0,3,8,morning,alert,81.19
43.237948,76.931886,2025-12-12T22:14:13+05:00,Friday,4,0,12,22,late_evening,animals,49.99
43.237842,76.919069,2025-12-22T08:54:13+05:00,Monday,0,0,12,8,morning,building_noise,65.71
43.250276,76.860083,2026-04-03T18:55:39+05:00,Friday,4,0,4,18,evening,transport,79.74
43.236808,76.914355,2025-12-15T08:29:08+05:00,Monday,0,0,12,8,morning,transport,65.12
43.219819,76.930608,2025-12-06T22:22:13+05:00,Saturday,5,1,12,22,late_evening,transport,69.9
43.26526,76.927056,2026-03-08T10:58:09+05:00,Sunday,6,1,3,10,morning,human,60.32
43.231627,76.954831,2026-02-25T09:00:31+05:00,Wednesday,2,0,2,9,morning,others,67.98
43.247659,76.940854,2026-02-12T15:34:59+05:00,Thursday,3,0,2,15,daytime,human,63.28
43.240092,76.924729,2026-01-08T18:31:51+05:00,Thursday,3,0,1,18,evening,alert,75.26
43.339978,76.946235,2026-03-10T07:15:23+05:00,Tuesday,1,0,3,7,morning,transport,75.95
43.258743,76.94725,2026-01-10T15:19:16+05:00,Saturday,5,1,1,15,daytime,human,56.96
43.262477,76.971009,2026-01-09T06:17:00+05:00,Friday,4,0,1,6,morning,others,35.0
43.218714,76.930722,2025-11-05T07:16:55+05:00,Wednesday,2,0,11,7,morning,transport,77.97
43.238313,76.923879,2025-11-04T19:35:32+05:00,Tuesday,1,0,11,19,evening,transport,83.27
43.257159,76.945416,2025-12-21T22:52:03+05:00,Sunday,6,1,12,22,late_evening,human,71.73
43.2607,76.964481,2026-02-21T09:19:33+05:00,Saturday,5,1,2,9,morning,building_noise,58.76
43.279748,76.893852,2026-03-16T10:21:25+05:00,Monday,0,0,3,10,morning,building_noise,68.39
43.233473,76.973863,2025-12-04T14:48:59+05:00,Thursday,3,0,12,14,daytime,alert,69.18
43.261068,76.953296,2026-05-06T08:51:14+05:00,Wednesday,2,0,5,8,morning,building_noise,60.11
43.247632,76.859099,2026-03-24T18:11:59+05:00,Tuesday,1,0,3,18,evening,transport,74.56
43.23825,76.930247,2026-03-14T10:32:24+05:00,Saturday,5,1,3,10,morning,transport,63.31
43.283875,76.890733,2026-05-05T18:56:29+05:00,Tuesday,1,0,5,18,evening,building_noise,81.01
43.261616,76.970206,2026-04-23T19:04:31+05:00,Thursday,3,0,4,19,evening,human,58.6
43.261154,76.954595,2026-02-15T21:50:23+05:00,Sunday,6,1,2,21,late_evening,others,47.58
43.347401,77.040162,2026-01-25T04:27:17+05:00,Sunday,6,1,1,4,night,transport,52.37
43.23549,76.959003,2026-03-12T12:43:52+05:00,Thursday,3,0,3,12,daytime,human,66.17
43.278884,76.892562,2026-01-09T08:41:54+05:00,Friday,4,0,1,8,morning,building_noise,76.58
43.25948,76.962851,2025-11-30T18:17:23+05:00,Sunday,6,1,11,18,evening,human,64.09
43.237529,76.918761,2026-01-20T17:55:08+05:00,Tuesday,1,0,1,17,evening,transport,81.86
43.239502,76.930223,2026-03-16T18:08:48+05:00,Monday,0,0,3,18,evening,others,64.9
43.25375,76.946923,2025-12-01T09:17:02+05:00,Monday,0,0,12,9,morning,human,62.01
43.251026,76.859319,2025-12-30T06:54:58+05:00,Tuesday,1,0,12,6,morning,transport,62.83
43.236308,76.922623,2026-01-21T21:00:01+05:00,Wednesday,2,0,1,21,late_evening,transport,67.07
43.216737,76.924711,2026-01-13T09:33:48+05:00,Tuesday,1,0,1,9,morning,transport,77.7
43.255284,76.942497,2026-03-04T22:33:20+05:00,Wednesday,2,0,3,22,late_evening,human,70.13
43.259115,76.971415,2026-03-06T07:43:59+05:00,Friday,4,0,3,7,morning,animals,41.95
43.21738,76.897645,2026-03-20T12:33:14+05:00,Friday,4,0,3,12,daytime,human,56.96
43.24847,76.938886,2025-12-18T08:01:08+05:00,Thursday,3,0,12,8,morning,human,63.71
43.215365,76.933955,2025-12-10T09:09:54+05:00,Wednesday,2,0,12,9,morning,transport,79.05
43.349721,77.040541,2026-02-06T09:01:46+05:00,Friday,4,0,2,9,morning,transport,77.5
43.262263,76.954183,2026-02-14T07:31:57+05:00,Saturday,5,1,2,7,morning,others,52.4
43.218363,76.901281,2026-03-14T14:54:24+05:00,Saturday,5,1,3,14,daytime,human,54.55
43.219902,76.898783,2026-04-08T18:20:29+05:00,Wednesday,2,0,4,18,evening,human,60.27
43.241861,76.930983,2025-12-25T08:28:28+05:00,Thursday,3,0,12,8,morning,alert,68.08
43.24842,76.942786,2026-02-09T19:37:32+05:00,Monday,0,0,2,19,evening,alert,73.79
43.232738,76.976508,2025-12-03T09:44:10+05:00,Wednesday,2,0,12,9,morning,alert,54.52
43.257378,76.947486,2025-11-07T02:05:30+05:00,Friday,4,0,11,2,night,human,52.98
43.246245,76.861972,2026-03-16T17:50:07+05:00,Monday,0,0,3,17,evening,transport,74.15
43.238883,76.953634,2026-02-16T15:52:51+05:00,Monday,0,0,2,15,daytime,others,63.47
43.238865,76.929374,2026-01-22T18:55:30+05:00,Thursday,3,0,1,18,evening,alert,71.17
43.221606,76.903588,2025-12-26T20:27:09+05:00,Friday,4,0,12,20,evening,others,48.58
43.262091,76.957354,2026-01-04T16:20:38+05:00,Sunday,6,1,1,16,daytime,human,66.65
43.220185,76.898177,2025-11-08T16:05:33+05:00,Saturday,5,1,11,16,daytime,human,53.95
43.343395,76.950731,2026-03-15T17:18:39+05:00,Sunday,6,1,3,17,evening,transport,72.66
43.26144,76.968135,2025-12-17T19:21:28+05:00,Wednesday,2,0,12,19,evening,human,61.62
43.358983,77.034971,2025-11-08T08:00:16+05:00,Saturday,5,1,11,8,morning,transport,73.1
43.219575,76.901837,2026-02-05T23:34:18+05:00,Thursday,3,0,2,23,late_evening,others,47.51
43.252416,76.944532,2025-11-01T07:10:24+05:00,Saturday,5,1,11,7,morning,human,65.07
43.248827,76.940985,2025-12-08T17:33:33+05:00,Monday,0,0,12,17,evening,human,70.33
43.246971,76.940443,2026-01-31T20:54:28+05:00,Saturday,5,1,1,20,evening,human,70.36
43.270415,76.821398,2026-04-28T22:45:43+05:00,Tuesday,1,0,4,22,late_evening,human,57.19
43.217043,76.928277,2026-02-13T17:05:30+05:00,Friday,4,0,2,17,evening,transport,77.95
43.238674,76.929989,2026-04-09T19:33:46+05:00,Thursday,3,0,4,19,evening,alert,73.94
43.246136,76.860824,2025-12-22T18:31:43+05:00,Monday,0,0,12,18,evening,others,73.34
43.27866,76.897095,2026-04-24T08:28:04+05:00,Friday,4,0,4,8,morning,building_noise,78.92
43.34407,76.944764,2026-01-27T23:48:03+05:00,Tuesday,1,0,1,23,late_evening,alert,75.7
43.260698,76.972713,2025-11-22T18:02:19+05:00,Saturday,5,1,11,18,evening,others,53.42
43.259882,76.972869,2025-11-08T13:50:19+05:00,Saturday,5,1,11,13,daytime,animals,50.01
43.265112,76.926626,2026-01-29T09:11:56+05:00,Thursday,3,0,1,9,morning,human,66.41
43.238188,76.927417,2026-05-09T17:29:33+05:00,Saturday,5,1,5,17,evening,alert,74.03
43.252867,76.944028,2026-01-19T13:53:03+05:00,Monday,0,0,1,13,daytime,human,61.58
43.220273,76.930865,2026-04-19T23:55:39+05:00,Sunday,6,1,4,23,late_evening,transport,69.07
43.285334,76.89301,2026-04-02T12:35:42+05:00,Thursday,3,0,4,12,daytime,building_noise,68.86
43.23802,76.930164,2026-05-10T17:01:45+05:00,Sunday,6,1,5,17,evening,alert,80.07
43.238121,76.918378,2026-04-13T08:51:45+05:00,Monday,0,0,4,8,morning,transport,70.98
43.237808,76.956739,2026-04-01T19:28:10+05:00,Wednesday,2,0,4,19,evening,transport,74.01
43.25983,76.946936,2025-12-11T13:40:18+05:00,Thursday,3,0,12,13,daytime,human,58.93
43.349696,77.041838,2026-04-06T18:01:02+05:00,Monday,0,0,4,18,evening,transport,75.53
43.264698,76.954032,2025-11-10T19:51:37+05:00,Monday,0,0,11,19,evening,human,60.54
43.237438,76.920897,2025-12-17T08:24:56+05:00,Wednesday,2,0,12,8,morning,transport,79.52
43.236657,76.953779,2026-04-16T17:41:44+05:00,Thursday,3,0,4,17,evening,alert,81.89
43.261563,76.822912,2026-03-13T18:15:23+05:00,Friday,4,0,3,18,evening,human,70.92
43.239637,76.928873,2025-12-08T10:58:02+05:00,Monday,0,0,12,10,morning,alert,65.37
43.256834,76.943136,2026-03-23T17:34:11+05:00,Monday,0,0,3,17,evening,human,65.66
43.256322,76.944091,2026-03-16T13:06:35+05:00,Monday,0,0,3,13,daytime,human,65.73
43.255962,76.947833,2026-01-10T20:39:30+05:00,Saturday,5,1,1,20,evening,human,72.21
43.34284,76.947095,2026-03-23T18:20:08+05:00,Monday,0,0,3,18,evening,transport,76.88
43.263631,76.953432,2026-02-27T08:33:51+05:00,Friday,4,0,2,8,morning,others,54.36
43.221579,76.904656,2026-04-16T11:32:32+05:00,Thursday,3,0,4,11,daytime,human,55.37
43.237199,76.917928,2026-02-05T17:05:42+05:00,Thursday,3,0,2,17,evening,others,61.58
43.249412,76.861002,2026-04-17T18:17:26+05:00,Friday,4,0,4,18,evening,transport,80.36
43.263366,76.823543,2026-03-01T21:43:41+05:00,Sunday,6,1,3,21,late_evening,human,63.86
43.284163,76.898053,2026-03-16T12:27:15+05:00,Monday,0,0,3,12,daytime,building_noise,75.83
43.237932,76.914489,2025-12-23T14:42:52+05:00,Tuesday,1,0,12,14,daytime,alert,67.66
43.278574,76.892846,2025-12-09T15:22:29+05:00,Tuesday,1,0,12,15,daytime,building_noise,72.81
43.238548,76.930144,2025-12-17T20:03:24+05:00,Wednesday,2,0,12,20,evening,alert,69.77
43.233948,76.973665,2025-12-04T14:40:59+05:00,Thursday,3,0,12,14,daytime,alert,68.29
43.237721,76.95834,2025-12-06T03:50:45+05:00,Saturday,5,1,12,3,night,human,51.22
43.275773,76.891185,2026-04-03T09:33:18+05:00,Friday,4,0,4,9,morning,building_noise,77.57
43.263025,76.953388,2026-02-06T08:44:19+05:00,Friday,4,0,2,8,morning,others,56.25
43.238425,76.929951,2025-12-26T08:48:39+05:00,Friday,4,0,12,8,morning,alert,73.34
43.261332,76.945751,2025-11-22T21:28:53+05:00,Saturday,5,1,11,21,late_evening,human,70.05
43.255144,76.946551,2026-04-06T12:02:44+05:00,Monday,0,0,4,12,daytime,human,61.38
43.241082,76.918994,2026-04-26T14:44:26+05:00,Sunday,6,1,4,14,daytime,others,53.6
43.238054,76.918978,2025-12-22T09:05:13+05:00,Monday,0,0,12,9,morning,building_noise,65.48
43.263806,76.82005,2025-12-19T20:17:28+05:00,Friday,4,0,12,20,evening,transport,70.09
43.260524,76.954825,2026-03-30T22:34:24+05:00,Monday,0,0,3,22,late_evening,others,49.92
43.236475,76.922099,2025-11-15T14:58:44+05:00,Saturday,5,1,11,14,daytime,transport,64.51
43.283712,76.893494,2026-04-23T08:57:24+05:00,Thursday,3,0,4,8,morning,building_noise,76.45
43.264275,76.965666,2026-04-24T01:17:52+05:00,Friday,4,0,4,1,night,human,39.0
43.219969,76.926846,2026-03-01T08:20:42+05:00,Sunday,6,1,3,8,morning,transport,71.65
43.264596,76.929025,2026-01-18T15:56:47+05:00,Sunday,6,1,1,15,daytime,human,65.5
43.219451,76.899396,2025-12-28T20:29:37+05:00,Sunday,6,1,12,20,evening,others,47.03
43.247684,76.942791,2026-03-25T17:08:32+05:00,Wednesday,2,0,3,17,evening,others,63.08
43.235851,76.919517,2025-12-31T09:19:50+05:00,Wednesday,2,0,12,9,morning,transport,78.93
43.25919,76.972513,2026-05-06T17:05:34+05:00,Wednesday,2,0,5,17,evening,human,56.84
43.351661,77.040358,2026-04-25T19:49:12+05:00,Saturday,5,1,4,19,evening,transport,69.18
43.214756,76.925929,2025-11-06T19:10:07+05:00,Thursday,3,0,11,19,evening,transport,77.86
43.23628,76.933005,2026-01-16T12:48:31+05:00,Friday,4,0,1,12,daytime,transport,66.53
43.257391,76.975192,2026-05-01T10:54:00+05:00,Friday,4,0,5,10,morning,human,53.41
43.28069,76.89414,2026-02-12T11:11:36+05:00,Thursday,3,0,2,11,daytime,building_noise,74.0
43.263152,76.815687,2026-04-12T20:43:22+05:00,Sunday,6,1,4,20,evening,human,67.48
43.260486,76.967916,2026-05-09T15:33:56+05:00,Saturday,5,1,5,15,daytime,human,59.99
43.219424,76.926805,2026-03-15T15:40:21+05:00,Sunday,6,1,3,15,daytime,transport,63.35
43.339843,76.949184,2026-01-16T08:32:11+05:00,Friday,4,0,1,8,morning,transport,81.4
43.216943,76.931616,2026-04-13T08:25:16+05:00,Monday,0,0,4,8,morning,transport,80.16
43.248804,76.942774,2025-11-26T19:45:27+05:00,Wednesday,2,0,11,19,evening,human,67.78
43.262345,76.954729,2025-12-30T08:44:15+05:00,Tuesday,1,0,12,8,morning,others,49.62
43.250406,76.94427,2026-01-27T14:56:27+05:00,Tuesday,1,0,1,14,daytime,human,61.68
43.238959,76.93025,2025-12-01T19:00:44+05:00,Monday,0,0,12,19,evening,building_noise,66.74
43.224747,76.898779,2025-11-01T09:47:57+05:00,Saturday,5,1,11,9,morning,others,47.28
43.260496,76.946718,2026-03-18T15:02:21+05:00,Wednesday,2,0,3,15,daytime,human,59.56
43.253871,76.943821,2026-03-25T11:32:02+05:00,Wednesday,2,0,3,11,daytime,human,63.21
43.234604,76.981084,2026-01-11T19:57:51+05:00,Sunday,6,1,1,19,evening,human,56.81
43.257942,76.976009,2026-02-26T12:15:10+05:00,Thursday,3,0,2,12,daytime,human,51.27
43.235509,76.917574,2025-12-22T10:38:50+05:00,Monday,0,0,12,10,morning,transport,57.64
43.264642,76.95505,2026-01-26T23:08:36+05:00,Monday,0,0,1,23,late_evening,others,51.76
43.255742,76.945237,2026-03-16T21:48:39+05:00,Monday,0,0,3,21,late_evening,human,65.34
43.238561,76.929733,2025-12-16T17:19:43+05:00,Tuesday,1,0,12,17,evening,alert,74.36
43.253969,76.940193,2026-04-23T02:58:06+05:00,Thursday,3,0,4,2,night,transport,54.19
43.261748,76.974762,2026-03-25T09:34:01+05:00,Wednesday,2,0,3,9,morning,animals,39.13
43.347994,77.041544,2025-12-10T17:38:21+05:00,Wednesday,2,0,12,17,evening,transport,79.86
43.348746,77.047828,2025-12-02T17:36:33+05:00,Tuesday,1,0,12,17,evening,transport,78.89
43.282268,76.893656,2026-05-05T17:32:18+05:00,Tuesday,1,0,5,17,evening,building_noise,77.64
43.256963,76.975337,2026-04-20T10:14:19+05:00,Monday,0,0,4,10,morning,human,51.48
43.223275,76.904802,2025-12-19T14:30:30+05:00,Friday,4,0,12,14,daytime,human,54.81
43.238189,76.915204,2026-04-12T20:14:24+05:00,Sunday,6,1,4,20,evening,transport,61.55
43.232152,76.954555,2026-03-10T17:33:54+05:00,Tuesday,1,0,3,17,evening,transport,73.22
43.337354,76.949558,2026-03-06T19:26:05+05:00,Friday,4,0,3,19,evening,transport,76.11
43.259157,76.972662,2025-11-25T06:45:23+05:00,Tuesday,1,0,11,6,morning,animals,35.62
43.2582,76.967095,2026-03-02T09:33:48+05:00,Monday,0,0,3,9,morning,others,48.09
43.239347,76.918073,2026-04-10T20:38:16+05:00,Friday,4,0,4,20,evening,transport,72.73
43.2636,76.954632,2026-01-21T15:09:43+05:00,Wednesday,2,0,1,15,daytime,human,68.84
43.262081,76.946829,2026-01-29T10:04:46+05:00,Thursday,3,0,1,10,morning,human,64.75
43.233778,76.957382,2026-02-10T18:24:29+05:00,Tuesday,1,0,2,18,evening,transport,73.42
43.237055,76.922599,2025-11-18T18:21:55+05:00,Tuesday,1,0,11,18,evening,transport,77.98
43.254098,76.940972,2026-03-17T16:13:02+05:00,Tuesday,1,0,3,16,daytime,human,61.62
43.254922,76.941124,2025-12-01T19:32:33+05:00,Monday,0,0,12,19,evening,alert,70.04
43.268523,76.823483,2025-11-19T07:12:14+05:00,Wednesday,2,0,11,7,morning,building_noise,53.7
43.28207,76.889253,2026-03-05T16:17:57+05:00,Thursday,3,0,3,16,daytime,building_noise,75.32
43.237818,76.930324,2025-12-06T21:45:26+05:00,Saturday,5,1,12,21,late_evening,alert,67.51
43.260329,76.949134,2026-03-18T08:20:38+05:00,Wednesday,2,0,3,8,morning,human,63.27
43.245743,76.94216,2025-11-18T15:03:06+05:00,Tuesday,1,0,11,15,daytime,human,64.13
43.345278,76.93934,2026-01-31T22:51:50+05:00,Saturday,5,1,1,22,late_evening,transport,70.86
43.268379,76.927591,2026-04-20T06:53:57+05:00,Monday,0,0,4,6,morning,transport,63.86
43.266465,76.823113,2026-04-26T20:02:45+05:00,Sunday,6,1,4,20,evening,human,60.9
43.277256,76.895793,2026-04-25T11:25:56+05:00,Saturday,5,1,4,11,daytime,transport,75.03
43.340393,76.951649,2026-03-19T22:10:34+05:00,Thursday,3,0,3,22,late_evening,transport,69.94
43.237105,76.933102,2026-04-20T17:47:53+05:00,Monday,0,0,4,17,evening,alert,69.38
43.23949,76.935147,2025-11-27T09:06:48+05:00,Thursday,3,0,11,9,morning,alert,77.36
43.28432,76.89357,2026-04-20T17:08:47+05:00,Monday,0,0,4,17,evening,building_noise,74.38
43.218539,76.928438,2026-02-28T22:01:25+05:00,Saturday,5,1,2,22,late_evening,transport,61.19
43.358464,77.043087,2025-11-11T08:47:25+05:00,Tuesday,1,0,11,8,morning,transport,78.4
43.220568,76.929012,2026-02-28T09:19:31+05:00,Saturday,5,1,2,9,morning,transport,73.48
43.341295,76.953966,2026-01-02T19:27:16+05:00,Friday,4,0,1,19,evening,animals,55.72
43.212235,76.926949,2025-12-16T16:30:20+05:00,Tuesday,1,0,12,16,daytime,transport,69.55
43.247919,76.862799,2026-03-07T08:35:36+05:00,Saturday,5,1,3,8,morning,transport,72.65
43.260123,76.970233,2026-02-19T16:04:00+05:00,Thursday,3,0,2,16,daytime,human,48.9
43.259473,76.966674,2026-02-19T16:00:23+05:00,Thursday,3,0,2,16,daytime,animals,45.81
43.248332,76.94097,2026-05-05T11:08:25+05:00,Tuesday,1,0,5,11,daytime,human,63.82
43.214473,76.928802,2025-11-01T21:21:05+05:00,Saturday,5,1,11,21,late_evening,transport,63.75
43.239194,76.92352,2026-01-31T20:28:16+05:00,Saturday,5,1,1,20,evening,human,61.08
43.358664,77.039109,2025-11-07T16:37:31+05:00,Friday,4,0,11,16,daytime,transport,61.9
43.262789,76.825233,2026-04-22T07:33:15+05:00,Wednesday,2,0,4,7,morning,human,54.22
43.230356,76.954575,2026-01-08T19:28:43+05:00,Thursday,3,0,1,19,evening,transport,70.42
43.255154,76.975652,2026-01-30T10:20:56+05:00,Friday,4,0,1,10,morning,animals,43.58
43.258744,76.948182,2025-12-04T09:07:57+05:00,Thursday,3,0,12,9,morning,human,58.79
43.258295,76.966291,2026-02-02T20:49:54+05:00,Monday,0,0,2,20,evening,others,44.92
43.221333,76.903499,2026-03-12T06:13:15+05:00,Thursday,3,0,3,6,morning,others,39.9
43.255793,76.96616,2026-04-17T17:30:09+05:00,Friday,4,0,4,17,evening,human,58.8
43.241669,76.863688,2026-04-18T07:52:26+05:00,Saturday,5,1,4,7,morning,transport,71.33
43.253976,76.94611,2026-02-01T09:59:53+05:00,Sunday,6,1,2,9,morning,human,66.88
43.221209,76.926982,2026-04-21T19:04:52+05:00,Tuesday,1,0,4,19,evening,transport,80.63
43.217232,76.929036,2026-02-04T17:02:18+05:00,Wednesday,2,0,2,17,evening,transport,81.51
43.263669,76.821165,2026-02-11T07:02:29+05:00,Wednesday,2,0,2,7,morning,human,57.48
43.237692,76.928333,2026-01-11T18:25:18+05:00,Sunday,6,1,1,18,evening,alert,69.56
43.251149,76.945519,2026-03-30T15:39:39+05:00,Monday,0,0,3,15,daytime,human,61.45
43.251261,76.942131,2025-12-11T13:06:57+05:00,Thursday,3,0,12,13,daytime,human,59.67
43.283983,76.895076,2025-11-20T07:50:57+05:00,Thursday,3,0,11,7,morning,building_noise,65.39
43.256972,76.974466,2026-01-29T23:43:36+05:00,Thursday,3,0,1,23,late_evening,animals,37.41
43.239351,76.925979,2026-02-17T21:37:36+05:00,Tuesday,1,0,2,21,late_evening,transport,67.48
43.23253,76.975418,2025-11-27T17:05:55+05:00,Thursday,3,0,11,17,evening,animals,42.34
43.254578,76.943601,2025-12-26T22:57:09+05:00,Friday,4,0,12,22,late_evening,alert,84.03
43.23955,76.932047,2026-03-31T08:57:36+05:00,Tuesday,1,0,3,8,morning,alert,75.31
43.235461,76.976237,2026-02-03T09:43:35+05:00,Tuesday,1,0,2,9,morning,others,49.49
43.237403,76.926309,2025-11-11T21:23:30+05:00,Tuesday,1,0,11,21,late_evening,alert,67.68
43.33838,76.95284,2025-12-23T07:08:51+05:00,Tuesday,1,0,12,7,morning,transport,77.04
43.23843,76.863444,2026-03-12T21:19:46+05:00,Thursday,3,0,3,21,late_evening,others,63.88
43.253065,76.944722,2026-04-02T09:38:36+05:00,Thursday,3,0,4,9,morning,others,59.79
43.254094,76.945143,2026-03-04T11:07:44+05:00,Wednesday,2,0,3,11,daytime,human,61.05
43.263594,76.952111,2026-04-17T09:48:07+05:00,Friday,4,0,4,9,morning,others,62.01
43.238339,76.92262,2026-01-28T12:30:54+05:00,Wednesday,2,0,1,12,daytime,transport,72.71
43.233291,76.976762,2026-03-12T07:14:43+05:00,Thursday,3,0,3,7,morning,others,44.81
43.263157,76.953933,2026-04-01T18:25:12+05:00,Wednesday,2,0,4,18,evening,human,66.24
43.223271,76.903882,2025-11-14T07:53:42+05:00,Friday,4,0,11,7,morning,building_noise,50.85
43.265218,76.927027,2025-11-07T07:07:14+05:00,Friday,4,0,11,7,morning,human,70.66
43.236498,76.920145,2026-04-21T21:06:39+05:00,Tuesday,1,0,4,21,late_evening,transport,69.36
43.240094,76.929111,2026-02-08T21:32:17+05:00,Sunday,6,1,2,21,late_evening,alert,66.9
43.258528,76.975797,2025-11-03T17:46:56+05:00,Monday,0,0,11,17,evening,animals,47.71
43.283169,76.887294,2026-01-08T18:02:00+05:00,Thursday,3,0,1,18,evening,building_noise,71.51
43.264944,76.972102,2026-04-15T08:59:43+05:00,Wednesday,2,0,4,8,morning,others,54.48
43.234058,76.953882,2026-02-12T03:14:21+05:00,Thursday,3,0,2,3,night,transport,49.55
43.262751,76.962741,2026-03-21T19:12:15+05:00,Saturday,5,1,3,19,evening,human,61.81
43.252245,76.946377,2026-04-25T19:47:23+05:00,Saturday,5,1,4,19,evening,human,67.22
43.219255,76.930766,2026-02-16T11:41:08+05:00,Monday,0,0,2,11,daytime,transport,72.6
43.25846,76.94585,2025-12-31T01:50:12+05:00,Wednesday,2,0,12,1,night,human,54.82
43.2486,76.938705,2025-12-07T17:00:42+05:00,Sunday,6,1,12,17,evening,human,67.87
43.264028,76.952839,2025-11-02T23:42:01+05:00,Sunday,6,1,11,23,late_evening,others,51.95
43.3604,77.045703,2026-03-23T15:22:38+05:00,Monday,0,0,3,15,daytime,transport,69.77
43.26664,76.927811,2025-12-17T16:16:01+05:00,Wednesday,2,0,12,16,daytime,human,64.2
43.264933,76.821291,2026-02-20T06:57:07+05:00,Friday,4,0,2,6,morning,others,43.6
43.281821,76.892495,2026-05-10T15:57:47+05:00,Sunday,6,1,5,15,daytime,transport,59.96
43.260841,76.953517,2026-02-16T17:30:39+05:00,Monday,0,0,2,17,evening,human,56.46
43.239501,76.927861,2026-03-27T09:08:30+05:00,Friday,4,0,3,9,morning,alert,71.45
43.236,76.956845,2026-03-08T18:42:36+05:00,Sunday,6,1,3,18,evening,human,68.86
43.264277,76.954181,2026-02-26T06:43:57+05:00,Thursday,3,0,2,6,morning,others,35.86
43.220292,76.928978,2026-01-29T20:06:10+05:00,Thursday,3,0,1,20,evening,transport,69.72
43.258733,76.947195,2026-03-06T21:40:56+05:00,Friday,4,0,3,21,late_evening,human,74.39
43.258617,76.971445,2025-11-06T19:40:22+05:00,Thursday,3,0,11,19,evening,human,64.07
43.341928,76.952552,2026-02-05T11:03:37+05:00,Thursday,3,0,2,11,daytime,transport,67.64
43.234575,76.980801,2026-02-22T08:35:15+05:00,Sunday,6,1,2,8,morning,animals,39.86
43.265475,76.953828,2025-12-06T10:57:43+05:00,Saturday,5,1,12,10,morning,human,59.44
43.237478,76.928393,2026-01-11T18:37:18+05:00,Sunday,6,1,1,18,evening,alert,69.73
43.34221,76.948083,2026-01-12T10:26:37+05:00,Monday,0,0,1,10,morning,transport,61.91
43.238488,76.95736,2025-12-03T17:52:22+05:00,Wednesday,2,0,12,17,evening,transport,79.22
43.232384,76.974715,2026-03-23T08:14:06+05:00,Monday,0,0,3,8,morning,others,42.78
43.238023,76.921439,2026-05-02T18:07:02+05:00,Saturday,5,1,5,18,evening,transport,73.43
43.350095,77.04377,2026-04-09T09:33:15+05:00,Thursday,3,0,4,9,morning,transport,69.57
43.355887,77.041577,2026-03-20T08:41:36+05:00,Friday,4,0,3,8,morning,transport,79.17
43.239113,76.921887,2026-02-14T21:52:05+05:00,Saturday,5,1,2,21,late_evening,building_noise,63.77
43.220762,76.900378,2026-04-01T12:16:12+05:00,Wednesday,2,0,4,12,daytime,human,51.01
43.246211,76.861103,2025-12-06T07:52:28+05:00,Saturday,5,1,12,7,morning,transport,65.32
43.25809,76.945208,2026-01-26T07:43:27+05:00,Monday,0,0,1,7,morning,human,69.09
43.340563,76.945874,2025-11-07T13:22:40+05:00,Friday,4,0,11,13,daytime,transport,67.17
43.252357,76.943563,2025-12-28T02:42:47+05:00,Sunday,6,1,12,2,night,alert,61.75
43.241913,76.930282,2026-03-10T01:53:20+05:00,Tuesday,1,0,3,1,night,transport,43.62
43.249028,76.939147,2026-04-30T02:12:09+05:00,Thursday,3,0,4,2,night,others,54.99
43.348669,77.044404,2026-05-07T14:56:30+05:00,Thursday,3,0,5,14,daytime,human,64.01
43.265624,76.92578,2026-02-24T06:05:00+05:00,Tuesday,1,0,2,6,morning,human,55.74
43.26154,76.969143,2025-11-03T18:14:41+05:00,Monday,0,0,11,18,evening,animals,51.57
43.261757,76.953946,2026-01-16T22:07:13+05:00,Friday,4,0,1,22,late_evening,others,47.73
43.234216,76.915025,2026-03-23T13:44:21+05:00,Monday,0,0,3,13,daytime,transport,62.21
43.259331,76.975889,2026-04-03T20:46:13+05:00,Friday,4,0,4,20,evening,animals,36.28
43.352874,77.050223,2026-01-03T19:45:33+05:00,Saturday,5,1,1,19,evening,transport,69.81
43.238902,76.927328,2026-01-30T04:37:40+05:00,Friday,4,0,1,4,night,transport,57.26
43.262348,76.928048,2026-02-14T16:50:40+05:00,Saturday,5,1,2,16,daytime,human,66.15
43.254397,76.944383,2026-02-16T08:44:11+05:00,Monday,0,0,2,8,morning,human,68.38
43.261887,76.969026,2026-02-15T10:12:03+05:00,Sunday,6,1,2,10,morning,animals,53.63
43.238137,76.931403,2026-01-09T12:28:05+05:00,Friday,4,0,1,12,daytime,transport,65.63
43.257414,76.974297,2025-12-09T21:57:35+05:00,Tuesday,1,0,12,21,late_evening,animals,39.62
43.23567,76.916938,2025-11-13T09:29:39+05:00,Thursday,3,0,11,9,morning,transport,69.76
43.25083,76.943818,2026-01-23T23:03:58+05:00,Friday,4,0,1,23,late_evening,human,71.3
43.263364,76.822178,2026-04-04T18:50:20+05:00,Saturday,5,1,4,18,evening,human,66.68
43.261762,76.967981,2025-12-27T14:20:07+05:00,Saturday,5,1,12,14,daytime,human,58.86
43.254095,76.942336,2026-03-23T09:42:14+05:00,Monday,0,0,3,9,morning,human,66.0
43.240106,76.928697,2025-11-30T17:56:20+05:00,Sunday,6,1,11,17,evening,alert,67.42
43.246255,76.860552,2026-02-10T18:12:26+05:00,Tuesday,1,0,2,18,evening,transport,80.58
43.260632,76.975669,2026-03-09T09:38:39+05:00,Monday,0,0,3,9,morning,animals,35.0
43.254592,76.943118,2026-01-27T13:54:37+05:00,Tuesday,1,0,1,13,daytime,human,63.45
43.343347,76.948617,2025-12-14T16:50:36+05:00,Sunday,6,1,12,16,daytime,transport,62.99
43.222122,76.928727,2026-02-22T17:42:01+05:00,Sunday,6,1,2,17,evening,transport,71.15
43.238389,76.91745,2026-01-03T08:51:26+05:00,Saturday,5,1,1,8,morning,transport,72.2
43.352281,77.045685,2025-12-13T20:55:47+05:00,Saturday,5,1,12,20,evening,transport,66.49
43.263679,76.95349,2026-01-06T22:14:46+05:00,Tuesday,1,0,1,22,late_evening,others,53.22
43.237689,76.957398,2026-01-03T18:39:13+05:00,Saturday,5,1,1,18,evening,human,68.26
43.245007,76.939874,2026-04-26T18:15:35+05:00,Sunday,6,1,4,18,evening,human,65.6
43.259789,76.945479,2025-12-25T14:48:36+05:00,Thursday,3,0,12,14,daytime,human,64.38
43.236545,76.929546,2026-01-03T16:37:20+05:00,Saturday,5,1,1,16,daytime,alert,71.35
43.219468,76.928766,2025-11-12T10:24:58+05:00,Wednesday,2,0,11,10,morning,transport,70.68
43.261435,76.970149,2026-01-01T09:28:22+05:00,Thursday,3,0,1,9,morning,others,48.05
43.353035,77.031509,2025-12-16T18:45:13+05:00,Tuesday,1,0,12,18,evening,transport,75.58
43.235545,76.955504,2026-03-15T09:20:28+05:00,Sunday,6,1,3,9,morning,human,64.66
43.260764,76.943702,2025-11-24T15:04:56+05:00,Monday,0,0,11,15,daytime,human,63.69
43.234592,76.921988,2026-02-23T19:16:34+05:00,Monday,0,0,2,19,evening,transport,79.77
43.261787,76.953761,2026-02-16T15:50:55+05:00,Monday,0,0,2,15,daytime,human,53.27
43.26316,76.925799,2025-12-21T10:29:31+05:00,Sunday,6,1,12,10,morning,human,61.72
43.234695,76.914434,2025-11-04T08:02:56+05:00,Tuesday,1,0,11,8,morning,transport,62.78
43.341158,76.953758,2026-01-02T19:27:16+05:00,Friday,4,0,1,19,evening,animals,56.19
43.238015,76.919097,2025-12-31T18:17:07+05:00,Wednesday,2,0,12,18,evening,transport,79.02
43.286258,76.895949,2026-03-15T22:51:27+05:00,Sunday,6,1,3,22,late_evening,others,57.62
43.284021,76.896603,2025-12-08T12:16:05+05:00,Monday,0,0,12,12,daytime,building_noise,71.16
43.261832,76.820422,2026-03-20T15:46:29+05:00,Friday,4,0,3,15,daytime,human,59.34
43.240687,76.93251,2026-02-18T22:17:38+05:00,Wednesday,2,0,2,22,late_evening,alert,73.08
43.251474,76.947456,2025-11-21T08:59:15+05:00,Friday,4,0,11,8,morning,human,64.1
43.257598,76.946644,2026-05-05T18:31:59+05:00,Tuesday,1,0,5,18,evening,human,66.65
43.239026,76.958403,2026-03-26T22:18:43+05:00,Thursday,3,0,3,22,late_evening,human,69.63
43.250298,76.942512,2026-02-06T14:13:02+05:00,Friday,4,0,2,14,daytime,transport,68.01
43.261506,76.964441,2026-02-02T17:58:40+05:00,Monday,0,0,2,17,evening,human,61.0
43.215425,76.931571,2025-11-22T15:28:32+05:00,Saturday,5,1,11,15,daytime,transport,67.94
43.253716,76.945487,2026-02-20T08:08:27+05:00,Friday,4,0,2,8,morning,human,66.94
43.345897,77.045404,2026-04-25T11:39:20+05:00,Saturday,5,1,4,11,daytime,transport,69.41
43.219681,76.898554,2026-04-16T00:23:49+05:00,Thursday,3,0,4,0,night,transport,37.89
43.221423,76.899833,2026-01-12T19:42:10+05:00,Monday,0,0,1,19,evening,human,52.7
43.251373,76.942801,2025-12-30T11:52:11+05:00,Tuesday,1,0,12,11,daytime,human,62.1
43.283174,76.893564,2026-04-20T17:32:10+05:00,Monday,0,0,4,17,evening,building_noise,76.93
43.222036,76.898937,2025-11-14T08:16:11+05:00,Friday,4,0,11,8,morning,human,50.91
43.220266,76.900171,2026-04-09T23:29:21+05:00,Thursday,3,0,4,23,late_evening,others,50.28
43.238204,76.956413,2025-12-25T17:22:14+05:00,Thursday,3,0,12,17,evening,transport,76.37
43.264522,76.9293,2026-03-17T09:53:39+05:00,Tuesday,1,0,3,9,morning,human,67.35
43.249181,76.941679,2026-01-19T00:20:28+05:00,Monday,0,0,1,0,night,human,58.45
43.258391,76.969964,2025-12-23T06:48:52+05:00,Tuesday,1,0,12,6,morning,animals,35.0
43.253384,76.945414,2026-02-20T16:47:01+05:00,Friday,4,0,2,16,daytime,human,67.17
43.236261,76.931661,2025-12-24T20:26:11+05:00,Wednesday,2,0,12,20,evening,alert,72.49
43.257935,76.96721,2026-02-14T21:14:02+05:00,Saturday,5,1,2,21,late_evening,others,44.93
43.263968,76.927314,2026-01-24T13:41:20+05:00,Saturday,5,1,1,13,daytime,human,63.58
43.255304,76.945844,2026-01-13T18:02:26+05:00,Tuesday,1,0,1,18,evening,human,69.07
43.261103,76.967174,2026-01-18T10:55:30+05:00,Sunday,6,1,1,10,morning,animals,47.08
43.248582,76.85698,2026-03-26T17:10:50+05:00,Thursday,3,0,3,17,evening,transport,75.2
43.261189,76.96792,2025-12-01T12:22:31+05:00,Monday,0,0,12,12,daytime,animals,40.67
43.24783,76.944277,2026-02-01T16:37:13+05:00,Sunday,6,1,2,16,daytime,human,62.01
43.355708,77.040576,2026-02-22T07:34:04+05:00,Sunday,6,1,2,7,morning,transport,69.28
43.265751,76.820001,2025-12-01T10:25:01+05:00,Monday,0,0,12,10,morning,human,63.96
43.221182,76.902807,2026-01-16T10:35:45+05:00,Friday,4,0,1,10,morning,human,48.12
43.243508,76.857854,2025-11-04T11:49:58+05:00,Tuesday,1,0,11,11,daytime,transport,72.05
43.237916,76.926546,2025-11-11T21:31:30+05:00,Tuesday,1,0,11,21,late_evening,alert,66.84
43.232967,76.975944,2026-04-17T17:26:01+05:00,Friday,4,0,4,17,evening,building_noise,62.05
43.23513,76.954074,2026-01-19T08:32:22+05:00,Monday,0,0,1,8,morning,human,69.14
43.253852,76.946493,2025-12-11T06:35:56+05:00,Thursday,3,0,12,6,morning,human,55.11
43.235439,76.954394,2026-05-08T07:13:07+05:00,Friday,4,0,5,7,morning,transport,76.99
43.259367,76.9714,2026-01-13T16:58:35+05:00,Tuesday,1,0,1,16,daytime,human,52.07
43.235997,76.913153,2025-11-27T07:58:11+05:00,Thursday,3,0,11,7,morning,transport,72.02
43.218033,76.932695,2026-02-14T09:34:00+05:00,Saturday,5,1,2,9,morning,transport,73.29
43.235109,76.952695,2026-01-29T19:51:50+05:00,Thursday,3,0,1,19,evening,transport,80.86
43.220083,76.92731,2026-04-26T13:49:16+05:00,Sunday,6,1,4,13,daytime,transport,61.28
43.237765,76.933003,2026-04-29T08:49:52+05:00,Wednesday,2,0,4,8,morning,alert,71.68
43.23926,76.929617,2025-12-22T21:14:07+05:00,Monday,0,0,12,21,late_evening,alert,72.15
43.342051,76.949655,2026-03-26T07:04:10+05:00,Thursday,3,0,3,7,morning,transport,78.88
43.235413,76.979147,2026-02-06T08:43:13+05:00,Friday,4,0,2,8,morning,others,47.71
43.262936,76.954362,2026-03-30T16:28:00+05:00,Monday,0,0,3,16,daytime,human,55.11
43.239311,76.914969,2026-04-11T12:37:01+05:00,Saturday,5,1,4,12,daytime,building_noise,57.2
43.246453,76.940212,2026-02-07T21:56:04+05:00,Saturday,5,1,2,21,late_evening,human,76.2
43.229721,76.979474,2025-11-15T12:52:51+05:00,Saturday,5,1,11,12,daytime,human,44.55
43.238324,76.931359,2026-03-20T20:32:29+05:00,Friday,4,0,3,20,evening,alert,71.96
43.238621,76.92087,2025-11-03T09:26:51+05:00,Monday,0,0,11,9,morning,transport,82.37
43.237287,76.920735,2025-11-19T07:08:35+05:00,Wednesday,2,0,11,7,morning,transport,76.92
43.258748,76.945299,2026-01-11T15:09:29+05:00,Sunday,6,1,1,15,daytime,human,66.96
43.347902,77.042359,2026-01-09T12:13:38+05:00,Friday,4,0,1,12,daytime,others,63.68
43.237418,76.926204,2025-11-11T21:22:30+05:00,Tuesday,1,0,11,21,late_evening,alert,67.38
43.23778,76.932544,2025-12-14T17:03:03+05:00,Sunday,6,1,12,17,evening,human,64.29
43.262888,76.82224,2026-04-04T09:54:40+05:00,Saturday,5,1,4,9,morning,human,62.98
43.25813,76.965765,2026-01-21T09:13:26+05:00,Wednesday,2,0,1,9,morning,animals,40.55
43.350667,77.036354,2026-01-13T08:55:50+05:00,Tuesday,1,0,1,8,morning,transport,78.4
43.240938,76.933267,2025-11-01T18:10:14+05:00,Saturday,5,1,11,18,evening,alert,77.41
43.279717,76.891167,2026-04-29T17:02:07+05:00,Wednesday,2,0,4,17,evening,building_noise,71.61
43.258913,76.973716,2026-05-07T20:03:30+05:00,Thursday,3,0,5,20,evening,animals,37.19
43.217454,76.903182,2026-01-08T17:45:50+05:00,Thursday,3,0,1,17,evening,human,56.43
43.238797,76.930527,2026-03-11T23:09:18+05:00,Wednesday,2,0,3,23,late_evening,transport,59.51
43.255763,76.97226,2026-03-11T17:23:41+05:00,Wednesday,2,0,3,17,evening,human,57.91
43.223146,76.896366,2026-01-24T08:08:51+05:00,Saturday,5,1,1,8,morning,others,47.29
43.262338,76.943952,2026-01-11T22:56:32+05:00,Sunday,6,1,1,22,late_evening,human,69.98
43.280326,76.893146,2026-03-02T17:30:23+05:00,Monday,0,0,3,17,evening,building_noise,79.1
43.216625,76.928916,2026-01-03T18:40:33+05:00,Saturday,5,1,1,18,evening,transport,76.57
43.267285,76.955253,2025-12-17T21:23:23+05:00,Wednesday,2,0,12,21,late_evening,others,44.41
43.258448,76.944371,2026-03-29T12:20:27+05:00,Sunday,6,1,3,12,daytime,human,56.72
43.221221,76.899056,2025-12-06T19:32:15+05:00,Saturday,5,1,12,19,evening,human,54.46
43.258092,76.9459,2026-02-23T20:34:24+05:00,Monday,0,0,2,20,evening,human,66.71
43.264228,76.928648,2026-03-17T14:41:14+05:00,Tuesday,1,0,3,14,daytime,building_noise,61.05
43.261546,76.965788,2026-04-09T06:12:36+05:00,Thursday,3,0,4,6,morning,animals,39.56
43.219925,76.922209,2026-02-08T16:39:04+05:00,Sunday,6,1,2,16,daytime,transport,71.43
43.254487,76.947286,2026-04-05T19:48:07+05:00,Sunday,6,1,4,19,evening,human,63.69
43.237333,76.920635,2026-03-08T15:23:58+05:00,Sunday,6,1,3,15,daytime,transport,70.16
43.258737,76.96619,2025-11-08T18:04:13+05:00,Saturday,5,1,11,18,evening,human,60.3
43.358533,77.0413,2026-02-23T17:44:28+05:00,Monday,0,0,2,17,evening,transport,79.9
43.262891,76.955146,2026-04-20T18:00:46+05:00,Monday,0,0,4,18,evening,alert,65.46
43.221791,76.898869,2025-11-02T11:54:18+05:00,Sunday,6,1,11,11,daytime,human,55.48
43.252536,76.941125,2026-02-07T18:32:43+05:00,Saturday,5,1,2,18,evening,human,71.19
43.251601,76.941238,2026-04-18T10:30:51+05:00,Saturday,5,1,4,10,morning,human,68.03
43.239257,76.928801,2026-01-31T18:48:28+05:00,Saturday,5,1,1,18,evening,alert,74.98
43.258501,76.97367,2025-11-05T18:40:22+05:00,Wednesday,2,0,11,18,evening,animals,51.9
43.236189,76.956346,2025-11-18T16:30:57+05:00,Tuesday,1,0,11,16,daytime,human,67.81
43.264075,76.970527,2026-03-14T18:17:19+05:00,Saturday,5,1,3,18,evening,human,60.63
43.350204,77.034769,2025-11-25T12:02:51+05:00,Tuesday,1,0,11,12,daytime,alert,75.25
43.256797,76.972887,2026-03-04T20:51:28+05:00,Wednesday,2,0,3,20,evening,animals,36.02
43.260984,76.926522,2026-04-01T16:31:35+05:00,Wednesday,2,0,4,16,daytime,human,65.76
43.263611,76.954289,2026-03-07T23:05:54+05:00,Saturday,5,1,3,23,late_evening,others,48.56
43.284268,76.896404,2026-02-14T16:40:17+05:00,Saturday,5,1,2,16,daytime,building_noise,74.8
43.221599,76.901667,2026-02-08T12:39:53+05:00,Sunday,6,1,2,12,daytime,human,55.48
43.284406,76.890171,2025-11-23T08:26:37+05:00,Sunday,6,1,11,8,morning,transport,62.77
43.285406,76.891805,2025-12-22T08:44:52+05:00,Monday,0,0,12,8,morning,transport,74.2
43.257099,76.975202,2026-01-28T11:07:29+05:00,Wednesday,2,0,1,11,daytime,human,51.9
43.237626,76.923533,2026-04-21T15:14:44+05:00,Tuesday,1,0,4,15,daytime,transport,69.83
43.26171,76.956031,2026-02-19T22:33:42+05:00,Thursday,3,0,2,22,late_evening,others,45.91
43.237158,76.916131,2026-01-06T03:50:19+05:00,Tuesday,1,0,1,3,night,alert,57.69
43.253178,76.943454,2025-11-29T09:20:42+05:00,Saturday,5,1,11,9,morning,others,57.72
43.266595,76.952336,2025-11-26T22:42:26+05:00,Wednesday,2,0,11,22,late_evening,others,46.91
43.256979,76.968992,2026-01-14T16:30:00+05:00,Wednesday,2,0,1,16,daytime,animals,47.86
43.223374,76.901317,2026-01-03T22:44:14+05:00,Saturday,5,1,1,22,late_evening,others,47.75
43.262361,76.971083,2026-03-27T09:37:38+05:00,Friday,4,0,3,9,morning,animals,36.19
43.288054,76.885825,2026-02-01T08:13:09+05:00,Sunday,6,1,2,8,morning,transport,61.44
43.3538,77.046339,2026-04-02T12:48:38+05:00,Thursday,3,0,4,12,daytime,transport,67.97
43.238138,76.922051,2026-03-14T12:19:20+05:00,Saturday,5,1,3,12,daytime,animals,53.64
43.263913,76.92908,2026-02-17T07:50:23+05:00,Tuesday,1,0,2,7,morning,human,66.13
43.238987,76.92946,2025-11-01T11:21:57+05:00,Saturday,5,1,11,11,daytime,alert,67.17
43.265504,76.927955,2025-11-02T14:45:26+05:00,Sunday,6,1,11,14,daytime,human,67.81
43.259176,76.947932,2025-11-12T11:52:37+05:00,Wednesday,2,0,11,11,daytime,human,62.32
43.261184,76.965156,2026-01-15T16:28:12+05:00,Thursday,3,0,1,16,daytime,human,56.77
43.251763,76.94287,2025-11-01T22:19:06+05:00,Saturday,5,1,11,22,late_evening,human,68.69
43.23558,76.956004,2026-02-26T18:40:26+05:00,Thursday,3,0,2,18,evening,transport,75.82
43.219991,76.899197,2025-12-28T08:57:27+05:00,Sunday,6,1,12,8,morning,others,47.06
43.235768,76.93024,2025-11-14T09:35:49+05:00,Friday,4,0,11,9,morning,alert,73.79
43.250035,76.938579,2026-01-04T10:49:05+05:00,Sunday,6,1,1,10,morning,others,57.17
43.263311,76.928334,2026-02-17T12:57:40+05:00,Tuesday,1,0,2,12,daytime,human,64.56
43.256227,76.969955,2025-11-11T10:02:20+05:00,Tuesday,1,0,11,10,morning,animals,47.75
43.278406,76.892954,2025-12-09T15:39:29+05:00,Tuesday,1,0,12,15,daytime,building_noise,73.52
43.260428,76.966917,2026-03-26T22:20:16+05:00,Thursday,3,0,3,22,late_evening,others,47.25
43.241695,76.928733,2025-12-22T09:23:53+05:00,Monday,0,0,12,9,morning,alert,71.52
43.247084,76.860359,2026-03-25T00:57:22+05:00,Wednesday,2,0,3,0,night,transport,51.17
43.239601,76.932099,2025-12-21T21:42:12+05:00,Sunday,6,1,12,21,late_evening,alert,61.88
43.237222,76.918137,2025-12-08T11:35:42+05:00,Monday,0,0,12,11,daytime,transport,59.55
43.235996,76.931786,2026-04-21T18:18:15+05:00,Tuesday,1,0,4,18,evening,alert,77.06
43.255054,76.942647,2026-01-14T20:16:38+05:00,Wednesday,2,0,1,20,evening,human,64.84
43.220197,76.897476,2026-03-21T19:45:10+05:00,Saturday,5,1,3,19,evening,human,58.54
43.253763,76.941869,2026-03-16T12:01:26+05:00,Monday,0,0,3,12,daytime,animals,53.67
43.248321,76.860803,2025-12-29T15:15:48+05:00,Monday,0,0,12,15,daytime,transport,68.25
43.260429,76.974933,2026-04-30T19:44:25+05:00,Thursday,3,0,4,19,evening,animals,51.41
43.27621,76.897578,2026-04-19T07:55:36+05:00,Sunday,6,1,4,7,morning,building_noise,66.75
43.339675,76.947415,2026-04-01T08:04:13+05:00,Wednesday,2,0,4,8,morning,alert,82.82
43.236583,76.957216,2025-11-30T08:18:26+05:00,Sunday,6,1,11,8,morning,human,67.04
43.236543,76.922875,2026-02-27T13:34:17+05:00,Friday,4,0,2,13,daytime,transport,71.44
43.265876,76.824055,2026-01-16T21:26:51+05:00,Friday,4,0,1,21,late_evening,human,66.68
43.265676,76.926259,2026-04-03T11:27:58+05:00,Friday,4,0,4,11,daytime,transport,62.5
43.246881,76.938309,2026-03-16T21:05:51+05:00,Monday,0,0,3,21,late_evening,human,68.52
43.254743,76.944419,2026-04-06T03:00:20+05:00,Monday,0,0,4,3,night,human,45.38
43.242181,76.930696,2026-04-24T19:12:20+05:00,Friday,4,0,4,19,evening,alert,69.99
43.286617,76.890317,2025-11-24T12:24:55+05:00,Monday,0,0,11,12,daytime,building_noise,76.94
43.238455,76.954181,2025-11-03T22:58:33+05:00,Monday,0,0,11,22,late_evening,human,63.49
43.260304,76.945524,2026-03-19T08:51:47+05:00,Thursday,3,0,3,8,morning,building_noise,71.53
43.3415,76.951434,2026-03-27T16:28:56+05:00,Friday,4,0,3,16,daytime,transport,66.73
43.252058,76.942258,2025-11-17T03:09:07+05:00,Monday,0,0,11,3,night,human,52.39
43.252353,76.937216,2026-01-30T16:14:31+05:00,Friday,4,0,1,16,daytime,others,58.72
43.235233,76.918108,2026-03-09T07:44:20+05:00,Monday,0,0,3,7,morning,transport,67.34
43.261,76.972855,2026-02-04T21:19:29+05:00,Wednesday,2,0,2,21,late_evening,animals,37.2
43.246083,76.865289,2026-01-07T07:23:58+05:00,Wednesday,2,0,1,7,morning,transport,75.85
43.248714,76.857867,2025-12-28T20:15:33+05:00,Sunday,6,1,12,20,evening,transport,68.52
43.288087,76.893992,2026-04-10T08:34:25+05:00,Friday,4,0,4,8,morning,building_noise,75.16
43.242795,76.858253,2025-12-31T18:19:51+05:00,Wednesday,2,0,12,18,evening,transport,75.0
43.238587,76.922829,2026-03-13T19:19:50+05:00,Friday,4,0,3,19,evening,transport,75.7
43.238349,76.931476,2025-12-12T22:09:13+05:00,Friday,4,0,12,22,late_evening,animals,49.86
43.232063,76.973523,2026-01-24T08:01:47+05:00,Saturday,5,1,1,8,morning,others,53.08
43.255159,76.942703,2026-02-14T21:11:51+05:00,Saturday,5,1,2,21,late_evening,human,64.58
43.232445,76.955817,2026-02-19T19:30:22+05:00,Thursday,3,0,2,19,evening,transport,74.61
43.259858,76.973153,2025-12-26T11:36:02+05:00,Friday,4,0,12,11,daytime,human,49.3
43.241871,76.929404,2026-04-28T20:15:27+05:00,Tuesday,1,0,4,20,evening,alert,63.55
43.26523,76.969416,2026-02-21T17:02:12+05:00,Saturday,5,1,2,17,evening,others,61.12
43.249888,76.942027,2025-11-28T19:17:54+05:00,Friday,4,0,11,19,evening,human,65.46
43.236794,76.919742,2025-12-14T07:11:26+05:00,Sunday,6,1,12,7,morning,transport,65.46
43.245917,76.858352,2025-11-12T17:24:47+05:00,Wednesday,2,0,11,17,evening,transport,78.18
43.222519,76.899941,2026-05-08T21:11:44+05:00,Friday,4,0,5,21,late_evening,others,41.9
43.223992,76.923193,2026-01-18T17:36:52+05:00,Sunday,6,1,1,17,evening,transport,71.45
43.249209,76.93851,2025-11-06T19:30:33+05:00,Thursday,3,0,11,19,evening,human,68.28
43.234685,76.91732,2025-12-16T09:13:58+05:00,Tuesday,1,0,12,9,morning,others,63.39
43.23945,76.931012,2026-02-24T11:09:43+05:00,Tuesday,1,0,2,11,daytime,transport,59.18
43.233899,76.973817,2025-11-03T20:40:20+05:00,Monday,0,0,11,20,evening,others,41.89
43.24696,76.860045,2026-03-10T16:50:50+05:00,Tuesday,1,0,3,16,daytime,transport,66.25
43.250835,76.941868,2026-03-10T19:43:49+05:00,Tuesday,1,0,3,19,evening,human,70.86
43.260503,76.956245,2025-11-08T16:19:41+05:00,Saturday,5,1,11,16,daytime,human,62.27
43.239383,76.92964,2026-01-22T19:03:30+05:00,Thursday,3,0,1,19,evening,alert,71.71
43.264609,76.823035,2025-12-03T10:46:12+05:00,Wednesday,2,0,12,10,morning,human,55.24
43.259248,76.970075,2026-01-20T12:55:14+05:00,Tuesday,1,0,1,12,daytime,human,57.88
43.258371,76.974075,2025-12-08T15:37:28+05:00,Monday,0,0,12,15,daytime,human,53.86
43.263816,76.95349,2026-03-06T14:51:28+05:00,Friday,4,0,3,14,daytime,human,63.16
43.230618,76.976059,2026-01-26T15:35:10+05:00,Monday,0,0,1,15,daytime,human,52.83
43.342837,76.950574,2025-11-18T14:40:21+05:00,Tuesday,1,0,11,14,daytime,transport,69.01
43.26297,76.822039,2026-03-31T04:25:47+05:00,Tuesday,1,0,3,4,night,others,37.73
43.244194,76.85982,2025-12-23T07:02:54+05:00,Tuesday,1,0,12,7,morning,transport,75.39
43.289756,76.896067,2025-12-18T13:38:49+05:00,Thursday,3,0,12,13,daytime,building_noise,71.76
43.21493,76.928952,2026-01-05T08:31:11+05:00,Monday,0,0,1,8,morning,transport,76.0
43.263205,76.823062,2026-03-10T07:09:21+05:00,Tuesday,1,0,3,7,morning,building_noise,57.28
43.262186,76.965834,2026-04-27T18:32:52+05:00,Monday,0,0,4,18,evening,human,56.39
43.26152,76.816335,2026-01-09T22:23:39+05:00,Friday,4,0,1,22,late_evening,human,67.16
43.257472,76.970137,2026-02-14T16:02:10+05:00,Saturday,5,1,2,16,daytime,human,55.37
43.258187,76.972383,2026-04-19T08:36:24+05:00,Sunday,6,1,4,8,morning,animals,43.26
43.243622,76.923878,2026-03-08T12:38:09+05:00,Sunday,6,1,3,12,daytime,transport,66.83
43.250962,76.937683,2026-01-11T18:24:14+05:00,Sunday,6,1,1,18,evening,human,70.02
43.357654,77.043667,2026-02-09T13:01:10+05:00,Monday,0,0,2,13,daytime,transport,74.04
43.258969,76.972452,2026-05-07T23:03:19+05:00,Thursday,3,0,5,23,late_evening,animals,36.55
43.236144,76.917524,2026-03-21T17:21:31+05:00,Saturday,5,1,3,17,evening,alert,71.81
43.218998,76.902581,2026-01-19T13:53:32+05:00,Monday,0,0,1,13,daytime,human,55.9
43.264722,76.929141,2026-03-22T15:40:32+05:00,Sunday,6,1,3,15,daytime,human,65.45
43.259675,76.971749,2026-04-17T07:00:01+05:00,Friday,4,0,4,7,morning,animals,41.4
43.287524,76.895939,2026-02-05T19:57:11+05:00,Thursday,3,0,2,19,evening,transport,63.63
43.260463,76.968637,2026-02-26T08:46:09+05:00,Thursday,3,0,2,8,morning,others,53.91
43.284739,76.890847,2026-04-27T17:06:49+05:00,Monday,0,0,4,17,evening,building_noise,79.07
43.236134,76.933272,2026-01-26T20:54:23+05:00,Monday,0,0,1,20,evening,alert,67.94
43.26463,76.954838,2026-01-31T22:19:40+05:00,Saturday,5,1,1,22,late_evening,others,48.62
43.256127,76.942546,2025-12-26T11:33:54+05:00,Friday,4,0,12,11,daytime,building_noise,69.57
43.237391,76.922054,2026-01-10T16:04:47+05:00,Saturday,5,1,1,16,daytime,transport,70.56
43.261477,76.925884,2025-11-05T22:35:24+05:00,Wednesday,2,0,11,22,late_evening,human,61.18
43.339599,76.941973,2026-03-01T13:09:05+05:00,Sunday,6,1,3,13,daytime,transport,67.12
43.263761,76.953277,2026-03-14T21:13:43+05:00,Saturday,5,1,3,21,late_evening,others,45.86
43.288204,76.893434,2026-03-13T16:24:15+05:00,Friday,4,0,3,16,daytime,building_noise,68.84
43.239334,76.931644,2025-12-05T22:17:41+05:00,Friday,4,0,12,22,late_evening,alert,69.6
43.235028,76.980632,2026-02-22T08:31:15+05:00,Sunday,6,1,2,8,morning,animals,41.74
43.26345,76.823019,2025-11-08T08:21:05+05:00,Saturday,5,1,11,8,morning,others,58.29
43.264727,76.822782,2026-02-15T16:49:05+05:00,Sunday,6,1,2,16,daytime,human,56.09
43.222728,76.899818,2026-01-02T08:10:58+05:00,Friday,4,0,1,8,morning,others,44.59
43.240802,76.923879,2026-02-18T21:23:21+05:00,Wednesday,2,0,2,21,late_evening,transport,63.32
43.348024,77.04726,2026-05-06T08:40:08+05:00,Wednesday,2,0,5,8,morning,transport,75.86
43.240385,76.921598,2026-05-02T18:59:13+05:00,Saturday,5,1,5,18,evening,transport,73.61
43.23672,76.957571,2025-12-19T09:58:38+05:00,Friday,4,0,12,9,morning,transport,71.59
43.251168,76.93985,2026-02-23T21:24:27+05:00,Monday,0,0,2,21,late_evening,human,67.78
43.233351,76.957865,2025-12-09T18:42:10+05:00,Tuesday,1,0,12,18,evening,transport,80.7
43.235054,76.975922,2025-11-19T10:26:20+05:00,Wednesday,2,0,11,10,morning,others,46.53
43.216686,76.926025,2026-04-25T09:23:09+05:00,Saturday,5,1,4,9,morning,human,68.81
43.248778,76.938212,2025-12-15T13:38:45+05:00,Monday,0,0,12,13,daytime,human,61.33
43.265573,76.95428,2026-01-14T17:48:41+05:00,Wednesday,2,0,1,17,evening,human,65.24
43.247027,76.939481,2026-02-26T23:02:55+05:00,Thursday,3,0,2,23,late_evening,human,66.55
43.238863,76.922669,2026-02-20T13:35:29+05:00,Friday,4,0,2,13,daytime,transport,74.08
43.346042,76.951672,2025-12-13T18:27:29+05:00,Saturday,5,1,12,18,evening,transport,69.14
43.277088,76.897532,2026-02-14T08:42:23+05:00,Saturday,5,1,2,8,morning,building_noise,81.88
43.2438,76.861889,2026-03-03T14:55:41+05:00,Tuesday,1,0,3,14,daytime,transport,73.58
43.267885,76.92963,2026-02-25T23:38:14+05:00,Wednesday,2,0,2,23,late_evening,human,57.13
43.248272,76.941599,2025-11-25T08:32:45+05:00,Tuesday,1,0,11,8,morning,others,62.77
43.279586,76.895924,2026-03-06T10:49:44+05:00,Friday,4,0,3,10,morning,building_noise,72.81
43.257994,76.945547,2026-01-08T15:29:01+05:00,Thursday,3,0,1,15,daytime,human,58.71
43.224138,76.902394,2025-12-25T07:13:04+05:00,Thursday,3,0,12,7,morning,others,48.77
43.222421,76.904171,2026-03-03T18:46:11+05:00,Tuesday,1,0,3,18,evening,animals,48.14
43.231735,76.976121,2026-05-02T17:03:31+05:00,Saturday,5,1,5,17,evening,human,54.69
43.240122,76.928933,2026-05-07T18:01:24+05:00,Thursday,3,0,5,18,evening,others,60.96
43.262038,76.822209,2026-02-26T18:52:42+05:00,Thursday,3,0,2,18,evening,human,60.47
43.245946,76.942921,2026-03-30T17:28:01+05:00,Monday,0,0,3,17,evening,alert,76.24
43.266238,76.926992,2025-12-09T18:29:53+05:00,Tuesday,1,0,12,18,evening,human,62.13
43.235689,76.95689,2026-04-08T18:20:03+05:00,Wednesday,2,0,4,18,evening,transport,75.5
43.238033,76.931873,2025-12-26T08:39:52+05:00,Friday,4,0,12,8,morning,alert,73.49
43.249405,76.942204,2025-12-04T07:57:35+05:00,Thursday,3,0,12,7,morning,human,65.51
43.233428,76.977755,2025-12-31T18:22:03+05:00,Wednesday,2,0,12,18,evening,human,51.95
43.262312,76.95504,2025-12-22T08:34:14+05:00,Monday,0,0,12,8,morning,others,52.6
43.258618,76.956097,2026-01-08T14:07:32+05:00,Thursday,3,0,1,14,daytime,human,65.9
43.237187,76.922701,2026-04-21T19:50:25+05:00,Tuesday,1,0,4,19,evening,transport,79.71
43.261302,76.954308,2026-01-16T22:05:13+05:00,Friday,4,0,1,22,late_evening,others,48.62
43.262708,76.928393,2025-12-03T19:46:46+05:00,Wednesday,2,0,12,19,evening,human,70.31
43.280198,76.891828,2025-12-26T12:29:09+05:00,Friday,4,0,12,12,daytime,building_noise,67.93
43.221789,76.904336,2026-02-01T11:58:07+05:00,Sunday,6,1,2,11,daytime,human,53.07
43.259133,76.975374,2026-01-07T19:08:01+05:00,Wednesday,2,0,1,19,evening,animals,52.09
43.246989,76.863737,2026-02-19T11:48:43+05:00,Thursday,3,0,2,11,daytime,others,69.65
43.236957,76.921049,2026-04-30T10:52:37+05:00,Thursday,3,0,4,10,morning,transport,73.1
43.261135,76.95134,2025-12-19T23:42:45+05:00,Friday,4,0,12,23,late_evening,others,44.08
43.256795,76.946532,2026-04-23T20:49:37+05:00,Thursday,3,0,4,20,evening,human,69.58
43.238014,76.922786,2025-11-01T18:05:24+05:00,Saturday,5,1,11,18,evening,others,69.44
43.281251,76.896325,2025-12-15T19:59:10+05:00,Monday,0,0,12,19,evening,transport,64.36
43.257274,76.94523,2025-12-24T19:25:57+05:00,Wednesday,2,0,12,19,evening,human,70.2
43.241596,76.932638,2026-01-12T09:32:26+05:00,Monday,0,0,1,9,morning,alert,69.29
43.26215,76.952475,2025-11-28T07:12:22+05:00,Friday,4,0,11,7,morning,others,52.84
43.257584,76.946641,2026-01-20T19:51:00+05:00,Tuesday,1,0,1,19,evening,human,64.61
43.258653,76.972408,2026-03-28T21:07:58+05:00,Saturday,5,1,3,21,late_evening,animals,37.76
43.240455,76.92849,2025-12-26T21:16:33+05:00,Friday,4,0,12,21,late_evening,alert,69.5
43.261355,76.946271,2026-03-07T16:29:07+05:00,Saturday,5,1,3,16,daytime,human,54.5
43.252504,76.943144,2025-12-17T18:14:51+05:00,Wednesday,2,0,12,18,evening,human,67.06
43.222232,76.927443,2026-01-25T21:49:59+05:00,Sunday,6,1,1,21,late_evening,transport,67.73
43.263308,76.956137,2026-04-16T17:27:54+05:00,Thursday,3,0,4,17,evening,human,70.03
43.264453,76.954367,2026-01-10T10:39:07+05:00,Saturday,5,1,1,10,morning,human,60.99
43.258575,76.973499,2026-05-07T20:10:30+05:00,Thursday,3,0,5,20,evening,animals,37.38
43.257672,76.969176,2025-12-11T10:33:12+05:00,Thursday,3,0,12,10,morning,human,55.9
43.238958,76.931337,2026-02-11T13:50:13+05:00,Wednesday,2,0,2,13,daytime,transport,65.02
43.341982,76.944154,2026-02-06T05:15:04+05:00,Friday,4,0,2,5,night,transport,52.59
43.248739,76.935558,2026-03-05T10:55:28+05:00,Thursday,3,0,3,10,morning,human,64.94
43.260162,76.968406,2026-04-02T08:01:09+05:00,Thursday,3,0,4,8,morning,others,48.27
43.24053,76.930262,2026-03-14T20:21:49+05:00,Saturday,5,1,3,20,evening,alert,72.67
43.258191,76.975104,2026-03-02T18:05:09+05:00,Monday,0,0,3,18,evening,human,58.89
43.242024,76.929453,2025-12-21T09:06:48+05:00,Sunday,6,1,12,9,morning,alert,73.8
43.250619,76.939067,2026-03-25T16:19:38+05:00,Wednesday,2,0,3,16,daytime,human,64.62
43.239002,76.957096,2025-11-08T21:20:47+05:00,Saturday,5,1,11,21,late_evening,human,71.15
43.264661,76.923882,2025-11-02T17:18:40+05:00,Sunday,6,1,11,17,evening,human,67.19
43.242271,76.919813,2025-12-26T07:25:54+05:00,Friday,4,0,12,7,morning,transport,80.15
43.344862,76.947689,2026-03-04T07:59:03+05:00,Wednesday,2,0,3,7,morning,transport,78.44
43.220889,76.901991,2025-12-07T15:33:45+05:00,Sunday,6,1,12,15,daytime,human,55.33
43.218782,76.928165,2026-02-20T07:39:09+05:00,Friday,4,0,2,7,morning,transport,77.81
43.264523,76.956637,2026-03-20T11:45:00+05:00,Friday,4,0,3,11,daytime,human,62.38
43.255029,76.944027,2026-04-04T22:12:56+05:00,Saturday,5,1,4,22,late_evening,human,70.66
43.218256,76.935569,2025-12-06T09:41:38+05:00,Saturday,5,1,12,9,morning,transport,72.35
43.257515,76.945618,2026-04-10T11:32:13+05:00,Friday,4,0,4,11,daytime,transport,59.36
43.235813,76.915692,2026-04-30T18:36:14+05:00,Thursday,3,0,4,18,evening,animals,52.43
43.254122,76.945106,2025-11-28T12:08:35+05:00,Friday,4,0,11,12,daytime,human,62.02
43.265785,76.926879,2025-11-28T21:15:56+05:00,Friday,4,0,11,21,late_evening,human,62.21
43.260461,76.973716,2025-12-03T15:19:24+05:00,Wednesday,2,0,12,15,daytime,transport,51.84
43.263124,76.954812,2026-02-25T22:01:58+05:00,Wednesday,2,0,2,22,late_evening,others,48.04
43.282342,76.892635,2026-01-09T15:25:25+05:00,Friday,4,0,1,15,daytime,building_noise,76.28
43.350477,77.04127,2025-12-07T16:43:57+05:00,Sunday,6,1,12,16,daytime,transport,71.01
43.260371,76.97358,2025-11-08T14:08:19+05:00,Saturday,5,1,11,14,daytime,animals,49.89
43.216047,76.925353,2026-02-21T09:47:08+05:00,Saturday,5,1,2,9,morning,transport,68.99
43.221899,76.901927,2026-04-19T12:27:52+05:00,Sunday,6,1,4,12,daytime,human,59.54
43.237801,76.923641,2026-04-02T18:38:33+05:00,Thursday,3,0,4,18,evening,transport,76.43
43.231417,76.974548,2026-02-02T23:43:14+05:00,Monday,0,0,2,23,late_evening,others,39.27
43.262346,76.955091,2026-03-27T17:03:01+05:00,Friday,4,0,3,17,evening,human,68.6
43.238358,76.929767,2025-12-03T22:40:35+05:00,Wednesday,2,0,12,22,late_evening,alert,72.83
43.236443,76.975535,2025-11-18T06:51:19+05:00,Tuesday,1,0,11,6,morning,animals,35.0
43.262856,76.95233,2026-05-02T16:44:02+05:00,Saturday,5,1,5,16,daytime,others,62.52
43.257962,76.968239,2026-01-27T17:54:51+05:00,Tuesday,1,0,1,17,evening,transport,61.8
43.224033,76.928846,2026-02-16T04:07:12+05:00,Monday,0,0,2,4,night,transport,53.62
43.246756,76.860138,2026-03-24T18:42:05+05:00,Tuesday,1,0,3,18,evening,transport,78.04
43.236326,76.930197,2026-05-02T17:07:09+05:00,Saturday,5,1,5,17,evening,transport,72.3
43.231115,76.974406,2026-02-02T23:40:14+05:00,Monday,0,0,2,23,late_evening,others,39.77
43.278434,76.898144,2026-01-08T22:48:59+05:00,Thursday,3,0,1,22,late_evening,transport,61.68
43.355302,77.04095,2026-01-13T09:29:27+05:00,Tuesday,1,0,1,9,morning,transport,79.8
43.234908,76.957377,2025-12-07T23:40:42+05:00,Sunday,6,1,12,23,late_evening,human,66.69
43.264465,76.952962,2026-04-15T23:51:44+05:00,Wednesday,2,0,4,23,late_evening,others,46.12
43.262086,76.954736,2026-05-06T08:01:53+05:00,Wednesday,2,0,5,8,morning,others,54.31
43.280471,76.896606,2026-04-23T09:56:20+05:00,Thursday,3,0,4,9,morning,building_noise,76.87
43.26352,76.930719,2025-11-18T15:05:16+05:00,Tuesday,1,0,11,15,daytime,human,65.53
43.354322,77.039731,2026-04-14T07:05:24+05:00,Tuesday,1,0,4,7,morning,transport,79.79
43.223843,76.902343,2025-11-18T22:05:11+05:00,Tuesday,1,0,11,22,late_evening,others,49.01
43.256903,76.972469,2026-01-18T21:25:23+05:00,Sunday,6,1,1,21,late_evening,animals,40.19
43.266517,76.927723,2025-11-09T22:21:54+05:00,Sunday,6,1,11,22,late_evening,human,65.77
43.239038,76.921149,2026-03-09T18:56:34+05:00,Monday,0,0,3,18,evening,transport,75.94
43.237288,76.955623,2026-04-29T12:26:24+05:00,Wednesday,2,0,4,12,daytime,human,61.72
43.261518,76.951743,2026-04-24T09:15:43+05:00,Friday,4,0,4,9,morning,human,65.8
43.341251,76.954275,2026-01-02T19:19:16+05:00,Friday,4,0,1,19,evening,animals,54.95
43.264363,76.927901,2026-04-03T22:56:41+05:00,Friday,4,0,4,22,late_evening,human,59.41
43.263468,76.821598,2026-02-27T14:45:05+05:00,Friday,4,0,2,14,daytime,human,57.04
43.262449,76.954335,2026-02-11T23:49:46+05:00,Wednesday,2,0,2,23,late_evening,transport,53.94
43.267716,76.823362,2025-12-04T18:14:35+05:00,Thursday,3,0,12,18,evening,human,63.77
43.281525,76.887923,2026-04-04T20:36:42+05:00,Saturday,5,1,4,20,evening,transport,62.71
43.248913,76.939226,2026-04-30T02:14:09+05:00,Thursday,3,0,4,2,night,others,54.82
43.233423,76.952797,2026-02-28T16:10:31+05:00,Saturday,5,1,2,16,daytime,human,66.33
43.229565,76.975976,2025-11-08T22:17:46+05:00,Saturday,5,1,11,22,late_evening,others,40.68
43.341912,76.945184,2026-03-23T09:38:43+05:00,Monday,0,0,3,9,morning,transport,75.47
43.26494,76.819066,2026-04-12T12:38:54+05:00,Sunday,6,1,4,12,daytime,human,55.04
43.342279,76.947544,2026-03-14T08:06:59+05:00,Saturday,5,1,3,8,morning,transport,68.48
43.257449,76.970844,2026-02-06T23:10:45+05:00,Friday,4,0,2,23,late_evening,animals,39.74
43.281272,76.894649,2026-02-21T13:50:48+05:00,Saturday,5,1,2,13,daytime,building_noise,75.59
43.258962,76.974095,2026-02-04T08:06:11+05:00,Wednesday,2,0,2,8,morning,animals,39.19
43.214777,76.927863,2026-01-26T16:26:21+05:00,Monday,0,0,1,16,daytime,transport,75.89
43.221467,76.902724,2025-11-16T20:27:43+05:00,Sunday,6,1,11,20,evening,others,44.71
43.282477,76.887373,2025-12-25T13:00:31+05:00,Thursday,3,0,12,13,daytime,building_noise,71.95
43.237014,76.955278,2026-03-04T08:43:50+05:00,Wednesday,2,0,3,8,morning,transport,71.83
43.25985,76.972537,2025-11-21T07:26:39+05:00,Friday,4,0,11,7,morning,animals,41.83
43.238275,76.954806,2026-01-13T00:04:42+05:00,Tuesday,1,0,1,0,night,building_noise,69.58
43.2416,76.9306,2025-12-25T08:36:28+05:00,Thursday,3,0,12,8,morning,alert,68.32
43.233645,76.95238,2026-02-27T09:39:48+05:00,Friday,4,0,2,9,morning,transport,76.09
43.276921,76.902783,2026-02-26T14:28:39+05:00,Thursday,3,0,2,14,daytime,building_noise,73.13
43.238867,76.92832,2026-02-25T14:54:49+05:00,Wednesday,2,0,2,14,daytime,transport,61.52
43.259458,76.945572,2026-04-05T22:04:47+05:00,Sunday,6,1,4,22,late_evening,human,66.37
43.265073,76.824455,2026-02-22T07:02:27+05:00,Sunday,6,1,2,7,morning,human,56.91
43.236413,76.958033,2026-04-19T18:06:55+05:00,Sunday,6,1,4,18,evening,human,65.25
43.257599,76.976355,2026-03-01T21:30:06+05:00,Sunday,6,1,3,21,late_evening,animals,35.4
43.235165,76.917778,2026-05-08T22:09:41+05:00,Friday,4,0,5,22,late_evening,transport,58.32
43.217649,76.93228,2026-02-17T21:54:53+05:00,Tuesday,1,0,2,21,late_evening,transport,65.79
43.260597,76.948179,2026-03-24T08:21:14+05:00,Tuesday,1,0,3,8,morning,human,60.09
43.220398,76.899366,2026-05-06T17:33:33+05:00,Wednesday,2,0,5,17,evening,human,54.85
43.233335,76.977967,2026-04-10T15:47:21+05:00,Friday,4,0,4,15,daytime,human,52.06
43.351938,77.04208,2026-01-03T12:04:13+05:00,Saturday,5,1,1,12,daytime,transport,67.5
43.23601,76.913561,2026-02-12T03:57:26+05:00,Thursday,3,0,2,3,night,others,35.0
43.220728,76.928059,2026-04-26T15:08:13+05:00,Sunday,6,1,4,15,daytime,transport,66.52
43.253713,76.946123,2026-04-02T13:13:17+05:00,Thursday,3,0,4,13,daytime,human,60.3
43.260126,76.966181,2025-12-09T07:36:40+05:00,Tuesday,1,0,12,7,morning,others,49.11
43.260753,76.975966,2026-01-26T07:34:18+05:00,Monday,0,0,1,7,morning,animals,43.4
43.350799,77.047371,2026-04-19T08:22:33+05:00,Sunday,6,1,4,8,morning,transport,68.52
43.256377,76.943142,2026-05-02T08:39:46+05:00,Saturday,5,1,5,8,morning,human,68.7
43.254928,76.941816,2026-03-15T07:08:06+05:00,Sunday,6,1,3,7,morning,others,61.72
43.245723,76.857966,2025-11-03T23:05:54+05:00,Monday,0,0,11,23,late_evening,transport,71.4
43.28378,76.892365,2025-11-28T17:26:31+05:00,Friday,4,0,11,17,evening,building_noise,76.43
43.234861,76.957756,2026-04-03T06:54:18+05:00,Friday,4,0,4,6,morning,human,56.17
43.257879,76.965893,2025-12-13T09:11:28+05:00,Saturday,5,1,12,9,morning,others,45.53
43.216794,76.929139,2025-11-25T00:19:00+05:00,Tuesday,1,0,11,0,night,transport,54.7
43.236696,76.920444,2026-04-09T08:53:29+05:00,Thursday,3,0,4,8,morning,transport,81.65
43.234202,76.920767,2025-11-21T08:02:48+05:00,Friday,4,0,11,8,morning,transport,82.58
43.239275,76.931631,2026-02-09T09:21:53+05:00,Monday,0,0,2,9,morning,alert,66.59
43.284106,76.892102,2026-03-31T09:12:40+05:00,Tuesday,1,0,3,9,morning,building_noise,79.42
43.233479,76.955057,2026-03-01T16:09:23+05:00,Sunday,6,1,3,16,daytime,human,65.82
43.236404,76.919947,2025-11-22T07:03:35+05:00,Saturday,5,1,11,7,morning,transport,68.18
43.255799,76.941916,2025-12-03T04:25:13+05:00,Wednesday,2,0,12,4,night,human,54.25
43.281532,76.895576,2026-05-10T19:41:24+05:00,Sunday,6,1,5,19,evening,alert,77.2
43.258018,76.974444,2026-03-30T20:04:15+05:00,Monday,0,0,3,20,evening,animals,36.42
43.251348,76.940119,2026-03-20T11:50:13+05:00,Friday,4,0,3,11,daytime,others,61.42
43.258411,76.975223,2026-05-02T10:02:11+05:00,Saturday,5,1,5,10,morning,animals,47.63
43.260567,76.955501,2025-11-14T07:08:51+05:00,Friday,4,0,11,7,morning,others,47.97
43.353501,77.03862,2025-12-26T15:35:26+05:00,Friday,4,0,12,15,daytime,alert,75.93
43.259294,76.973164,2025-12-27T14:47:30+05:00,Saturday,5,1,12,14,daytime,human,55.64
43.282546,76.890398,2025-11-09T12:11:57+05:00,Sunday,6,1,11,12,daytime,animals,50.28
43.253955,76.9466,2025-11-15T00:03:44+05:00,Saturday,5,1,11,0,night,human,57.83
43.246016,76.943374,2026-02-09T07:14:31+05:00,Monday,0,0,2,7,morning,human,64.04
43.220191,76.930693,2025-11-27T07:04:41+05:00,Thursday,3,0,11,7,morning,transport,80.79
43.266632,76.817102,2026-03-30T10:34:29+05:00,Monday,0,0,3,10,morning,alert,62.43
43.232449,76.975184,2026-01-19T19:18:03+05:00,Monday,0,0,1,19,evening,building_noise,55.49
43.223447,76.902262,2026-01-31T12:58:06+05:00,Saturday,5,1,1,12,daytime,human,55.16
43.263661,76.928516,2026-04-03T18:23:50+05:00,Friday,4,0,4,18,evening,human,68.16
43.25836,76.946482,2025-12-29T02:38:46+05:00,Monday,0,0,12,2,night,human,47.03
43.25902,76.974946,2026-01-07T19:19:01+05:00,Wednesday,2,0,1,19,evening,animals,52.95
43.239194,76.923727,2026-03-20T13:58:54+05:00,Friday,4,0,3,13,daytime,transport,73.61
43.26192,76.954917,2026-03-12T08:50:25+05:00,Thursday,3,0,3,8,morning,others,54.72
43.235812,76.976481,2026-01-26T07:52:05+05:00,Monday,0,0,1,7,morning,others,43.59
43.215722,76.932097,2026-01-21T00:35:58+05:00,Wednesday,2,0,1,0,night,transport,52.93
43.213634,76.93,2025-12-21T15:49:23+05:00,Sunday,6,1,12,15,daytime,building_noise,69.44
43.235881,76.918207,2026-01-19T06:49:34+05:00,Monday,0,0,1,6,morning,transport,50.16
43.237595,76.914629,2025-11-13T10:20:14+05:00,Thursday,3,0,11,10,morning,others,55.95
43.222875,76.902064,2026-02-21T17:02:30+05:00,Saturday,5,1,2,17,evening,human,61.17
43.259191,76.946616,2026-04-01T07:09:03+05:00,Wednesday,2,0,4,7,morning,human,63.77
43.251565,76.863788,2025-11-24T14:10:14+05:00,Monday,0,0,11,14,daytime,transport,69.04
43.217198,76.927764,2026-03-29T07:11:26+05:00,Sunday,6,1,3,7,morning,transport,72.12
43.245996,76.940036,2025-12-10T22:28:16+05:00,Wednesday,2,0,12,22,late_evening,human,66.73
43.220108,76.900411,2026-03-31T09:05:59+05:00,Tuesday,1,0,3,9,morning,others,47.6
43.250932,76.939303,2026-01-11T14:33:48+05:00,Sunday,6,1,1,14,daytime,others,62.95
43.231054,76.974915,2026-04-18T20:14:35+05:00,Saturday,5,1,4,20,evening,others,36.14
43.252977,76.947812,2026-03-28T19:54:31+05:00,Saturday,5,1,3,19,evening,human,65.52
43.263826,76.957048,2026-02-06T09:36:10+05:00,Friday,4,0,2,9,morning,alert,78.7
43.241438,76.933355,2026-04-02T23:45:34+05:00,Thursday,3,0,4,23,late_evening,transport,61.7
43.23916,76.92022,2025-11-19T09:27:02+05:00,Wednesday,2,0,11,9,morning,transport,77.47
43.240837,76.924323,2025-12-31T18:52:29+05:00,Wednesday,2,0,12,18,evening,building_noise,81.74
43.264465,76.823082,2026-04-26T15:54:33+05:00,Sunday,6,1,4,15,daytime,others,54.64
43.239045,76.921814,2026-04-20T14:16:58+05:00,Monday,0,0,4,14,daytime,transport,66.3
43.242177,76.930934,2026-03-14T19:43:38+05:00,Saturday,5,1,3,19,evening,alert,75.41
43.278315,76.891868,2026-03-17T08:36:57+05:00,Tuesday,1,0,3,8,morning,building_noise,80.47
43.34313,76.947839,2025-12-25T09:14:32+05:00,Thursday,3,0,12,9,morning,transport,82.7
43.233948,76.917161,2025-12-02T09:57:56+05:00,Tuesday,1,0,12,9,morning,transport,67.56
43.239933,76.924285,2026-05-07T06:11:03+05:00,Thursday,3,0,5,6,morning,transport,61.35
43.262388,76.95748,2025-11-13T18:40:12+05:00,Thursday,3,0,11,18,evening,human,68.34
43.281114,76.898088,2025-12-24T08:35:52+05:00,Wednesday,2,0,12,8,morning,building_noise,73.05
43.215079,76.929697,2025-11-26T17:24:09+05:00,Wednesday,2,0,11,17,evening,transport,81.35
43.256873,76.967081,2025-12-28T17:03:54+05:00,Sunday,6,1,12,17,evening,human,61.78
43.252908,76.863778,2026-05-05T12:09:06+05:00,Tuesday,1,0,5,12,daytime,transport,65.48
43.238959,76.916246,2026-05-10T03:21:22+05:00,Sunday,6,1,5,3,night,transport,45.44
43.250447,76.946167,2026-04-21T22:42:14+05:00,Tuesday,1,0,4,22,late_evening,human,64.86
43.259392,76.946916,2025-11-30T02:31:55+05:00,Sunday,6,1,11,2,night,human,55.4
43.266651,76.927206,2026-03-11T16:27:32+05:00,Wednesday,2,0,3,16,daytime,human,62.77
43.251977,76.94167,2026-03-12T08:10:14+05:00,Thursday,3,0,3,8,morning,human,73.23
43.260798,76.954807,2026-04-25T09:32:18+05:00,Saturday,5,1,4,9,morning,alert,82.01
43.256672,76.971871,2026-04-27T01:31:49+05:00,Monday,0,0,4,1,night,animals,35.0
43.23328,76.978092,2026-02-13T15:56:35+05:00,Friday,4,0,2,15,daytime,human,51.33
43.249592,76.939101,2026-03-13T08:50:59+05:00,Friday,4,0,3,8,morning,human,58.04
43.223024,76.904245,2026-04-16T23:09:53+05:00,Thursday,3,0,4,23,late_evening,others,40.63
43.257072,76.965945,2026-01-26T17:46:21+05:00,Monday,0,0,1,17,evening,human,57.06
43.233336,76.956601,2025-12-12T04:16:35+05:00,Friday,4,0,12,4,night,building_noise,54.8
43.264455,76.924843,2025-12-12T15:15:43+05:00,Friday,4,0,12,15,daytime,human,60.73
43.251568,76.940856,2025-12-14T13:52:24+05:00,Sunday,6,1,12,13,daytime,human,61.94
43.257163,76.945398,2026-03-05T19:35:56+05:00,Thursday,3,0,3,19,evening,human,67.46
43.29066,76.893781,2025-12-12T18:11:14+05:00,Friday,4,0,12,18,evening,building_noise,76.99
43.255918,76.970117,2025-11-21T08:01:55+05:00,Friday,4,0,11,8,morning,animals,41.61
43.222665,76.901311,2026-01-22T08:13:30+05:00,Thursday,3,0,1,8,morning,others,45.0
43.237809,76.922507,2026-03-10T10:22:06+05:00,Tuesday,1,0,3,10,morning,transport,66.53
43.282419,76.895242,2025-11-10T19:38:27+05:00,Monday,0,0,11,19,evening,transport,65.4
43.248872,76.944245,2025-12-02T20:33:42+05:00,Tuesday,1,0,12,20,evening,human,66.56
43.260425,76.95556,2026-02-06T09:12:04+05:00,Friday,4,0,2,9,morning,human,66.36
43.245546,76.86049,2026-01-02T16:46:45+05:00,Friday,4,0,1,16,daytime,transport,69.8
43.259969,76.964799,2026-03-11T08:23:35+05:00,Wednesday,2,0,3,8,morning,human,56.21
43.265148,76.820964,2026-04-02T18:54:18+05:00,Thursday,3,0,4,18,evening,human,61.17
43.251163,76.947344,2026-03-24T18:21:21+05:00,Tuesday,1,0,3,18,evening,transport,69.5
43.23993,76.931331,2026-01-10T08:29:42+05:00,Saturday,5,1,1,8,morning,alert,69.29
43.234615,76.913842,2026-01-09T16:57:21+05:00,Friday,4,0,1,16,daytime,transport,56.55
43.257615,76.821431,2026-04-21T12:16:20+05:00,Tuesday,1,0,4,12,daytime,human,58.22
43.257799,76.968141,2026-04-18T17:20:39+05:00,Saturday,5,1,4,17,evening,animals,52.76
43.279875,76.894322,2025-11-30T14:50:30+05:00,Sunday,6,1,11,14,daytime,transport,66.87
43.252706,76.943899,2026-04-22T12:16:43+05:00,Wednesday,2,0,4,12,daytime,others,56.82
43.217932,76.925857,2025-11-02T12:08:52+05:00,Sunday,6,1,11,12,daytime,alert,80.19
43.262719,76.954601,2026-03-30T21:15:57+05:00,Monday,0,0,3,21,late_evening,others,47.27
43.236404,76.930447,2026-03-02T12:17:32+05:00,Monday,0,0,3,12,daytime,transport,60.91
43.223643,76.901751,2025-11-20T23:07:48+05:00,Thursday,3,0,11,23,late_evening,others,48.93
43.248876,76.859457,2026-05-08T19:10:54+05:00,Friday,4,0,5,19,evening,alert,88.62
43.258828,76.945949,2026-02-04T17:41:14+05:00,Wednesday,2,0,2,17,evening,human,61.3
43.219267,76.902008,2026-03-08T22:54:10+05:00,Sunday,6,1,3,22,late_evening,others,44.64
43.263561,76.925792,2025-11-28T18:59:39+05:00,Friday,4,0,11,18,evening,human,65.71
43.232075,76.954536,2026-03-26T08:45:18+05:00,Thursday,3,0,3,8,morning,human,70.62
43.247525,76.942203,2026-02-19T22:23:41+05:00,Thursday,3,0,2,22,late_evening,human,66.34
43.257211,76.97225,2025-11-03T15:54:42+05:00,Monday,0,0,11,15,daytime,human,54.51
43.253699,76.944288,2025-11-26T08:20:26+05:00,Wednesday,2,0,11,8,morning,human,65.35
43.284901,76.89654,2025-12-04T12:28:05+05:00,Thursday,3,0,12,12,daytime,building_noise,75.5
43.263783,76.925347,2026-03-03T09:25:54+05:00,Tuesday,1,0,3,9,morning,others,58.27
43.219715,76.9307,2026-04-18T17:14:17+05:00,Saturday,5,1,4,17,evening,transport,73.53
43.239549,76.920699,2025-12-15T08:58:49+05:00,Monday,0,0,12,8,morning,transport,80.19
43.264034,76.92617,2026-04-06T20:18:07+05:00,Monday,0,0,4,20,evening,others,61.37
43.246584,76.941302,2025-11-03T17:48:32+05:00,Monday,0,0,11,17,evening,human,67.36
43.258125,76.947493,2026-03-30T19:17:50+05:00,Monday,0,0,3,19,evening,human,66.53
43.236312,76.91853,2026-03-30T22:35:07+05:00,Monday,0,0,3,22,late_evening,transport,59.38
43.258999,76.974555,2025-12-28T07:33:22+05:00,Sunday,6,1,12,7,morning,animals,38.14
43.264954,76.926164,2026-02-08T17:03:47+05:00,Sunday,6,1,2,17,evening,human,64.2
43.22087,76.899894,2025-11-27T09:32:15+05:00,Thursday,3,0,11,9,morning,others,47.19
43.222488,76.90158,2026-02-05T21:54:39+05:00,Thursday,3,0,2,21,late_evening,others,38.16
43.247871,76.941425,2026-03-20T05:28:03+05:00,Friday,4,0,3,5,night,human,48.29
43.266548,76.823912,2026-02-26T20:40:31+05:00,Thursday,3,0,2,20,evening,human,53.58
43.354205,77.03708,2026-04-27T07:29:16+05:00,Monday,0,0,4,7,morning,transport,77.12
43.280076,76.897893,2026-03-24T15:29:44+05:00,Tuesday,1,0,3,15,daytime,building_noise,78.09
43.249068,76.939728,2025-11-11T09:12:02+05:00,Tuesday,1,0,11,9,morning,human,64.81
43.240825,76.91729,2026-04-17T08:19:17+05:00,Friday,4,0,4,8,morning,transport,72.6
43.254012,76.937697,2026-02-09T18:39:31+05:00,Monday,0,0,2,18,evening,alert,75.29
43.284644,76.891399,2026-04-27T17:02:49+05:00,Monday,0,0,4,17,evening,building_noise,80.04
43.260742,76.964774,2025-11-14T23:48:53+05:00,Friday,4,0,11,23,late_evening,others,41.46
43.214658,76.924981,2025-11-03T17:25:40+05:00,Monday,0,0,11,17,evening,transport,78.34
43.258865,76.973507,2025-12-05T21:54:36+05:00,Friday,4,0,12,21,late_evening,animals,35.0
43.264032,76.9535,2026-01-02T22:01:18+05:00,Friday,4,0,1,22,late_evening,others,45.07
43.23827,76.919625,2025-12-03T18:30:21+05:00,Wednesday,2,0,12,18,evening,transport,82.13
43.220425,76.896932,2026-01-06T11:33:19+05:00,Tuesday,1,0,1,11,daytime,human,52.61
43.284619,76.896663,2026-01-31T14:32:18+05:00,Saturday,5,1,1,14,daytime,building_noise,82.03
43.250517,76.944696,2026-03-06T20:47:22+05:00,Friday,4,0,3,20,evening,human,69.4
43.280325,76.890685,2026-03-14T01:30:28+05:00,Saturday,5,1,3,1,night,building_noise,45.93
43.242953,76.855327,2026-02-02T22:04:10+05:00,Monday,0,0,2,22,late_evening,transport,65.13
43.262013,76.925244,2026-01-29T07:34:59+05:00,Thursday,3,0,1,7,morning,human,65.66
43.216875,76.929772,2025-11-29T07:59:05+05:00,Saturday,5,1,11,7,morning,transport,73.24
43.266574,76.926227,2026-05-07T15:46:16+05:00,Thursday,3,0,5,15,daytime,human,58.79
43.250408,76.864275,2025-11-22T18:54:11+05:00,Saturday,5,1,11,18,evening,transport,71.75
43.261372,76.951643,2025-12-19T23:44:45+05:00,Friday,4,0,12,23,late_evening,others,44.32
43.257572,76.94599,2026-05-10T09:49:30+05:00,Sunday,6,1,5,9,morning,human,68.84
43.239104,76.919121,2026-03-16T08:58:00+05:00,Monday,0,0,3,8,morning,transport,81.59
43.262118,76.955335,2026-02-10T17:07:24+05:00,Tuesday,1,0,2,17,evening,human,68.94
43.259762,76.968354,2026-01-10T11:23:56+05:00,Saturday,5,1,1,11,daytime,animals,46.93
43.245518,76.938709,2026-03-29T09:22:05+05:00,Sunday,6,1,3,9,morning,human,60.99
43.242253,76.859548,2026-03-18T07:01:22+05:00,Wednesday,2,0,3,7,morning,transport,78.47
43.234426,76.957876,2025-11-13T17:54:48+05:00,Thursday,3,0,11,17,evening,transport,75.83
43.217939,76.925462,2025-11-02T12:15:52+05:00,Sunday,6,1,11,12,daytime,alert,78.39
43.354098,77.043108,2026-04-20T20:20:37+05:00,Monday,0,0,4,20,evening,transport,73.59
43.251404,76.945364,2026-02-12T23:07:50+05:00,Thursday,3,0,2,23,late_evening,human,72.66
43.220524,76.927829,2026-01-09T19:44:52+05:00,Friday,4,0,1,19,evening,transport,82.88
43.221449,76.901819,2025-11-01T11:49:58+05:00,Saturday,5,1,11,11,daytime,human,59.0
43.237304,76.954663,2026-03-03T22:27:27+05:00,Tuesday,1,0,3,22,late_evening,human,65.76
43.239361,76.931202,2025-12-16T09:30:08+05:00,Tuesday,1,0,12,9,morning,alert,78.55
43.219311,76.924678,2025-11-06T09:29:02+05:00,Thursday,3,0,11,9,morning,transport,76.17
43.35347,77.045756,2026-03-07T14:51:56+05:00,Saturday,5,1,3,14,daytime,transport,70.27
43.353233,77.045004,2026-04-11T07:13:39+05:00,Saturday,5,1,4,7,morning,transport,72.42
43.237536,76.923323,2026-05-10T17:20:58+05:00,Sunday,6,1,5,17,evening,transport,69.24
43.23645,76.91534,2026-02-08T12:19:34+05:00,Sunday,6,1,2,12,daytime,transport,55.92
43.218341,76.93097,2025-11-25T08:22:04+05:00,Tuesday,1,0,11,8,morning,transport,80.13
43.261733,76.968104,2025-12-22T20:54:54+05:00,Monday,0,0,12,20,evening,others,46.58
43.238789,76.923537,2026-03-28T12:00:39+05:00,Saturday,5,1,3,12,daytime,transport,63.66
43.284183,76.888912,2025-11-15T13:39:14+05:00,Saturday,5,1,11,13,daytime,building_noise,75.68
43.238247,76.927204,2026-03-31T12:57:35+05:00,Tuesday,1,0,3,12,daytime,transport,65.5
43.237196,76.929539,2026-01-03T16:25:20+05:00,Saturday,5,1,1,16,daytime,alert,72.92
43.247473,76.942917,2026-01-31T16:34:29+05:00,Saturday,5,1,1,16,daytime,human,64.63
43.2367,76.920758,2025-12-23T13:01:41+05:00,Tuesday,1,0,12,13,daytime,transport,63.64
43.262242,76.821115,2026-01-18T17:49:38+05:00,Sunday,6,1,1,17,evening,human,62.31
43.250047,76.944481,2025-11-12T07:52:15+05:00,Wednesday,2,0,11,7,morning,animals,55.55
43.249294,76.941612,2026-02-09T06:43:54+05:00,Monday,0,0,2,6,morning,others,50.05
43.243786,76.859232,2026-03-26T08:08:57+05:00,Thursday,3,0,3,8,morning,alert,79.93
43.264964,76.928542,2026-04-27T15:45:49+05:00,Monday,0,0,4,15,daytime,human,66.77
43.239114,76.921554,2025-12-02T13:27:07+05:00,Tuesday,1,0,12,13,daytime,transport,72.67
43.261584,76.969311,2026-01-01T23:47:29+05:00,Thursday,3,0,1,23,late_evening,others,44.83
43.258372,76.975122,2025-12-20T20:19:58+05:00,Saturday,5,1,12,20,evening,animals,36.44
43.278561,76.893919,2025-11-26T18:36:52+05:00,Wednesday,2,0,11,18,evening,building_noise,74.65
43.239507,76.924171,2025-12-28T06:05:50+05:00,Sunday,6,1,12,6,morning,transport,61.97
43.236475,76.921259,2026-02-18T16:06:25+05:00,Wednesday,2,0,2,16,daytime,transport,65.79
43.247968,76.940823,2026-01-31T06:02:27+05:00,Saturday,5,1,1,6,morning,transport,63.82
43.264861,76.92833,2026-03-17T14:35:14+05:00,Tuesday,1,0,3,14,daytime,building_noise,61.24
43.236638,76.91514,2025-11-11T14:01:32+05:00,Tuesday,1,0,11,14,daytime,transport,57.92
43.252617,76.943875,2026-04-11T00:13:31+05:00,Saturday,5,1,4,0,night,human,56.46
43.234665,76.921919,2026-04-24T08:21:15+05:00,Friday,4,0,4,8,morning,building_noise,81.16
43.264713,76.815978,2025-11-29T18:17:13+05:00,Saturday,5,1,11,18,evening,human,70.38
43.250931,76.941247,2025-12-05T13:45:24+05:00,Friday,4,0,12,13,daytime,transport,69.74
43.265506,76.926609,2025-11-04T10:10:58+05:00,Tuesday,1,0,11,10,morning,human,62.62
43.239662,76.924826,2026-02-10T17:20:58+05:00,Tuesday,1,0,2,17,evening,transport,78.09
43.238587,76.914294,2026-02-25T15:22:34+05:00,Wednesday,2,0,2,15,daytime,others,52.92
43.258438,76.943695,2025-12-23T18:05:39+05:00,Tuesday,1,0,12,18,evening,human,62.71
43.251227,76.940985,2026-03-21T21:06:50+05:00,Saturday,5,1,3,21,late_evening,human,73.1
43.237522,76.92051,2025-12-07T07:30:43+05:00,Sunday,6,1,12,7,morning,transport,63.5
43.261529,76.969137,2026-05-10T19:43:20+05:00,Sunday,6,1,5,19,evening,human,61.34
43.239474,76.926041,2026-03-01T12:58:14+05:00,Sunday,6,1,3,12,daytime,transport,65.06
43.23838,76.916311,2026-04-16T18:30:19+05:00,Thursday,3,0,4,18,evening,building_noise,71.79
43.239736,76.929325,2026-02-25T21:38:19+05:00,Wednesday,2,0,2,21,late_evening,alert,71.76
43.284728,76.897143,2025-12-08T12:18:05+05:00,Monday,0,0,12,12,daytime,building_noise,72.58
43.287899,76.899181,2026-04-22T09:34:40+05:00,Wednesday,2,0,4,9,morning,building_noise,71.75
43.258846,76.947688,2025-12-07T07:54:35+05:00,Sunday,6,1,12,7,morning,human,64.25
43.260075,76.947632,2025-12-26T20:41:03+05:00,Friday,4,0,12,20,evening,human,68.05
43.262792,76.819732,2025-12-08T20:26:33+05:00,Monday,0,0,12,20,evening,human,56.39
43.236374,76.956423,2026-02-10T07:03:21+05:00,Tuesday,1,0,2,7,morning,transport,77.4
43.239487,76.958797,2026-03-08T23:45:03+05:00,Sunday,6,1,3,23,late_evening,human,66.32
43.264863,76.823752,2026-02-16T19:13:45+05:00,Monday,0,0,2,19,evening,human,63.18
43.240085,76.925016,2026-04-17T09:14:29+05:00,Friday,4,0,4,9,morning,transport,75.8
43.239271,76.933658,2026-01-17T05:12:38+05:00,Saturday,5,1,1,5,night,transport,48.74
43.248028,76.947717,2026-02-15T13:16:43+05:00,Sunday,6,1,2,13,daytime,human,64.68
43.259576,76.945818,2025-11-27T13:16:35+05:00,Thursday,3,0,11,13,daytime,human,61.8
43.264093,76.823456,2026-04-24T22:33:54+05:00,Friday,4,0,4,22,late_evening,human,67.06
43.237345,76.956628,2026-03-26T22:36:01+05:00,Thursday,3,0,3,22,late_evening,human,66.34
43.262765,76.95279,2026-01-08T08:57:33+05:00,Thursday,3,0,1,8,morning,others,54.19
43.284954,76.896911,2025-12-21T21:41:58+05:00,Sunday,6,1,12,21,late_evening,transport,62.08
43.26637,76.928921,2026-02-13T13:29:46+05:00,Friday,4,0,2,13,daytime,human,68.11
43.28091,76.888167,2025-11-19T10:54:52+05:00,Wednesday,2,0,11,10,morning,building_noise,71.94
43.258999,76.971237,2026-05-01T06:12:27+05:00,Friday,4,0,5,6,morning,others,36.61
43.284306,76.898203,2026-04-22T17:58:01+05:00,Wednesday,2,0,4,17,evening,building_noise,75.33
43.26457,76.955096,2026-03-20T20:42:48+05:00,Friday,4,0,3,20,evening,others,48.27
43.223463,76.898808,2026-03-01T13:17:30+05:00,Sunday,6,1,3,13,daytime,animals,46.41
43.343854,76.944365,2026-01-27T23:45:03+05:00,Tuesday,1,0,1,23,late_evening,alert,75.99
43.27802,76.895213,2026-01-29T11:14:42+05:00,Thursday,3,0,1,11,daytime,building_noise,73.05
43.25689,76.945108,2026-01-12T23:40:38+05:00,Monday,0,0,1,23,late_evening,human,72.38
43.217783,76.925602,2026-04-22T11:32:50+05:00,Wednesday,2,0,4,11,daytime,transport,69.91
43.257036,76.971613,2026-02-25T08:11:22+05:00,Wednesday,2,0,2,8,morning,animals,39.32
43.252301,76.945818,2025-12-12T15:08:15+05:00,Friday,4,0,12,15,daytime,human,66.61
43.251392,76.941169,2025-11-24T06:48:16+05:00,Monday,0,0,11,6,morning,human,60.56
43.262075,76.952829,2026-04-11T20:38:42+05:00,Saturday,5,1,4,20,evening,others,47.47
43.257551,76.963414,2025-11-24T18:47:47+05:00,Monday,0,0,11,18,evening,transport,65.39
43.257272,76.971201,2026-03-01T17:55:13+05:00,Sunday,6,1,3,17,evening,animals,53.76
43.256783,76.945491,2026-01-19T17:41:24+05:00,Monday,0,0,1,17,evening,transport,70.53
43.247662,76.940303,2026-01-17T20:36:47+05:00,Saturday,5,1,1,20,evening,human,77.08
43.255713,76.966665,2025-12-30T22:29:51+05:00,Tuesday,1,0,12,22,late_evening,others,42.43
43.236404,76.914733,2026-01-01T07:36:01+05:00,Thursday,3,0,1,7,morning,transport,69.36
43.281437,76.886414,2026-04-15T12:11:35+05:00,Wednesday,2,0,4,12,daytime,building_noise,73.54
43.240573,76.928794,2025-12-06T20:16:35+05:00,Saturday,5,1,12,20,evening,alert,71.42
43.219875,76.924605,2026-01-30T07:47:42+05:00,Friday,4,0,1,7,morning,transport,82.25
43.235649,76.959663,2025-12-01T23:22:07+05:00,Monday,0,0,12,23,late_evening,human,71.91
43.252822,76.939256,2025-12-28T17:42:20+05:00,Sunday,6,1,12,17,evening,human,67.56
43.260756,76.971239,2026-02-05T19:13:37+05:00,Thursday,3,0,2,19,evening,animals,50.7
43.258279,76.966504,2026-01-09T23:42:38+05:00,Friday,4,0,1,23,late_evening,building_noise,53.24
43.340121,76.944831,2026-01-10T20:45:43+05:00,Saturday,5,1,1,20,evening,others,65.91
43.258876,76.975146,2025-12-14T21:58:27+05:00,Sunday,6,1,12,21,late_evening,animals,36.74
43.258942,76.964777,2026-04-04T10:07:26+05:00,Saturday,5,1,4,10,morning,human,58.23
43.349232,77.040281,2026-02-22T08:45:35+05:00,Sunday,6,1,2,8,morning,transport,75.04
43.218895,76.901701,2025-11-26T20:19:15+05:00,Wednesday,2,0,11,20,evening,others,46.18
43.356952,77.042123,2025-11-18T08:38:48+05:00,Tuesday,1,0,11,8,morning,transport,76.87
43.259908,76.966292,2026-04-19T09:21:18+05:00,Sunday,6,1,4,9,morning,others,49.51
43.239358,76.957336,2026-04-28T18:02:00+05:00,Tuesday,1,0,4,18,evening,human,79.75
43.220506,76.927141,2026-03-06T18:37:03+05:00,Friday,4,0,3,18,evening,transport,82.54
43.262567,76.92729,2025-12-23T16:47:27+05:00,Tuesday,1,0,12,16,daytime,human,64.62
43.238347,76.95583,2026-01-18T08:02:23+05:00,Sunday,6,1,1,8,morning,human,69.6
43.259805,76.944124,2026-05-08T15:30:25+05:00,Friday,4,0,5,15,daytime,animals,50.4
43.252284,76.942751,2026-03-25T14:11:16+05:00,Wednesday,2,0,3,14,daytime,human,64.25
43.220244,76.929939,2026-03-04T08:21:43+05:00,Wednesday,2,0,3,8,morning,transport,78.69
43.240008,76.929062,2025-12-03T09:35:08+05:00,Wednesday,2,0,12,9,morning,alert,72.37
43.26445,76.954689,2026-03-20T20:52:48+05:00,Friday,4,0,3,20,evening,others,47.5
43.244327,76.86171,2026-01-31T15:35:18+05:00,Saturday,5,1,1,15,daytime,transport,70.54
43.284209,76.89367,2025-11-15T11:33:25+05:00,Saturday,5,1,11,11,daytime,others,68.62
43.248716,76.864036,2026-02-03T09:24:53+05:00,Tuesday,1,0,2,9,morning,transport,72.44
43.260507,76.9432,2026-03-29T03:08:43+05:00,Sunday,6,1,3,3,night,human,48.8
43.258288,76.964678,2025-11-24T10:31:29+05:00,Monday,0,0,11,10,morning,human,52.46
43.283688,76.893254,2026-04-23T09:04:24+05:00,Thursday,3,0,4,9,morning,building_noise,77.54
43.243251,76.860262,2026-03-26T08:08:57+05:00,Thursday,3,0,3,8,morning,alert,79.65
43.348092,77.043848,2026-01-24T21:50:17+05:00,Saturday,5,1,1,21,late_evening,alert,78.32
43.246423,76.863415,2026-02-10T19:13:46+05:00,Tuesday,1,0,2,19,evening,transport,77.17
43.262166,76.954748,2026-01-16T04:10:51+05:00,Friday,4,0,1,4,night,others,37.53
43.34677,77.039945,2026-04-02T21:17:11+05:00,Thursday,3,0,4,21,late_evening,transport,70.51
43.261047,76.955332,2025-11-04T16:19:32+05:00,Tuesday,1,0,11,16,daytime,human,59.47
43.240347,76.916409,2026-02-12T11:18:59+05:00,Thursday,3,0,2,11,daytime,transport,56.85
43.256432,76.969706,2025-11-12T09:30:56+05:00,Wednesday,2,0,11,9,morning,human,52.38
43.233012,76.956525,2026-02-26T08:11:54+05:00,Thursday,3,0,2,8,morning,transport,73.19
43.222488,76.902716,2026-04-13T07:25:04+05:00,Monday,0,0,4,7,morning,others,50.76
43.237825,76.929961,2026-05-10T16:57:45+05:00,Sunday,6,1,5,16,daytime,alert,79.21
43.256906,76.947267,2026-01-05T17:20:48+05:00,Monday,0,0,1,17,evening,human,61.43
43.259804,76.944736,2026-04-19T19:20:52+05:00,Sunday,6,1,4,19,evening,human,64.69
43.257178,76.970315,2026-03-11T15:21:34+05:00,Wednesday,2,0,3,15,daytime,human,50.47
43.258673,76.946695,2025-11-13T20:31:32+05:00,Thursday,3,0,11,20,evening,human,64.33
43.283508,76.890058,2026-01-16T17:10:33+05:00,Friday,4,0,1,17,evening,building_noise,77.95
43.252053,76.940085,2026-02-03T14:50:34+05:00,Tuesday,1,0,2,14,daytime,transport,66.56
43.217907,76.92774,2025-12-25T08:34:49+05:00,Thursday,3,0,12,8,morning,transport,79.5
43.261618,76.969112,2026-04-15T15:46:05+05:00,Wednesday,2,0,4,15,daytime,human,55.17
43.262934,76.973736,2026-04-05T19:22:46+05:00,Sunday,6,1,4,19,evening,animals,52.88
43.22974,76.977843,2026-01-26T19:35:45+05:00,Monday,0,0,1,19,evening,human,59.61
43.240978,76.926138,2026-01-30T18:00:31+05:00,Friday,4,0,1,18,evening,transport,82.46
43.236896,76.92968,2026-04-10T07:55:24+05:00,Friday,4,0,4,7,morning,others,56.51
43.255165,76.946213,2025-12-07T07:51:44+05:00,Sunday,6,1,12,7,morning,human,61.82
43.218731,76.929812,2026-04-28T16:20:05+05:00,Tuesday,1,0,4,16,daytime,building_noise,69.05
43.280391,76.889433,2026-02-09T13:55:07+05:00,Monday,0,0,2,13,daytime,building_noise,74.5
43.230866,76.9746,2026-01-22T13:01:34+05:00,Thursday,3,0,1,13,daytime,human,47.77
43.21801,76.928775,2026-03-21T08:40:49+05:00,Saturday,5,1,3,8,morning,transport,71.19
43.258997,76.955977,2026-04-28T13:45:03+05:00,Tuesday,1,0,4,13,daytime,human,60.76
43.264202,76.952688,2025-12-02T19:55:51+05:00,Tuesday,1,0,12,19,evening,building_noise,70.41
43.234925,76.9181,2026-04-07T22:59:47+05:00,Tuesday,1,0,4,22,late_evening,transport,56.88
43.28037,76.902311,2025-12-13T20:44:17+05:00,Saturday,5,1,12,20,evening,transport,57.13
43.250609,76.941112,2026-01-07T20:44:34+05:00,Wednesday,2,0,1,20,evening,human,69.55
43.266729,76.926344,2025-11-21T18:29:19+05:00,Friday,4,0,11,18,evening,human,69.55
43.235955,76.923561,2025-11-04T15:23:00+05:00,Tuesday,1,0,11,15,daytime,transport,67.77
43.221582,76.90136,2026-03-21T16:29:34+05:00,Saturday,5,1,3,16,daytime,human,56.88
43.284368,76.899967,2025-12-12T05:48:45+05:00,Friday,4,0,12,5,night,others,39.84
43.261017,76.973576,2026-02-01T08:49:55+05:00,Sunday,6,1,2,8,morning,animals,39.31
43.239271,76.92891,2025-12-08T17:35:32+05:00,Monday,0,0,12,17,evening,transport,66.24
43.265271,76.822459,2026-03-20T21:29:14+05:00,Friday,4,0,3,21,late_evening,human,61.9
43.264505,76.926817,2026-02-19T08:04:00+05:00,Thursday,3,0,2,8,morning,human,67.46
43.245741,76.859198,2026-02-03T14:25:12+05:00,Tuesday,1,0,2,14,daytime,others,60.01
43.244707,76.860697,2026-01-04T14:34:04+05:00,Sunday,6,1,1,14,daytime,transport,64.92
43.284625,76.896838,2026-01-31T14:25:18+05:00,Saturday,5,1,1,14,daytime,building_noise,81.78
43.235457,76.923774,2025-11-13T08:14:36+05:00,Thursday,3,0,11,8,morning,human,75.28
43.234574,76.975117,2026-01-07T08:39:39+05:00,Wednesday,2,0,1,8,morning,others,41.9
43.281481,76.902389,2025-11-01T08:26:21+05:00,Saturday,5,1,11,8,morning,building_noise,72.91
43.247109,76.942831,2026-03-11T09:08:31+05:00,Wednesday,2,0,3,9,morning,human,71.81
43.221572,76.903361,2026-03-03T17:44:08+05:00,Tuesday,1,0,3,17,evening,human,54.23
43.239077,76.917047,2025-11-10T18:24:41+05:00,Monday,0,0,11,18,evening,transport,65.51
43.28025,76.896932,2026-04-23T09:47:20+05:00,Thursday,3,0,4,9,morning,building_noise,77.95
43.23252,76.974531,2026-03-23T08:13:06+05:00,Monday,0,0,3,8,morning,others,41.86
43.2633,76.957615,2026-03-31T18:42:59+05:00,Tuesday,1,0,3,18,evening,human,69.38
43.263467,76.927986,2025-11-07T10:38:36+05:00,Friday,4,0,11,10,morning,human,61.45
43.255852,76.965321,2026-02-06T07:57:57+05:00,Friday,4,0,2,7,morning,others,49.11
43.216562,76.928398,2025-11-30T19:51:16+05:00,Sunday,6,1,11,19,evening,transport,73.41
43.241221,76.929464,2026-01-30T10:33:19+05:00,Friday,4,0,1,10,morning,alert,74.73
43.25759,76.945691,2025-11-10T08:27:57+05:00,Monday,0,0,11,8,morning,human,63.61
43.234043,76.917341,2026-02-10T18:19:46+05:00,Tuesday,1,0,2,18,evening,transport,69.41
43.221849,76.899066,2026-01-17T21:08:19+05:00,Saturday,5,1,1,21,late_evening,others,44.84
43.219114,76.900672,2026-04-25T09:49:37+05:00,Saturday,5,1,4,9,morning,others,45.88
43.259914,76.97005,2025-12-22T08:54:34+05:00,Monday,0,0,12,8,morning,others,42.06
43.274707,76.88976,2025-11-21T14:33:20+05:00,Friday,4,0,11,14,daytime,building_noise,74.05
43.226431,76.902782,2026-01-02T22:40:48+05:00,Friday,4,0,1,22,late_evening,others,39.26
43.262314,76.925154,2025-12-14T14:38:07+05:00,Sunday,6,1,12,14,daytime,others,63.66
43.248466,76.942531,2026-02-01T22:10:13+05:00,Sunday,6,1,2,22,late_evening,human,69.16
43.217853,76.928916,2026-03-08T17:09:47+05:00,Sunday,6,1,3,17,evening,alert,75.7
43.26387,76.953912,2026-02-16T08:28:20+05:00,Monday,0,0,2,8,morning,others,49.83
43.23733,76.923659,2025-12-09T09:39:31+05:00,Tuesday,1,0,12,9,morning,transport,73.81
43.237063,76.914537,2025-12-16T20:32:58+05:00,Tuesday,1,0,12,20,evening,transport,56.9
43.234147,76.954831,2026-02-26T18:10:17+05:00,Thursday,3,0,2,18,evening,transport,75.78
43.235125,76.976905,2026-02-19T13:47:25+05:00,Thursday,3,0,2,13,daytime,human,50.24
43.287662,76.899427,2026-04-22T09:39:40+05:00,Wednesday,2,0,4,9,morning,building_noise,71.57
43.262475,76.955503,2026-05-10T15:51:21+05:00,Sunday,6,1,5,15,daytime,human,59.1
43.258901,76.971364,2026-02-13T21:22:17+05:00,Friday,4,0,2,21,late_evening,animals,39.72
43.266566,76.927818,2026-03-27T19:25:53+05:00,Friday,4,0,3,19,evening,human,69.51
43.234606,76.980207,2026-02-22T08:38:15+05:00,Sunday,6,1,2,8,morning,animals,40.36
43.281262,76.894512,2026-02-21T13:47:48+05:00,Saturday,5,1,2,13,daytime,building_noise,75.63
43.260049,76.965569,2025-12-09T07:37:40+05:00,Tuesday,1,0,12,7,morning,others,51.47
43.233632,76.920973,2026-03-17T22:44:14+05:00,Tuesday,1,0,3,22,late_evening,transport,71.7
43.220242,76.929664,2025-12-13T08:38:18+05:00,Saturday,5,1,12,8,morning,building_noise,71.31
43.24793,76.937369,2026-03-22T19:04:50+05:00,Sunday,6,1,3,19,evening,transport,69.02
43.237368,76.919202,2026-02-09T20:11:07+05:00,Monday,0,0,2,20,evening,transport,70.94
43.258005,76.943384,2025-11-10T02:20:49+05:00,Monday,0,0,11,2,night,human,53.47
43.259316,76.971767,2025-12-07T21:19:46+05:00,Sunday,6,1,12,21,late_evening,animals,36.85
43.25678,76.94568,2026-03-10T14:29:30+05:00,Tuesday,1,0,3,14,daytime,human,63.1
43.238507,76.916357,2026-04-01T13:47:04+05:00,Wednesday,2,0,4,13,daytime,human,56.7
43.235813,76.955206,2026-01-02T17:08:14+05:00,Friday,4,0,1,17,evening,transport,74.84
43.257509,76.945572,2025-12-30T19:06:53+05:00,Tuesday,1,0,12,19,evening,human,65.33
43.222372,76.926513,2026-02-28T09:16:03+05:00,Saturday,5,1,2,9,morning,transport,67.65
43.234518,76.92364,2026-01-15T19:44:16+05:00,Thursday,3,0,1,19,evening,transport,85.25
43.234664,76.975307,2025-12-03T23:30:03+05:00,Wednesday,2,0,12,23,late_evening,others,40.76
43.238191,76.917517,2025-11-03T19:25:12+05:00,Monday,0,0,11,19,evening,transport,68.83
43.26171,76.955513,2026-05-06T21:52:23+05:00,Wednesday,2,0,5,21,late_evening,others,52.12
43.264932,76.957175,2026-03-17T18:07:53+05:00,Tuesday,1,0,3,18,evening,human,66.04
43.340198,76.950435,2025-11-24T08:55:30+05:00,Monday,0,0,11,8,morning,transport,74.44
43.26603,76.927579,2026-01-08T08:38:51+05:00,Thursday,3,0,1,8,morning,human,60.5
43.238816,76.916562,2026-05-06T04:30:02+05:00,Wednesday,2,0,5,4,night,transport,46.63
43.352849,77.043262,2026-04-12T06:16:03+05:00,Sunday,6,1,4,6,morning,transport,58.94
43.253487,76.942273,2026-02-13T07:21:28+05:00,Friday,4,0,2,7,morning,others,63.46
43.287906,76.894438,2026-04-10T08:32:25+05:00,Friday,4,0,4,8,morning,building_noise,74.57
43.236166,76.926726,2026-03-07T17:06:44+05:00,Saturday,5,1,3,17,evening,alert,74.94
43.262994,76.823296,2025-11-08T08:21:05+05:00,Saturday,5,1,11,8,morning,others,58.84
43.27657,76.899956,2026-03-12T16:29:29+05:00,Thursday,3,0,3,16,daytime,building_noise,79.44
43.25513,76.945905,2025-12-18T23:25:33+05:00,Thursday,3,0,12,23,late_evening,human,60.09
43.250855,76.939546,2025-12-08T08:05:01+05:00,Monday,0,0,12,8,morning,others,64.89
43.263325,76.929922,2026-05-09T08:57:38+05:00,Saturday,5,1,5,8,morning,human,68.23
43.248376,76.860053,2026-04-04T19:56:46+05:00,Saturday,5,1,4,19,evening,transport,72.43
43.252888,76.942585,2026-02-16T23:15:46+05:00,Monday,0,0,2,23,late_evening,human,67.7
43.353729,77.044553,2026-04-29T08:21:07+05:00,Wednesday,2,0,4,8,morning,transport,75.85
43.263888,76.955204,2025-11-18T06:32:11+05:00,Tuesday,1,0,11,6,morning,others,38.69
43.282675,76.893986,2026-02-19T07:47:34+05:00,Thursday,3,0,2,7,morning,transport,61.4
43.220193,76.92594,2025-11-29T08:50:42+05:00,Saturday,5,1,11,8,morning,transport,70.75
43.260958,76.972109,2025-11-21T11:06:14+05:00,Friday,4,0,11,11,daytime,human,51.34
43.233348,76.975483,2025-11-28T20:19:27+05:00,Friday,4,0,11,20,evening,others,43.79
43.257415,76.96702,2026-01-03T20:38:38+05:00,Saturday,5,1,1,20,evening,others,46.56
43.235564,76.9606,2026-01-29T08:57:08+05:00,Thursday,3,0,1,8,morning,alert,84.91
43.257096,76.971171,2025-11-06T07:51:56+05:00,Thursday,3,0,11,7,morning,animals,43.09
43.259023,76.944798,2026-03-18T10:35:28+05:00,Wednesday,2,0,3,10,morning,human,65.18
43.248344,76.941955,2025-12-05T08:01:16+05:00,Friday,4,0,12,8,morning,human,63.03
43.257429,76.974686,2025-11-23T07:47:51+05:00,Sunday,6,1,11,7,morning,others,48.11
43.282193,76.897194,2026-03-16T12:45:48+05:00,Monday,0,0,3,12,daytime,building_noise,72.8
43.281892,76.889836,2026-01-06T20:42:06+05:00,Tuesday,1,0,1,20,evening,building_noise,65.29
43.34035,76.945664,2026-01-26T17:29:38+05:00,Monday,0,0,1,17,evening,transport,71.41
43.28894,76.893269,2025-11-18T13:36:44+05:00,Tuesday,1,0,11,13,daytime,building_noise,69.49
43.2587,76.967657,2026-02-27T14:56:49+05:00,Friday,4,0,2,14,daytime,animals,45.2
43.34401,76.950947,2026-04-23T18:43:23+05:00,Thursday,3,0,4,18,evening,transport,78.5
43.236225,76.915615,2026-03-24T16:20:33+05:00,Tuesday,1,0,3,16,daytime,transport,57.03
43.238951,76.922796,2026-03-05T13:32:19+05:00,Thursday,3,0,3,13,daytime,transport,74.05
43.250239,76.939744,2025-12-19T21:34:17+05:00,Friday,4,0,12,21,late_evening,human,70.97
43.238878,76.924389,2026-02-01T08:23:51+05:00,Sunday,6,1,2,8,morning,transport,69.85
43.283391,76.897276,2026-03-13T08:41:56+05:00,Friday,4,0,3,8,morning,building_noise,73.95
43.219823,76.90039,2026-04-21T20:21:00+05:00,Tuesday,1,0,4,20,evening,building_noise,49.35
43.273005,76.891195,2026-01-11T08:27:49+05:00,Sunday,6,1,1,8,morning,transport,59.89
43.252996,76.946638,2026-02-04T08:48:38+05:00,Wednesday,2,0,2,8,morning,others,63.4
43.257246,76.973261,2025-12-09T21:48:35+05:00,Tuesday,1,0,12,21,late_evening,animals,40.2
43.248842,76.940532,2026-03-03T17:05:16+05:00,Tuesday,1,0,3,17,evening,human,72.38
43.254097,76.944558,2026-03-17T16:24:15+05:00,Tuesday,1,0,3,16,daytime,human,63.36
43.349104,77.039268,2026-03-29T13:02:22+05:00,Sunday,6,1,3,13,daytime,transport,69.47
43.259347,76.975907,2025-11-01T07:42:31+05:00,Saturday,5,1,11,7,morning,transport,50.95
43.25455,76.945359,2026-05-08T17:19:40+05:00,Friday,4,0,5,17,evening,human,68.39
43.255488,76.962639,2026-02-06T08:29:24+05:00,Friday,4,0,2,8,morning,others,50.23
43.23517,76.97129,2026-02-01T18:10:02+05:00,Sunday,6,1,2,18,evening,human,62.25
43.234622,76.957509,2025-12-08T10:54:03+05:00,Monday,0,0,12,10,morning,building_noise,69.39
43.262405,76.953277,2026-02-24T21:16:07+05:00,Tuesday,1,0,2,21,late_evening,others,45.64
43.2222,76.90238,2025-11-19T05:58:18+05:00,Wednesday,2,0,11,5,night,others,36.96
43.214632,76.929656,2025-11-20T21:25:49+05:00,Thursday,3,0,11,21,late_evening,transport,73.04
43.239871,76.929857,2026-04-04T07:43:40+05:00,Saturday,5,1,4,7,morning,transport,66.29
43.238751,76.956317,2026-01-14T19:29:33+05:00,Wednesday,2,0,1,19,evening,transport,76.37
43.234369,76.919591,2026-02-14T07:11:58+05:00,Saturday,5,1,2,7,morning,transport,62.29
43.224898,76.901737,2026-03-04T14:00:29+05:00,Wednesday,2,0,3,14,daytime,human,63.54
43.277513,76.89664,2026-04-01T19:45:10+05:00,Wednesday,2,0,4,19,evening,building_noise,66.74
43.24796,76.861857,2026-05-02T16:25:12+05:00,Saturday,5,1,5,16,daytime,human,64.3
43.350415,77.036621,2026-03-27T19:57:18+05:00,Friday,4,0,3,19,evening,transport,78.73
43.233292,76.977749,2025-11-16T05:09:52+05:00,Sunday,6,1,11,5,night,others,37.21
43.218859,76.924518,2025-11-07T18:54:15+05:00,Friday,4,0,11,18,evening,transport,81.74
43.231396,76.977189,2025-12-12T13:01:02+05:00,Friday,4,0,12,13,daytime,animals,39.3
43.285418,76.90025,2026-03-25T09:02:50+05:00,Wednesday,2,0,3,9,morning,building_noise,77.47
43.263642,76.960533,2025-11-21T10:52:45+05:00,Friday,4,0,11,10,morning,others,51.71
43.216551,76.928838,2026-05-10T07:01:56+05:00,Sunday,6,1,5,7,morning,transport,70.68
43.246442,76.861474,2026-01-16T18:56:24+05:00,Friday,4,0,1,18,evening,transport,76.89
43.263364,76.926657,2026-01-24T21:10:49+05:00,Saturday,5,1,1,21,late_evening,human,66.9
43.217057,76.926497,2025-12-09T08:46:59+05:00,Tuesday,1,0,12,8,morning,transport,82.12
43.222479,76.903693,2025-11-20T08:45:55+05:00,Thursday,3,0,11,8,morning,others,48.21
43.352394,77.038127,2025-12-07T23:17:39+05:00,Sunday,6,1,12,23,late_evening,alert,75.51
43.239443,76.929182,2026-03-20T09:15:17+05:00,Friday,4,0,3,9,morning,alert,76.03
43.24712,76.940852,2026-03-10T16:18:41+05:00,Tuesday,1,0,3,16,daytime,human,62.06
43.21747,76.904558,2025-12-08T18:00:12+05:00,Monday,0,0,12,18,evening,human,63.9
43.261764,76.825557,2026-03-04T18:29:02+05:00,Wednesday,2,0,3,18,evening,others,56.55
43.254589,76.943592,2025-11-19T19:05:05+05:00,Wednesday,2,0,11,19,evening,human,68.79
43.235346,76.976068,2025-11-19T10:25:20+05:00,Wednesday,2,0,11,10,morning,others,44.92
43.259224,76.974407,2025-12-28T07:40:22+05:00,Sunday,6,1,12,7,morning,animals,37.65
43.263644,76.928944,2026-01-30T15:28:14+05:00,Friday,4,0,1,15,daytime,human,67.01
43.221794,76.898918,2026-03-05T08:21:49+05:00,Thursday,3,0,3,8,morning,others,49.57
43.338046,76.946093,2026-02-21T18:35:20+05:00,Saturday,5,1,2,18,evening,transport,67.4
43.220262,76.896241,2026-04-05T07:57:24+05:00,Sunday,6,1,4,7,morning,others,49.91
43.225811,76.898624,2026-01-09T21:34:38+05:00,Friday,4,0,1,21,late_evening,others,47.56
43.26312,76.954214,2026-03-02T07:54:24+05:00,Monday,0,0,3,7,morning,others,51.7
43.219689,76.930395,2025-12-27T18:36:14+05:00,Saturday,5,1,12,18,evening,transport,75.49
43.268124,76.928149,2026-02-16T14:01:19+05:00,Monday,0,0,2,14,daytime,human,63.27
43.240006,76.923232,2026-03-24T11:43:58+05:00,Tuesday,1,0,3,11,daytime,building_noise,76.29
43.236659,76.921576,2026-04-07T16:31:46+05:00,Tuesday,1,0,4,16,daytime,transport,73.33
43.218211,76.925904,2026-04-09T08:07:04+05:00,Thursday,3,0,4,8,morning,transport,76.74
43.338885,76.948449,2026-03-28T08:49:06+05:00,Saturday,5,1,3,8,morning,building_noise,73.36
43.258143,76.970692,2026-02-06T23:00:45+05:00,Friday,4,0,2,23,late_evening,animals,38.5
43.257049,76.945334,2026-05-02T16:01:59+05:00,Saturday,5,1,5,16,daytime,human,64.24
43.252404,76.943759,2025-11-21T16:26:33+05:00,Friday,4,0,11,16,daytime,human,59.84
43.222055,76.926775,2026-04-08T15:24:54+05:00,Wednesday,2,0,4,15,daytime,others,66.42
43.253456,76.944261,2026-03-04T12:30:41+05:00,Wednesday,2,0,3,12,daytime,human,64.12
43.283698,76.895575,2026-05-08T10:29:42+05:00,Friday,4,0,5,10,morning,building_noise,77.36
43.285198,76.893136,2025-12-07T19:32:37+05:00,Sunday,6,1,12,19,evening,transport,63.47
43.223369,76.895919,2026-04-10T18:35:38+05:00,Friday,4,0,4,18,evening,transport,60.31
43.258774,76.972489,2026-03-13T12:42:50+05:00,Friday,4,0,3,12,daytime,human,52.3
43.219513,76.929064,2026-04-17T17:02:15+05:00,Friday,4,0,4,17,evening,transport,84.58
43.265989,76.928045,2026-04-28T21:37:16+05:00,Tuesday,1,0,4,21,late_evening,others,61.24
43.260453,76.974762,2026-04-30T19:50:25+05:00,Thursday,3,0,4,19,evening,animals,50.73
43.255885,76.947347,2026-03-11T09:51:40+05:00,Wednesday,2,0,3,9,morning,human,63.36
43.261843,76.954327,2025-11-19T08:50:54+05:00,Wednesday,2,0,11,8,morning,others,50.68
43.261337,76.974654,2026-03-09T09:44:39+05:00,Monday,0,0,3,9,morning,animals,35.0
43.262643,76.953957,2025-11-13T20:32:07+05:00,Thursday,3,0,11,20,evening,others,49.27
43.257414,76.945783,2026-01-24T22:25:18+05:00,Saturday,5,1,1,22,late_evening,human,64.73
43.258431,76.973323,2026-04-28T09:13:17+05:00,Tuesday,1,0,4,9,morning,animals,41.61
43.233822,76.913882,2026-02-14T16:35:38+05:00,Saturday,5,1,2,16,daytime,transport,59.44
43.279303,76.891629,2026-05-04T15:13:02+05:00,Monday,0,0,5,15,daytime,building_noise,74.15
43.254377,76.945534,2026-02-08T20:38:05+05:00,Sunday,6,1,2,20,evening,human,64.17
43.264526,76.953751,2025-11-06T10:33:21+05:00,Thursday,3,0,11,10,morning,human,65.65
43.221313,76.931456,2026-01-01T10:05:15+05:00,Thursday,3,0,1,10,morning,transport,73.42
43.239656,76.918462,2025-11-14T18:26:04+05:00,Friday,4,0,11,18,evening,transport,66.65
43.263413,76.953063,2026-01-02T07:40:34+05:00,Friday,4,0,1,7,morning,animals,43.36
43.268883,76.819879,2026-03-13T07:03:28+05:00,Friday,4,0,3,7,morning,human,53.54
43.261296,76.954208,2025-11-02T17:14:47+05:00,Sunday,6,1,11,17,evening,building_noise,73.75
43.255493,76.944144,2026-01-12T06:36:58+05:00,Monday,0,0,1,6,morning,human,55.36
43.26376,76.927192,2026-02-23T13:19:34+05:00,Monday,0,0,2,13,daytime,human,60.31
43.250766,76.860133,2025-12-11T14:04:50+05:00,Thursday,3,0,12,14,daytime,transport,71.14
43.264288,76.92931,2026-03-27T18:39:45+05:00,Friday,4,0,3,18,evening,human,64.34
43.285173,76.890661,2025-12-12T23:54:01+05:00,Friday,4,0,12,23,late_evening,others,57.61
43.348854,77.039777,2026-04-04T08:52:10+05:00,Saturday,5,1,4,8,morning,transport,77.56
43.239728,76.929848,2026-04-14T09:08:25+05:00,Tuesday,1,0,4,9,morning,alert,71.16
43.232908,76.972918,2026-04-20T15:36:31+05:00,Monday,0,0,4,15,daytime,animals,45.73
43.23146,76.973593,2026-01-24T08:03:47+05:00,Saturday,5,1,1,8,morning,others,51.03
43.235101,76.974685,2026-03-04T08:00:52+05:00,Wednesday,2,0,3,8,morning,others,43.86
43.359303,77.043546,2026-02-01T18:58:00+05:00,Sunday,6,1,2,18,evening,transport,73.41
43.239393,76.929328,2025-12-08T11:04:02+05:00,Monday,0,0,12,11,daytime,alert,65.03
43.251965,76.94361,2026-04-05T16:20:23+05:00,Sunday,6,1,4,16,daytime,human,60.38
43.282747,76.898343,2025-12-15T16:38:02+05:00,Monday,0,0,12,16,daytime,building_noise,73.4
43.223093,76.899059,2026-04-26T21:39:11+05:00,Sunday,6,1,4,21,late_evening,others,48.02
43.264083,76.953453,2026-04-20T11:13:38+05:00,Monday,0,0,4,11,daytime,human,51.4
43.232456,76.975739,2026-02-04T07:14:26+05:00,Wednesday,2,0,2,7,morning,others,45.76
43.249016,76.85955,2026-05-08T18:58:54+05:00,Friday,4,0,5,18,evening,alert,88.89
43.258834,76.967715,2026-02-27T15:07:49+05:00,Friday,4,0,2,15,daytime,animals,45.18
43.254014,76.943238,2025-12-31T15:59:45+05:00,Wednesday,2,0,12,15,daytime,human,64.0
43.247838,76.864958,2025-12-12T00:24:20+05:00,Friday,4,0,12,0,night,transport,54.59
43.278111,76.895444,2025-12-25T17:57:24+05:00,Thursday,3,0,12,17,evening,building_noise,75.38
43.247205,76.861293,2026-03-27T22:48:47+05:00,Friday,4,0,3,22,late_evening,transport,69.54
43.257949,76.972195,2026-02-20T09:10:44+05:00,Friday,4,0,2,9,morning,animals,44.62
43.257048,76.966505,2026-05-07T09:51:14+05:00,Thursday,3,0,5,9,morning,others,45.7
43.348275,77.040359,2026-04-28T08:26:52+05:00,Tuesday,1,0,4,8,morning,transport,75.78
43.255382,76.943546,2025-11-11T16:38:43+05:00,Tuesday,1,0,11,16,daytime,others,60.65
43.217192,76.922766,2026-02-17T09:55:23+05:00,Tuesday,1,0,2,9,morning,alert,86.46
43.238348,76.923759,2026-01-20T07:21:27+05:00,Tuesday,1,0,1,7,morning,building_noise,81.71
43.340444,76.946664,2025-11-15T21:02:23+05:00,Saturday,5,1,11,21,late_evening,others,69.03
43.234906,76.975279,2026-01-01T08:30:51+05:00,Thursday,3,0,1,8,morning,others,43.68
43.261276,76.955732,2026-05-08T10:56:21+05:00,Friday,4,0,5,10,morning,human,59.84
43.279787,76.891422,2025-11-18T22:55:20+05:00,Tuesday,1,0,11,22,late_evening,transport,64.56
43.26024,76.968914,2025-11-11T09:53:53+05:00,Tuesday,1,0,11,9,morning,others,46.89
43.233513,76.956947,2026-05-01T15:28:56+05:00,Friday,4,0,5,15,daytime,transport,64.11
43.230765,76.95842,2026-05-02T02:45:12+05:00,Saturday,5,1,5,2,night,human,58.1
43.235326,76.957176,2026-05-04T11:22:42+05:00,Monday,0,0,5,11,daytime,human,61.71
43.339871,76.950308,2025-12-11T18:08:15+05:00,Thursday,3,0,12,18,evening,transport,76.68
43.236403,76.929448,2025-11-12T18:31:03+05:00,Wednesday,2,0,11,18,evening,alert,71.29
43.240883,76.932033,2026-02-26T15:59:04+05:00,Thursday,3,0,2,15,daytime,transport,59.32
43.262361,76.92853,2025-12-12T15:19:18+05:00,Friday,4,0,12,15,daytime,animals,48.03
43.221686,76.900364,2026-05-10T10:09:10+05:00,Sunday,6,1,5,10,morning,human,61.26
43.279143,76.89709,2026-01-01T10:25:06+05:00,Thursday,3,0,1,10,morning,building_noise,74.97
43.286194,76.892526,2026-03-11T16:18:38+05:00,Wednesday,2,0,3,16,daytime,building_noise,68.72
43.284505,76.897589,2026-02-19T09:13:30+05:00,Thursday,3,0,2,9,morning,building_noise,77.44
43.264164,76.953481,2025-11-27T08:04:15+05:00,Thursday,3,0,11,8,morning,others,49.29
43.239093,76.91727,2026-01-06T20:06:17+05:00,Tuesday,1,0,1,20,evening,transport,61.64
43.250631,76.939861,2025-12-08T08:13:01+05:00,Monday,0,0,12,8,morning,others,63.46
43.26855,76.822613,2025-12-05T11:33:30+05:00,Friday,4,0,12,11,daytime,building_noise,59.98
43.219048,76.899557,2026-05-04T07:06:08+05:00,Monday,0,0,5,7,morning,others,49.41
43.342343,76.953229,2026-01-09T08:20:00+05:00,Friday,4,0,1,8,morning,transport,78.05
43.241061,76.922064,2026-04-27T07:05:14+05:00,Monday,0,0,4,7,morning,transport,77.65
43.263366,76.954801,2025-11-27T08:03:31+05:00,Thursday,3,0,11,8,morning,others,50.51
43.238246,76.915113,2025-12-21T15:48:38+05:00,Sunday,6,1,12,15,daytime,transport,60.71
43.277243,76.894857,2026-02-09T12:03:04+05:00,Monday,0,0,2,12,daytime,building_noise,72.12
43.246971,76.860372,2026-02-07T15:02:07+05:00,Saturday,5,1,2,15,daytime,transport,67.68
43.257066,76.943143,2026-01-09T20:18:49+05:00,Friday,4,0,1,20,evening,others,68.2
43.233911,76.957405,2025-11-19T08:14:54+05:00,Wednesday,2,0,11,8,morning,transport,73.63
43.240244,76.928524,2026-04-21T17:06:49+05:00,Tuesday,1,0,4,17,evening,alert,74.24
43.239033,76.930041,2026-01-26T10:08:25+05:00,Monday,0,0,1,10,morning,transport,66.37
43.263226,76.819889,2026-04-16T06:30:30+05:00,Thursday,3,0,4,6,morning,human,44.03
43.256868,76.973524,2026-04-19T12:00:00+05:00,Sunday,6,1,4,12,daytime,human,49.16
43.251761,76.939452,2026-02-14T20:33:45+05:00,Saturday,5,1,2,20,evening,human,69.71
43.247205,76.860832,2026-05-10T17:27:01+05:00,Sunday,6,1,5,17,evening,transport,70.0
43.237514,76.922476,2025-11-09T09:47:53+05:00,Sunday,6,1,11,9,morning,transport,70.19
43.252458,76.944697,2026-04-16T11:47:25+05:00,Thursday,3,0,4,11,daytime,human,59.44
43.261483,76.969216,2025-11-03T18:22:41+05:00,Monday,0,0,11,18,evening,animals,51.19
43.236122,76.977576,2026-02-04T08:11:42+05:00,Wednesday,2,0,2,8,morning,others,43.49
43.234558,76.920827,2025-11-07T11:55:02+05:00,Friday,4,0,11,11,daytime,transport,60.56
43.337199,76.944165,2026-04-28T17:18:22+05:00,Tuesday,1,0,4,17,evening,transport,76.43
43.254057,76.94482,2026-01-27T20:17:10+05:00,Tuesday,1,0,1,20,evening,human,66.24
43.246067,76.938096,2026-04-10T14:18:10+05:00,Friday,4,0,4,14,daytime,human,59.22
43.234575,76.976601,2025-12-13T07:39:01+05:00,Saturday,5,1,12,7,morning,others,41.17
43.237623,76.915237,2026-03-06T10:39:05+05:00,Friday,4,0,3,10,morning,others,53.84
43.235063,76.922238,2026-01-20T17:28:11+05:00,Tuesday,1,0,1,17,evening,transport,79.86
43.258858,76.963279,2025-12-20T16:39:47+05:00,Saturday,5,1,12,16,daytime,human,54.69
43.255796,76.943646,2026-02-09T17:30:52+05:00,Monday,0,0,2,17,evening,human,64.93
43.251852,76.944385,2026-05-06T09:08:34+05:00,Wednesday,2,0,5,9,morning,alert,73.1
43.233851,76.95472,2026-01-19T08:09:08+05:00,Monday,0,0,1,8,morning,transport,75.53
43.224537,76.900633,2026-01-16T22:52:11+05:00,Friday,4,0,1,22,late_evening,transport,50.03
43.265281,76.976778,2026-05-01T22:18:05+05:00,Friday,4,0,5,22,late_evening,animals,38.56
43.235404,76.928998,2025-11-12T22:55:10+05:00,Wednesday,2,0,11,22,late_evening,others,55.61
43.218318,76.928082,2025-12-23T23:30:13+05:00,Tuesday,1,0,12,23,late_evening,transport,67.44
43.261462,76.954091,2026-04-10T14:56:02+05:00,Friday,4,0,4,14,daytime,others,54.52
43.222819,76.900273,2026-05-08T21:19:44+05:00,Friday,4,0,5,21,late_evening,others,41.3
43.256179,76.94329,2025-12-27T22:40:11+05:00,Saturday,5,1,12,22,late_evening,human,71.35
43.236157,76.922853,2025-11-08T18:30:34+05:00,Saturday,5,1,11,18,evening,transport,68.47
43.252058,76.943996,2026-01-03T20:44:38+05:00,Saturday,5,1,1,20,evening,human,72.83
43.342488,76.946443,2026-04-08T07:11:11+05:00,Wednesday,2,0,4,7,morning,transport,75.71
43.240139,76.930748,2026-05-02T18:41:34+05:00,Saturday,5,1,5,18,evening,alert,73.47
43.221995,76.929365,2025-12-23T08:04:10+05:00,Tuesday,1,0,12,8,morning,transport,78.02
43.25924,76.945188,2025-12-30T21:38:05+05:00,Tuesday,1,0,12,21,late_evening,human,68.87
43.247151,76.943055,2025-11-13T17:28:50+05:00,Thursday,3,0,11,17,evening,alert,76.21
43.241943,76.930167,2025-11-10T09:50:26+05:00,Monday,0,0,11,9,morning,alert,73.71
43.355138,77.041712,2025-11-08T18:30:14+05:00,Saturday,5,1,11,18,evening,transport,74.65
43.214505,76.925767,2025-12-13T09:13:01+05:00,Saturday,5,1,12,9,morning,transport,70.8
43.262317,76.968902,2026-03-17T12:22:49+05:00,Tuesday,1,0,3,12,daytime,human,51.55
43.249623,76.941321,2025-11-26T13:14:42+05:00,Wednesday,2,0,11,13,daytime,human,66.26
43.251984,76.944094,2026-04-23T18:10:55+05:00,Thursday,3,0,4,18,evening,human,63.85
43.279912,76.897574,2026-03-24T15:32:44+05:00,Tuesday,1,0,3,15,daytime,building_noise,76.79
43.256638,76.944653,2025-11-20T21:55:06+05:00,Thursday,3,0,11,21,late_evening,human,65.92
43.23494,76.916474,2026-05-06T11:45:44+05:00,Wednesday,2,0,5,11,daytime,transport,52.2
43.258068,76.943216,2026-03-21T21:35:39+05:00,Saturday,5,1,3,21,late_evening,human,70.03
43.261475,76.953118,2026-02-25T16:44:44+05:00,Wednesday,2,0,2,16,daytime,human,63.55
43.247583,76.940601,2025-11-13T19:51:43+05:00,Thursday,3,0,11,19,evening,human,64.54
43.259759,76.967764,2026-01-10T11:30:56+05:00,Saturday,5,1,1,11,daytime,animals,46.78
43.263074,76.944851,2025-12-26T17:56:05+05:00,Friday,4,0,12,17,evening,human,63.78
43.225494,76.899596,2025-12-03T19:25:12+05:00,Wednesday,2,0,12,19,evening,animals,50.76
43.264425,76.955271,2026-02-10T07:22:23+05:00,Tuesday,1,0,2,7,morning,others,52.69
43.264683,76.92562,2026-03-27T20:26:47+05:00,Friday,4,0,3,20,evening,building_noise,63.46
43.247318,76.940038,2025-12-10T11:15:54+05:00,Wednesday,2,0,12,11,daytime,human,61.28
43.237847,76.93096,2026-03-20T20:36:29+05:00,Friday,4,0,3,20,evening,alert,73.26
43.261552,76.953736,2026-04-08T18:11:25+05:00,Wednesday,2,0,4,18,evening,human,66.88
43.219764,76.904969,2026-04-28T08:39:46+05:00,Tuesday,1,0,4,8,morning,others,45.18
43.244892,76.860829,2026-01-15T08:35:38+05:00,Thursday,3,0,1,8,morning,transport,72.51
43.252243,76.943361,2026-02-04T11:18:08+05:00,Wednesday,2,0,2,11,daytime,human,59.4
43.259288,76.955591,2025-11-02T09:26:16+05:00,Sunday,6,1,11,9,morning,human,68.03
43.262517,76.954556,2026-03-24T19:49:09+05:00,Tuesday,1,0,3,19,evening,human,75.38
43.233366,76.95502,2025-12-22T17:25:44+05:00,Monday,0,0,12,17,evening,transport,81.55
43.215282,76.928315,2026-01-28T17:02:27+05:00,Wednesday,2,0,1,17,evening,transport,82.02
43.235634,76.915605,2025-12-19T17:22:18+05:00,Friday,4,0,12,17,evening,transport,70.32
43.250906,76.946912,2026-01-31T20:24:26+05:00,Saturday,5,1,1,20,evening,others,66.57
43.260081,76.972802,2026-01-28T22:19:40+05:00,Wednesday,2,0,1,22,late_evening,animals,40.21
43.239503,76.92244,2025-12-01T17:48:10+05:00,Monday,0,0,12,17,evening,transport,75.59
43.239083,76.916874,2026-04-24T17:49:06+05:00,Friday,4,0,4,17,evening,transport,72.48
43.266696,76.822932,2025-12-09T18:12:09+05:00,Tuesday,1,0,12,18,evening,others,57.95
43.266223,76.826975,2026-02-15T18:00:42+05:00,Sunday,6,1,2,18,evening,human,65.26
43.230932,76.960048,2026-05-10T08:02:04+05:00,Sunday,6,1,5,8,morning,human,69.77
43.232109,76.95621,2026-01-31T23:59:28+05:00,Saturday,5,1,1,23,late_evening,human,78.32
43.258379,76.946334,2026-04-28T08:10:07+05:00,Tuesday,1,0,4,8,morning,building_noise,62.6
43.266046,76.924604,2026-01-25T11:02:37+05:00,Sunday,6,1,1,11,daytime,human,69.06
43.246015,76.938842,2026-01-08T22:26:21+05:00,Thursday,3,0,1,22,late_evening,human,64.66
43.355413,77.041464,2026-04-01T15:58:37+05:00,Wednesday,2,0,4,15,daytime,transport,68.78
43.21734,76.926862,2026-01-06T17:12:49+05:00,Tuesday,1,0,1,17,evening,transport,81.2
43.23879,76.913625,2026-05-01T18:32:42+05:00,Friday,4,0,5,18,evening,transport,67.69
43.286902,76.889305,2026-03-21T08:29:30+05:00,Saturday,5,1,3,8,morning,building_noise,78.75
43.222008,76.927863,2026-05-04T08:06:52+05:00,Monday,0,0,5,8,morning,transport,79.37
43.255894,76.946643,2025-11-28T17:08:13+05:00,Friday,4,0,11,17,evening,human,65.58
43.239997,76.929725,2026-04-14T09:07:25+05:00,Tuesday,1,0,4,9,morning,alert,72.02
43.344705,76.950256,2026-02-16T19:26:06+05:00,Monday,0,0,2,19,evening,transport,77.92
43.236182,76.9791,2025-12-30T06:35:22+05:00,Tuesday,1,0,12,6,morning,others,40.57
43.343153,76.947896,2026-01-28T19:10:53+05:00,Wednesday,2,0,1,19,evening,transport,80.22
43.234383,76.953703,2025-11-27T23:12:31+05:00,Thursday,3,0,11,23,late_evening,human,62.6
43.238604,76.915418,2026-01-07T18:45:27+05:00,Wednesday,2,0,1,18,evening,transport,69.8
43.248792,76.938813,2025-11-19T15:07:20+05:00,Wednesday,2,0,11,15,daytime,human,61.89
43.262678,76.954604,2025-12-12T17:38:40+05:00,Friday,4,0,12,17,evening,human,70.75
43.256734,76.971888,2026-01-18T21:29:23+05:00,Sunday,6,1,1,21,late_evening,animals,40.02
43.238781,76.91804,2026-04-07T16:02:24+05:00,Tuesday,1,0,4,16,daytime,transport,67.69
43.257574,76.945019,2026-03-01T17:55:02+05:00,Sunday,6,1,3,17,evening,others,65.96
43.219503,76.929682,2025-12-29T19:32:41+05:00,Monday,0,0,12,19,evening,transport,81.02
43.217109,76.929479,2026-01-28T07:54:54+05:00,Wednesday,2,0,1,7,morning,transport,77.46
43.353806,77.040129,2025-12-28T18:21:02+05:00,Sunday,6,1,12,18,evening,building_noise,77.39
43.260266,76.966516,2026-02-28T16:42:47+05:00,Saturday,5,1,2,16,daytime,human,60.56
43.26616,76.927331,2025-12-18T20:12:53+05:00,Thursday,3,0,12,20,evening,human,63.14
43.236676,76.92114,2025-12-17T07:34:26+05:00,Wednesday,2,0,12,7,morning,transport,76.99
43.236189,76.931333,2025-12-24T20:28:11+05:00,Wednesday,2,0,12,20,evening,alert,72.42
43.285646,76.894536,2026-01-23T09:44:25+05:00,Friday,4,0,1,9,morning,building_noise,73.27
43.279889,76.890223,2026-04-08T17:04:08+05:00,Wednesday,2,0,4,17,evening,building_noise,76.03
43.256283,76.970558,2025-12-05T12:16:17+05:00,Friday,4,0,12,12,daytime,human,57.42
43.28465,76.896307,2026-01-31T14:38:18+05:00,Saturday,5,1,1,14,daytime,building_noise,82.28
43.237264,76.929115,2026-05-05T10:01:33+05:00,Tuesday,1,0,5,10,morning,alert,72.58
43.238039,76.92019,2026-01-03T00:25:15+05:00,Saturday,5,1,1,0,night,transport,54.79
43.223268,76.904966,2026-03-26T17:41:04+05:00,Thursday,3,0,3,17,evening,human,54.85
43.253355,76.858678,2026-02-05T18:09:39+05:00,Thursday,3,0,2,18,evening,transport,77.31
43.254904,76.942723,2026-01-19T18:34:18+05:00,Monday,0,0,1,18,evening,others,69.69
43.262004,76.953884,2026-02-08T14:30:52+05:00,Sunday,6,1,2,14,daytime,human,60.78
43.251319,76.941826,2026-03-24T00:25:51+05:00,Tuesday,1,0,3,0,night,human,53.26
43.267285,76.820232,2026-01-19T12:10:54+05:00,Monday,0,0,1,12,daytime,human,57.8
43.219438,76.931335,2026-03-01T20:39:01+05:00,Sunday,6,1,3,20,evening,transport,70.65
43.247097,76.857596,2025-11-18T01:26:27+05:00,Tuesday,1,0,11,1,night,transport,55.12
43.262072,76.966763,2026-04-07T18:30:45+05:00,Tuesday,1,0,4,18,evening,human,62.07
43.282036,76.893804,2026-05-05T17:39:18+05:00,Tuesday,1,0,5,17,evening,building_noise,77.27
43.252003,76.944201,2026-02-09T10:33:52+05:00,Monday,0,0,2,10,morning,human,63.64
43.216064,76.925684,2026-01-24T10:50:11+05:00,Saturday,5,1,1,10,morning,alert,74.6
43.261899,76.952707,2026-02-07T20:21:25+05:00,Saturday,5,1,2,20,evening,others,48.25
43.269219,76.824624,2025-12-24T21:21:29+05:00,Wednesday,2,0,12,21,late_evening,human,54.23
43.257024,76.973099,2026-04-27T08:47:40+05:00,Monday,0,0,4,8,morning,animals,42.86
43.248955,76.940501,2026-02-21T23:03:34+05:00,Saturday,5,1,2,23,late_evening,others,70.24
43.235268,76.914817,2025-12-21T08:03:51+05:00,Sunday,6,1,12,8,morning,transport,59.24
43.256303,76.949079,2026-02-15T11:48:17+05:00,Sunday,6,1,2,11,daytime,human,61.83
43.24903,76.940089,2025-12-05T06:42:43+05:00,Friday,4,0,12,6,morning,human,54.21
43.236453,76.91802,2025-12-05T07:56:40+05:00,Friday,4,0,12,7,morning,transport,84.24
43.263057,76.928276,2025-11-23T14:34:40+05:00,Sunday,6,1,11,14,daytime,human,67.33
43.236068,76.924415,2025-11-10T06:17:37+05:00,Monday,0,0,11,6,morning,building_noise,63.48
43.248412,76.863805,2026-02-05T10:37:21+05:00,Thursday,3,0,2,10,morning,alert,76.03
43.263161,76.952321,2026-01-01T21:18:35+05:00,Thursday,3,0,1,21,late_evening,others,52.12
43.251673,76.9465,2026-05-06T01:51:55+05:00,Wednesday,2,0,5,1,night,human,53.5
43.255751,76.947363,2026-04-14T18:48:28+05:00,Tuesday,1,0,4,18,evening,others,63.91
43.240465,76.924414,2026-02-15T10:02:18+05:00,Sunday,6,1,2,10,morning,transport,67.43
43.261684,76.822287,2026-01-05T18:46:50+05:00,Monday,0,0,1,18,evening,human,61.52
43.264365,76.821891,2026-03-15T17:28:41+05:00,Sunday,6,1,3,17,evening,human,56.43
43.285996,76.897554,2026-04-25T12:13:43+05:00,Saturday,5,1,4,12,daytime,building_noise,72.53
43.353524,77.041451,2026-03-17T09:59:14+05:00,Tuesday,1,0,3,9,morning,transport,78.89
43.218115,76.897956,2026-04-26T14:56:33+05:00,Sunday,6,1,4,14,daytime,human,57.5
43.235896,76.924422,2026-01-25T09:27:56+05:00,Sunday,6,1,1,9,morning,transport,70.04
43.238336,76.929237,2025-11-26T17:20:00+05:00,Wednesday,2,0,11,17,evening,alert,74.03
43.225296,76.901207,2026-01-01T09:30:59+05:00,Thursday,3,0,1,9,morning,others,49.02
43.236285,76.91557,2025-12-02T16:06:56+05:00,Tuesday,1,0,12,16,daytime,transport,63.69
43.2499,76.939593,2026-03-15T10:54:14+05:00,Sunday,6,1,3,10,morning,human,67.4
43.247483,76.857012,2026-04-26T18:31:52+05:00,Sunday,6,1,4,18,evening,transport,73.73
43.239803,76.927819,2026-03-10T08:00:47+05:00,Tuesday,1,0,3,8,morning,alert,74.68
43.247563,76.86572,2026-03-19T08:39:26+05:00,Thursday,3,0,3,8,morning,transport,75.32
43.23502,76.923555,2026-04-18T11:27:41+05:00,Saturday,5,1,4,11,daytime,transport,69.89
43.238052,76.930236,2026-01-30T11:39:22+05:00,Friday,4,0,1,11,daytime,alert,71.3
43.264669,76.969221,2026-02-21T16:54:12+05:00,Saturday,5,1,2,16,daytime,others,62.18
43.260095,76.96738,2026-02-12T06:47:41+05:00,Thursday,3,0,2,6,morning,others,35.81
43.24922,76.942041,2026-03-27T02:57:16+05:00,Friday,4,0,3,2,night,human,59.65
43.235777,76.957274,2025-12-12T21:07:12+05:00,Friday,4,0,12,21,late_evening,animals,54.64
43.243609,76.941877,2025-11-18T23:30:14+05:00,Tuesday,1,0,11,23,late_evening,human,68.05
43.218398,76.927355,2026-03-17T08:00:15+05:00,Tuesday,1,0,3,8,morning,transport,81.38
43.236769,76.915919,2026-01-22T18:43:11+05:00,Thursday,3,0,1,18,evening,transport,66.02
43.254475,76.941879,2026-03-16T12:07:26+05:00,Monday,0,0,3,12,daytime,animals,51.71
43.217556,76.923499,2026-04-23T17:52:14+05:00,Thursday,3,0,4,17,evening,transport,79.61
43.237667,76.914737,2025-12-23T14:52:52+05:00,Tuesday,1,0,12,14,daytime,alert,67.37
43.238411,76.931148,2026-03-05T17:38:25+05:00,Thursday,3,0,3,17,evening,alert,75.47
43.237276,76.91925,2026-02-02T08:49:11+05:00,Monday,0,0,2,8,morning,transport,67.07
43.266507,76.967259,2025-11-23T23:41:48+05:00,Sunday,6,1,11,23,late_evening,others,46.98
43.355874,77.030282,2026-02-26T10:30:04+05:00,Thursday,3,0,2,10,morning,transport,65.65
43.231587,76.977541,2025-12-12T13:08:02+05:00,Friday,4,0,12,13,daytime,animals,41.21
43.261797,76.964247,2026-03-10T17:51:41+05:00,Tuesday,1,0,3,17,evening,human,57.15
43.243347,76.862127,2026-02-08T19:54:48+05:00,Sunday,6,1,2,19,evening,transport,73.79
43.263474,76.9681,2026-01-08T11:48:57+05:00,Thursday,3,0,1,11,daytime,others,47.61
43.237926,76.931948,2026-03-28T22:09:01+05:00,Saturday,5,1,3,22,late_evening,alert,63.29
43.221864,76.900953,2026-04-17T07:35:35+05:00,Friday,4,0,4,7,morning,others,46.25
43.259581,76.972011,2025-12-07T21:14:46+05:00,Sunday,6,1,12,21,late_evening,animals,38.19
43.219183,76.928427,2026-03-27T19:26:02+05:00,Friday,4,0,3,19,evening,transport,82.36
43.239105,76.932747,2025-12-13T06:43:23+05:00,Saturday,5,1,12,6,morning,transport,62.26
43.259994,76.968992,2026-04-06T22:41:52+05:00,Monday,0,0,4,22,late_evening,building_noise,50.07
43.350643,77.041583,2025-11-16T16:11:02+05:00,Sunday,6,1,11,16,daytime,transport,70.52
43.26457,76.929636,2026-04-01T18:19:24+05:00,Wednesday,2,0,4,18,evening,human,67.57
43.238703,76.929834,2026-03-31T21:53:18+05:00,Tuesday,1,0,3,21,late_evening,alert,71.16
43.237942,76.929072,2025-11-18T07:55:55+05:00,Tuesday,1,0,11,7,morning,alert,76.12
43.263524,76.955951,2025-11-06T07:45:01+05:00,Thursday,3,0,11,7,morning,others,53.56
43.239315,76.924188,2025-12-27T16:33:09+05:00,Saturday,5,1,12,16,daytime,transport,69.34
43.237723,76.912726,2025-11-10T19:05:53+05:00,Monday,0,0,11,19,evening,others,68.0
43.238303,76.914613,2026-03-29T17:34:51+05:00,Sunday,6,1,3,17,evening,transport,64.42
43.237818,76.928747,2025-11-04T17:43:19+05:00,Tuesday,1,0,11,17,evening,alert,78.99
43.279743,76.897406,2025-11-27T20:15:56+05:00,Thursday,3,0,11,20,evening,transport,64.58
43.263901,76.928152,2026-05-10T10:22:18+05:00,Sunday,6,1,5,10,morning,human,62.85
43.235728,76.959411,2026-02-22T20:16:14+05:00,Sunday,6,1,2,20,evening,human,68.03
43.263895,76.81626,2026-01-30T21:10:59+05:00,Friday,4,0,1,21,late_evening,others,62.28
43.245458,76.858883,2026-02-11T19:22:15+05:00,Wednesday,2,0,2,19,evening,transport,74.61
43.236344,76.917517,2026-04-06T10:21:54+05:00,Monday,0,0,4,10,morning,transport,60.45
43.234434,76.957565,2025-11-21T10:44:38+05:00,Friday,4,0,11,10,morning,human,67.66
43.234869,76.954386,2026-03-28T22:25:06+05:00,Saturday,5,1,3,22,late_evening,human,66.92
43.23508,76.957343,2026-04-19T17:05:19+05:00,Sunday,6,1,4,17,evening,human,68.38
43.265364,76.95314,2025-11-13T09:25:06+05:00,Thursday,3,0,11,9,morning,human,66.75
43.260709,76.973247,2026-01-25T17:03:23+05:00,Sunday,6,1,1,17,evening,human,62.42
43.235349,76.920185,2026-03-24T17:59:24+05:00,Tuesday,1,0,3,17,evening,transport,69.78
43.248508,76.945579,2026-05-03T13:38:13+05:00,Sunday,6,1,5,13,daytime,human,64.96
43.248251,76.859909,2026-05-03T20:38:58+05:00,Sunday,6,1,5,20,evening,transport,67.99
43.341886,76.945254,2026-04-20T04:30:32+05:00,Monday,0,0,4,4,night,transport,52.36
43.237601,76.926823,2026-01-10T16:42:39+05:00,Saturday,5,1,1,16,daytime,alert,68.61
43.258944,76.946252,2026-01-18T20:58:25+05:00,Sunday,6,1,1,20,evening,human,66.17
43.281147,76.888737,2026-04-27T19:25:50+05:00,Monday,0,0,4,19,evening,others,66.34
43.236463,76.976434,2026-01-26T07:42:05+05:00,Monday,0,0,1,7,morning,others,46.04
43.250432,76.943001,2025-12-12T18:32:03+05:00,Friday,4,0,12,18,evening,building_noise,69.46
43.237943,76.919427,2025-11-04T08:14:21+05:00,Tuesday,1,0,11,8,morning,transport,71.97
43.236539,76.957014,2026-05-05T17:52:25+05:00,Tuesday,1,0,5,17,evening,others,75.38
43.247167,76.942557,2026-04-11T17:30:35+05:00,Saturday,5,1,4,17,evening,human,63.69
43.244296,76.863146,2026-05-03T15:29:43+05:00,Sunday,6,1,5,15,daytime,transport,68.09
43.237578,76.956758,2026-01-12T00:06:54+05:00,Monday,0,0,1,0,night,human,56.27
43.264567,76.818813,2026-02-14T16:12:59+05:00,Saturday,5,1,2,16,daytime,human,55.2
43.256897,76.970925,2026-02-15T19:23:47+05:00,Sunday,6,1,2,19,evening,human,60.56
43.260635,76.816426,2026-05-02T09:12:34+05:00,Saturday,5,1,5,9,morning,human,59.44
43.264226,76.927974,2026-03-22T13:07:45+05:00,Sunday,6,1,3,13,daytime,human,67.52
43.259687,76.974354,2025-12-19T07:19:17+05:00,Friday,4,0,12,7,morning,others,46.59
43.356983,77.044564,2026-02-18T21:43:27+05:00,Wednesday,2,0,2,21,late_evening,others,62.34
43.23937,76.928847,2025-12-08T11:00:02+05:00,Monday,0,0,12,11,daytime,alert,66.16
43.266986,76.823312,2025-12-26T12:46:00+05:00,Friday,4,0,12,12,daytime,transport,60.63
43.284819,76.892442,2026-03-31T09:22:40+05:00,Tuesday,1,0,3,9,morning,building_noise,79.48
43.277713,76.892231,2026-01-26T20:19:14+05:00,Monday,0,0,1,20,evening,transport,59.41
43.235364,76.918318,2026-01-13T17:11:18+05:00,Tuesday,1,0,1,17,evening,transport,71.74
43.258433,76.945047,2026-04-18T09:40:16+05:00,Saturday,5,1,4,9,morning,human,60.09
43.26018,76.970739,2025-11-23T16:43:11+05:00,Sunday,6,1,11,16,daytime,human,56.94
43.357075,77.033824,2026-05-04T17:07:04+05:00,Monday,0,0,5,17,evening,transport,73.7
43.234331,76.975423,2025-11-28T21:28:23+05:00,Friday,4,0,11,21,late_evening,others,42.23
43.261395,76.955393,2025-11-26T18:30:59+05:00,Wednesday,2,0,11,18,evening,building_noise,74.82
43.258947,76.971278,2026-02-18T08:44:59+05:00,Wednesday,2,0,2,8,morning,others,43.35
43.280152,76.892496,2025-12-26T12:35:09+05:00,Friday,4,0,12,12,daytime,building_noise,69.15
43.219485,76.929266,2025-12-22T07:15:26+05:00,Monday,0,0,12,7,morning,transport,81.57
43.259177,76.965479,2025-11-29T20:35:32+05:00,Saturday,5,1,11,20,evening,others,47.36
43.259695,76.975475,2025-11-29T20:44:34+05:00,Saturday,5,1,11,20,evening,animals,35.07
43.259165,76.972568,2026-04-08T10:25:06+05:00,Wednesday,2,0,4,10,morning,human,51.51
43.259814,76.969138,2026-02-25T08:44:20+05:00,Wednesday,2,0,2,8,morning,others,41.02
43.234223,76.915482,2026-03-15T07:43:13+05:00,Sunday,6,1,3,7,morning,others,57.13
43.253827,76.946416,2025-12-07T17:00:56+05:00,Sunday,6,1,12,17,evening,human,64.85
43.245063,76.858001,2026-04-13T18:01:53+05:00,Monday,0,0,4,18,evening,building_noise,77.09
43.254451,76.94301,2026-02-20T16:54:13+05:00,Friday,4,0,2,16,daytime,human,62.73
43.213497,76.928637,2025-11-03T13:12:58+05:00,Monday,0,0,11,13,daytime,transport,73.18
43.241001,76.924403,2025-12-29T05:49:22+05:00,Monday,0,0,12,5,night,transport,55.91
43.263287,76.926666,2026-01-31T18:50:38+05:00,Saturday,5,1,1,18,evening,human,64.51
43.238807,76.92332,2026-01-19T19:05:21+05:00,Monday,0,0,1,19,evening,transport,81.98
43.259537,76.94511,2026-04-09T08:14:39+05:00,Thursday,3,0,4,8,morning,human,68.19
43.241239,76.931468,2026-02-18T08:20:37+05:00,Wednesday,2,0,2,8,morning,animals,50.43
43.354885,77.04483,2026-03-06T16:11:27+05:00,Friday,4,0,3,16,daytime,transport,67.63
43.234106,76.914416,2026-01-28T07:45:21+05:00,Wednesday,2,0,1,7,morning,transport,64.11
43.238552,76.92944,2026-03-17T08:45:37+05:00,Tuesday,1,0,3,8,morning,transport,64.94
43.236461,76.957555,2026-02-12T09:24:20+05:00,Thursday,3,0,2,9,morning,transport,76.59
43.346608,77.038072,2025-12-23T08:17:20+05:00,Tuesday,1,0,12,8,morning,transport,79.25
43.257098,76.973737,2026-01-08T21:38:52+05:00,Thursday,3,0,1,21,late_evening,animals,35.52
43.223828,76.901797,2025-11-23T20:08:20+05:00,Sunday,6,1,11,20,evening,others,41.85
43.238392,76.922356,2025-11-03T18:06:13+05:00,Monday,0,0,11,18,evening,transport,75.05
43.236074,76.95775,2025-11-21T20:23:33+05:00,Friday,4,0,11,20,evening,human,69.99
43.249062,76.942011,2026-03-05T23:19:11+05:00,Thursday,3,0,3,23,late_evening,human,67.49
43.239312,76.928943,2026-01-22T18:53:30+05:00,Thursday,3,0,1,18,evening,alert,70.93
43.25854,76.965803,2026-03-09T08:21:59+05:00,Monday,0,0,3,8,morning,human,51.7
43.241689,76.929793,2025-12-21T09:06:48+05:00,Sunday,6,1,12,9,morning,alert,72.59
43.24225,76.915078,2026-05-09T08:51:19+05:00,Saturday,5,1,5,8,morning,transport,61.93
43.239266,76.935532,2025-11-27T09:13:48+05:00,Thursday,3,0,11,9,morning,alert,78.25
43.34017,76.949666,2026-04-21T08:15:26+05:00,Tuesday,1,0,4,8,morning,transport,76.1
43.2658,76.926392,2026-01-20T17:01:33+05:00,Tuesday,1,0,1,17,evening,human,67.15
43.259242,76.972455,2025-12-07T21:20:46+05:00,Sunday,6,1,12,21,late_evening,animals,35.89
43.264729,76.956725,2025-11-12T23:24:37+05:00,Wednesday,2,0,11,23,late_evening,others,48.3
43.234689,76.956872,2026-02-14T19:04:27+05:00,Saturday,5,1,2,19,evening,human,59.99
43.247652,76.937354,2026-01-30T00:05:38+05:00,Friday,4,0,1,0,night,alert,73.65
43.260678,76.973665,2026-02-14T02:25:18+05:00,Saturday,5,1,2,2,night,animals,35.35
43.241377,76.861205,2025-12-03T20:06:28+05:00,Wednesday,2,0,12,20,evening,transport,74.31
43.218864,76.929104,2026-01-18T18:10:20+05:00,Sunday,6,1,1,18,evening,transport,71.85
43.281197,76.890769,2026-01-12T10:58:07+05:00,Monday,0,0,1,10,morning,building_noise,73.17
43.220132,76.928758,2026-01-30T08:39:35+05:00,Friday,4,0,1,8,morning,transport,82.7
43.241547,76.929954,2025-11-10T09:52:26+05:00,Monday,0,0,11,9,morning,alert,72.43
43.217159,76.927724,2026-01-06T18:30:15+05:00,Tuesday,1,0,1,18,evening,transport,80.19
43.242967,76.860365,2025-11-23T21:57:23+05:00,Sunday,6,1,11,21,late_evening,transport,69.1
43.252885,76.94172,2026-01-06T00:52:32+05:00,Tuesday,1,0,1,0,night,transport,56.11
43.234782,76.976016,2026-03-16T18:30:32+05:00,Monday,0,0,3,18,evening,human,58.07
43.258161,76.970865,2026-03-01T17:57:13+05:00,Sunday,6,1,3,17,evening,animals,55.48
43.230661,76.979471,2026-01-30T07:22:10+05:00,Friday,4,0,1,7,morning,others,46.76
43.281494,76.899132,2026-05-02T11:56:58+05:00,Saturday,5,1,5,11,daytime,building_noise,72.1
43.284614,76.892893,2026-03-26T08:36:21+05:00,Thursday,3,0,3,8,morning,building_noise,78.15
43.245036,76.863308,2026-03-08T14:29:32+05:00,Sunday,6,1,3,14,daytime,transport,64.93
43.257443,76.972055,2026-03-04T20:43:28+05:00,Wednesday,2,0,3,20,evening,animals,35.93
43.262362,76.954069,2025-12-11T06:18:42+05:00,Thursday,3,0,12,6,morning,others,45.84
43.247852,76.942894,2026-03-09T06:08:06+05:00,Monday,0,0,3,6,morning,human,58.85
43.240295,76.933329,2025-11-01T18:04:14+05:00,Saturday,5,1,11,18,evening,alert,76.58
43.238749,76.923287,2026-04-17T09:34:41+05:00,Friday,4,0,4,9,morning,transport,85.42
43.217465,76.929793,2026-05-07T22:04:43+05:00,Thursday,3,0,5,22,late_evening,transport,69.33
43.263349,76.92844,2025-12-16T12:59:36+05:00,Tuesday,1,0,12,12,daytime,human,60.72
43.241888,76.859422,2026-05-09T23:42:44+05:00,Saturday,5,1,5,23,late_evening,human,66.18
43.261575,76.956454,2025-12-15T10:05:25+05:00,Monday,0,0,12,10,morning,human,53.45
43.225051,76.900505,2026-02-19T09:54:39+05:00,Thursday,3,0,2,9,morning,transport,53.45
43.21857,76.902844,2026-03-09T09:24:26+05:00,Monday,0,0,3,9,morning,others,50.47
43.26015,76.956005,2026-02-19T07:27:46+05:00,Thursday,3,0,2,7,morning,others,50.77
43.284178,76.894347,2025-11-22T18:08:46+05:00,Saturday,5,1,11,18,evening,building_noise,73.66
43.258976,76.975587,2026-05-02T10:05:11+05:00,Saturday,5,1,5,10,morning,animals,48.39
43.239585,76.920889,2026-04-11T11:05:33+05:00,Saturday,5,1,4,11,daytime,transport,72.79
43.260719,76.974851,2025-11-29T20:34:34+05:00,Saturday,5,1,11,20,evening,animals,35.18
43.235344,76.91306,2025-12-22T18:05:17+05:00,Monday,0,0,12,18,evening,transport,69.18
43.223318,76.928745,2025-11-25T21:35:25+05:00,Tuesday,1,0,11,21,late_evening,transport,70.9
43.281756,76.89893,2026-05-02T11:51:58+05:00,Saturday,5,1,5,11,daytime,building_noise,71.95
43.238064,76.92981,2026-02-13T07:02:37+05:00,Friday,4,0,2,7,morning,transport,61.55
43.218285,76.929235,2025-12-31T08:16:16+05:00,Wednesday,2,0,12,8,morning,transport,81.19
43.249879,76.937898,2025-11-10T22:16:06+05:00,Monday,0,0,11,22,late_evening,human,73.09
43.260989,76.952564,2026-03-13T12:25:54+05:00,Friday,4,0,3,12,daytime,building_noise,70.34
43.341831,76.945429,2026-01-25T14:32:29+05:00,Sunday,6,1,1,14,daytime,transport,67.59
43.233017,76.956295,2026-04-04T16:52:58+05:00,Saturday,5,1,4,16,daytime,human,63.26
43.246506,76.867357,2026-04-23T09:09:27+05:00,Thursday,3,0,4,9,morning,transport,80.33
43.236932,76.957331,2025-11-13T11:50:35+05:00,Thursday,3,0,11,11,daytime,others,60.76
43.280146,76.894975,2025-11-17T10:04:06+05:00,Monday,0,0,11,10,morning,building_noise,74.24
43.254851,76.943134,2026-04-06T21:32:48+05:00,Monday,0,0,4,21,late_evening,human,64.14
43.225962,76.899381,2026-03-31T14:25:56+05:00,Tuesday,1,0,3,14,daytime,human,53.18
43.235435,76.956502,2025-11-30T21:39:45+05:00,Sunday,6,1,11,21,late_evening,human,64.22
43.280164,76.896258,2026-02-26T20:21:40+05:00,Thursday,3,0,2,20,evening,building_noise,63.99
43.25039,76.941666,2026-05-09T22:15:46+05:00,Saturday,5,1,5,22,late_evening,transport,74.88
43.258383,76.945534,2026-05-09T18:18:14+05:00,Saturday,5,1,5,18,evening,human,67.34
43.233382,76.953902,2025-11-07T09:38:32+05:00,Friday,4,0,11,9,morning,transport,74.98
43.218278,76.929993,2026-05-10T09:02:28+05:00,Sunday,6,1,5,9,morning,transport,73.44
43.268974,76.821811,2026-03-04T02:51:39+05:00,Wednesday,2,0,3,2,night,human,37.09
43.2336,76.976073,2026-02-03T10:52:01+05:00,Tuesday,1,0,2,10,morning,others,48.22
43.250237,76.945359,2026-02-10T22:33:56+05:00,Tuesday,1,0,2,22,late_evening,human,63.16
43.237475,76.92066,2026-03-23T09:56:56+05:00,Monday,0,0,3,9,morning,transport,77.34
43.238097,76.91851,2026-05-09T07:29:33+05:00,Saturday,5,1,5,7,morning,transport,61.94
43.238511,76.923447,2025-12-22T08:58:30+05:00,Monday,0,0,12,8,morning,alert,84.38
43.284694,76.897202,2025-12-08T12:10:05+05:00,Monday,0,0,12,12,daytime,building_noise,71.76
43.279808,76.893473,2025-11-28T20:58:52+05:00,Friday,4,0,11,20,evening,transport,58.49
43.265204,76.927094,2025-11-01T17:29:30+05:00,Saturday,5,1,11,17,evening,human,71.17
43.281507,76.89311,2026-01-17T21:36:27+05:00,Saturday,5,1,1,21,late_evening,transport,60.33
43.259574,76.944436,2026-04-18T20:01:10+05:00,Saturday,5,1,4,20,evening,human,68.81
43.238047,76.922031,2026-03-24T21:48:47+05:00,Tuesday,1,0,3,21,late_evening,transport,69.57
43.258121,76.944486,2026-03-13T22:18:17+05:00,Friday,4,0,3,22,late_evening,human,68.36
43.250342,76.940341,2026-01-08T20:08:02+05:00,Thursday,3,0,1,20,evening,human,68.67
43.220823,76.900416,2026-01-04T12:26:17+05:00,Sunday,6,1,1,12,daytime,human,54.25
43.258917,76.973566,2025-12-20T18:31:03+05:00,Saturday,5,1,12,18,evening,animals,46.32
43.253634,76.944623,2026-02-16T07:45:33+05:00,Monday,0,0,2,7,morning,human,64.02
43.239967,76.9213,2025-12-13T21:14:41+05:00,Saturday,5,1,12,21,late_evening,transport,72.23
43.287693,76.893672,2025-11-09T15:41:05+05:00,Sunday,6,1,11,15,daytime,transport,65.39
43.261031,76.965948,2026-02-27T07:41:10+05:00,Friday,4,0,2,7,morning,human,46.76
43.238928,76.956236,2026-02-27T17:52:04+05:00,Friday,4,0,2,17,evening,transport,74.97
43.237551,76.956914,2026-04-02T19:28:05+05:00,Thursday,3,0,4,19,evening,transport,74.65
43.246343,76.85962,2026-02-19T19:27:50+05:00,Thursday,3,0,2,19,evening,transport,81.77
43.261695,76.954767,2025-11-11T15:13:37+05:00,Tuesday,1,0,11,15,daytime,human,64.69
43.245106,76.860716,2025-12-18T19:14:09+05:00,Thursday,3,0,12,19,evening,transport,74.89
43.261574,76.953694,2026-02-19T18:57:20+05:00,Thursday,3,0,2,18,evening,human,66.72
43.263719,76.82158,2026-03-31T14:57:32+05:00,Tuesday,1,0,3,14,daytime,others,49.59
43.219444,76.933857,2026-03-07T11:58:13+05:00,Saturday,5,1,3,11,daytime,transport,65.37
43.2795,76.891274,2026-04-15T09:05:10+05:00,Wednesday,2,0,4,9,morning,building_noise,77.88
43.240248,76.922142,2026-02-04T17:38:25+05:00,Wednesday,2,0,2,17,evening,transport,76.33
43.337238,76.949971,2026-04-03T20:12:20+05:00,Friday,4,0,4,20,evening,transport,70.1
43.255756,76.972312,2025-12-13T22:25:29+05:00,Saturday,5,1,12,22,late_evening,animals,40.67
43.250072,76.941165,2025-11-21T18:46:03+05:00,Friday,4,0,11,18,evening,human,71.09
43.263402,76.964234,2025-11-04T16:12:51+05:00,Tuesday,1,0,11,16,daytime,human,56.15
43.280969,76.891328,2026-03-30T14:31:59+05:00,Monday,0,0,3,14,daytime,building_noise,68.86
43.256038,76.944649,2026-04-13T08:41:59+05:00,Monday,0,0,4,8,morning,human,64.38
43.265013,76.819812,2026-01-10T18:41:46+05:00,Saturday,5,1,1,18,evening,human,70.72
43.262583,76.952683,2026-01-04T19:29:29+05:00,Sunday,6,1,1,19,evening,transport,74.28
43.262191,76.953454,2025-11-17T15:41:26+05:00,Monday,0,0,11,15,daytime,human,48.14
43.278171,76.897117,2026-03-17T11:52:54+05:00,Tuesday,1,0,3,11,daytime,building_noise,75.22
43.246547,76.940775,2026-04-23T06:08:59+05:00,Thursday,3,0,4,6,morning,transport,62.92
43.256212,76.972892,2026-01-29T23:55:36+05:00,Thursday,3,0,1,23,late_evening,animals,37.77
43.217971,76.929175,2026-02-22T08:36:14+05:00,Sunday,6,1,2,8,morning,transport,75.1
43.250667,76.942998,2025-11-27T08:47:02+05:00,Thursday,3,0,11,8,morning,transport,70.36
43.262666,76.954324,2026-01-29T08:14:15+05:00,Thursday,3,0,1,8,morning,others,52.33
43.243214,76.860468,2026-03-26T07:52:57+05:00,Thursday,3,0,3,7,morning,alert,79.73
43.236721,76.91692,2026-02-27T13:00:59+05:00,Friday,4,0,2,13,daytime,transport,51.29
43.239469,76.928069,2026-02-16T14:01:05+05:00,Monday,0,0,2,14,daytime,alert,67.1
43.252184,76.941828,2025-12-31T18:19:50+05:00,Wednesday,2,0,12,18,evening,building_noise,70.29
43.263406,76.951802,2025-11-09T17:31:22+05:00,Sunday,6,1,11,17,evening,human,69.07
43.355235,77.038966,2026-02-18T19:58:24+05:00,Wednesday,2,0,2,19,evening,transport,76.93
43.23614,76.930742,2025-11-28T18:37:26+05:00,Friday,4,0,11,18,evening,alert,78.91
43.284313,76.893436,2025-11-22T18:11:46+05:00,Saturday,5,1,11,18,evening,building_noise,74.46
43.258652,76.94602,2025-12-01T17:33:51+05:00,Monday,0,0,12,17,evening,human,64.7
43.250687,76.943205,2025-12-12T18:22:03+05:00,Friday,4,0,12,18,evening,building_noise,70.23
43.282487,76.891272,2026-02-06T16:30:04+05:00,Friday,4,0,2,16,daytime,building_noise,76.32
43.239018,76.929393,2025-11-01T11:37:57+05:00,Saturday,5,1,11,11,daytime,alert,67.0
43.263535,76.824175,2026-02-25T22:01:12+05:00,Wednesday,2,0,2,22,late_evening,human,62.49
43.283271,76.899187,2026-04-08T09:35:14+05:00,Wednesday,2,0,4,9,morning,building_noise,76.52
43.257916,76.946308,2025-11-06T08:43:06+05:00,Thursday,3,0,11,8,morning,human,61.52
43.249145,76.939654,2026-04-30T02:20:09+05:00,Thursday,3,0,4,2,night,others,53.7
43.262221,76.928984,2026-02-03T23:17:37+05:00,Tuesday,1,0,2,23,late_evening,others,56.98
43.237881,76.930016,2026-03-30T23:14:39+05:00,Monday,0,0,3,23,late_evening,alert,72.55
43.238048,76.924608,2025-12-17T09:45:14+05:00,Wednesday,2,0,12,9,morning,transport,81.18
43.251398,76.945174,2026-03-15T19:22:16+05:00,Sunday,6,1,3,19,evening,human,66.66
43.261952,76.954424,2026-02-22T18:28:35+05:00,Sunday,6,1,2,18,evening,human,70.74
43.233807,76.97608,2026-03-09T23:59:33+05:00,Monday,0,0,3,23,late_evening,others,36.62
43.344467,77.040032,2026-03-06T02:31:02+05:00,Friday,4,0,3,2,night,transport,52.71
43.238027,76.925698,2026-04-27T16:37:40+05:00,Monday,0,0,4,16,daytime,transport,68.62
43.256416,76.948723,2025-11-26T14:10:28+05:00,Wednesday,2,0,11,14,daytime,human,59.14
43.220213,76.901567,2026-03-26T21:31:25+05:00,Thursday,3,0,3,21,late_evening,others,48.58
43.258926,76.943737,2026-03-06T15:54:24+05:00,Friday,4,0,3,15,daytime,human,58.52
43.24906,76.940837,2025-12-30T17:53:51+05:00,Tuesday,1,0,12,17,evening,human,67.17
43.349964,77.039392,2026-04-27T12:10:05+05:00,Monday,0,0,4,12,daytime,alert,74.08
43.349845,77.033737,2025-11-23T17:27:24+05:00,Sunday,6,1,11,17,evening,transport,72.54
43.22216,76.901248,2026-01-21T08:32:05+05:00,Wednesday,2,0,1,8,morning,animals,44.64
43.238294,76.932031,2026-03-28T22:16:01+05:00,Saturday,5,1,3,22,late_evening,alert,62.07
43.263839,76.823069,2026-03-10T07:13:21+05:00,Tuesday,1,0,3,7,morning,building_noise,57.32
43.234245,76.974051,2025-12-17T19:21:37+05:00,Wednesday,2,0,12,19,evening,others,54.36
43.344588,77.044733,2026-05-03T17:40:07+05:00,Sunday,6,1,5,17,evening,transport,76.03
43.23787,76.915704,2025-11-14T07:40:11+05:00,Friday,4,0,11,7,morning,transport,70.14
43.245679,76.863852,2026-04-13T19:41:26+05:00,Monday,0,0,4,19,evening,transport,78.21
43.237214,76.917358,2026-01-21T18:13:53+05:00,Wednesday,2,0,1,18,evening,transport,68.27
43.284472,76.897347,2026-02-19T09:12:30+05:00,Thursday,3,0,2,9,morning,building_noise,79.01
43.237802,76.917336,2025-12-18T15:38:06+05:00,Thursday,3,0,12,15,daytime,transport,61.97
43.241216,76.930189,2026-01-28T12:20:53+05:00,Wednesday,2,0,1,12,daytime,transport,65.11
43.237092,76.923231,2026-04-05T19:28:55+05:00,Sunday,6,1,4,19,evening,transport,71.75
43.247303,76.861203,2026-02-23T18:23:04+05:00,Monday,0,0,2,18,evening,transport,75.85
43.283975,76.893163,2026-05-09T09:37:09+05:00,Saturday,5,1,5,9,morning,transport,74.9
43.238342,76.915005,2026-03-02T13:14:09+05:00,Monday,0,0,3,13,daytime,transport,56.01
43.342191,76.942167,2026-01-07T09:33:22+05:00,Wednesday,2,0,1,9,morning,transport,74.0
43.25758,76.944779,2026-01-07T13:40:05+05:00,Wednesday,2,0,1,13,daytime,human,63.58
43.281922,76.897258,2026-05-07T14:24:53+05:00,Thursday,3,0,5,14,daytime,building_noise,76.27
43.279762,76.891834,2026-04-15T09:09:10+05:00,Wednesday,2,0,4,9,morning,building_noise,78.24
43.251809,76.936324,2026-01-31T22:15:15+05:00,Saturday,5,1,1,22,late_evening,human,69.61
43.237714,76.93095,2025-11-06T16:15:28+05:00,Thursday,3,0,11,16,daytime,transport,63.1
43.256811,76.945186,2026-02-10T19:44:58+05:00,Tuesday,1,0,2,19,evening,human,70.01
43.259521,76.966425,2026-04-21T10:18:58+05:00,Tuesday,1,0,4,10,morning,animals,43.22
43.216688,76.933825,2026-03-09T08:07:06+05:00,Monday,0,0,3,8,morning,transport,79.93
43.26257,76.954927,2026-01-17T10:07:06+05:00,Saturday,5,1,1,10,morning,human,62.45
43.263234,76.92701,2026-03-17T08:53:36+05:00,Tuesday,1,0,3,8,morning,human,68.43
43.262728,76.820931,2025-12-03T21:14:33+05:00,Wednesday,2,0,12,21,late_evening,human,60.09
43.217366,76.926996,2026-03-22T13:31:36+05:00,Sunday,6,1,3,13,daytime,transport,65.23
43.238487,76.929853,2025-12-03T22:51:35+05:00,Wednesday,2,0,12,22,late_evening,alert,71.5
43.263238,76.957243,2026-02-06T09:32:10+05:00,Friday,4,0,2,9,morning,alert,79.4
43.226723,76.900573,2025-11-24T23:44:09+05:00,Monday,0,0,11,23,late_evening,others,42.6
43.248763,76.939475,2026-04-09T08:26:34+05:00,Thursday,3,0,4,8,morning,human,67.99
43.238283,76.928832,2026-02-23T09:59:02+05:00,Monday,0,0,2,9,morning,alert,74.72
43.257999,76.94278,2026-03-12T13:46:51+05:00,Thursday,3,0,3,13,daytime,human,64.74
43.236183,76.952604,2026-04-04T13:54:23+05:00,Saturday,5,1,4,13,daytime,human,62.68
43.217465,76.929092,2026-04-18T21:30:07+05:00,Saturday,5,1,4,21,late_evening,transport,67.77
43.225597,76.898736,2026-01-09T21:24:38+05:00,Friday,4,0,1,21,late_evening,others,46.67
43.256585,76.973455,2026-03-24T12:16:53+05:00,Tuesday,1,0,3,12,daytime,human,51.23
43.236354,76.929002,2025-11-27T08:04:34+05:00,Thursday,3,0,11,8,morning,alert,71.84
43.256179,76.976162,2026-04-24T00:09:13+05:00,Friday,4,0,4,0,night,animals,35.0
43.238927,76.972931,2025-11-12T19:47:02+05:00,Wednesday,2,0,11,19,evening,human,57.96
43.235719,76.957722,2025-12-12T21:10:12+05:00,Friday,4,0,12,21,late_evening,animals,53.43
43.237212,76.921759,2026-03-29T13:44:59+05:00,Sunday,6,1,3,13,daytime,transport,64.72
43.253873,76.943797,2026-04-23T19:41:48+05:00,Thursday,3,0,4,19,evening,human,68.82
43.251659,76.857544,2026-03-27T17:51:48+05:00,Friday,4,0,3,17,evening,transport,79.25
43.263073,76.954835,2026-02-21T17:07:39+05:00,Saturday,5,1,2,17,evening,others,65.24
43.262052,76.928186,2026-02-03T23:08:37+05:00,Tuesday,1,0,2,23,late_evening,others,55.97
43.256074,76.969222,2026-01-03T16:02:07+05:00,Saturday,5,1,1,16,daytime,human,54.36
43.257882,76.974694,2025-11-01T13:18:41+05:00,Saturday,5,1,11,13,daytime,human,60.18
43.28182,76.895034,2025-12-08T16:44:48+05:00,Monday,0,0,12,16,daytime,building_noise,83.99
43.258223,76.94586,2026-01-09T14:35:01+05:00,Friday,4,0,1,14,daytime,others,56.54
43.240533,76.923045,2026-03-07T07:02:02+05:00,Saturday,5,1,3,7,morning,transport,73.48
43.240762,76.922128,2025-12-04T20:31:23+05:00,Thursday,3,0,12,20,evening,transport,68.92
43.252951,76.943206,2025-12-28T02:49:47+05:00,Sunday,6,1,12,2,night,alert,62.56
43.261342,76.822179,2025-11-17T19:20:37+05:00,Monday,0,0,11,19,evening,human,64.65
43.22213,76.900855,2026-04-17T07:24:35+05:00,Friday,4,0,4,7,morning,others,48.21
43.2596,76.973804,2026-03-27T13:28:46+05:00,Friday,4,0,3,13,daytime,human,55.1
43.233933,76.979272,2025-11-28T22:22:15+05:00,Friday,4,0,11,22,late_evening,transport,50.1
43.235857,76.920407,2026-05-05T08:57:25+05:00,Tuesday,1,0,5,8,morning,transport,82.32
43.225376,76.900146,2026-02-18T15:29:48+05:00,Wednesday,2,0,2,15,daytime,human,54.76
43.239882,76.924067,2026-03-04T17:17:15+05:00,Wednesday,2,0,3,17,evening,transport,81.12
43.246418,76.942597,2025-12-11T17:17:43+05:00,Thursday,3,0,12,17,evening,human,69.6
43.284186,76.889606,2026-01-16T17:12:33+05:00,Friday,4,0,1,17,evening,building_noise,77.33
43.281299,76.896085,2026-02-06T09:44:14+05:00,Friday,4,0,2,9,morning,building_noise,74.46
43.344077,76.946446,2025-11-18T09:40:14+05:00,Tuesday,1,0,11,9,morning,transport,77.87
43.238417,76.916244,2025-11-27T07:49:35+05:00,Thursday,3,0,11,7,morning,transport,61.56
43.261433,76.968946,2025-11-03T18:33:41+05:00,Monday,0,0,11,18,evening,animals,51.4
43.235229,76.95534,2026-04-13T10:12:22+05:00,Monday,0,0,4,10,morning,human,60.64
43.240286,76.917282,2026-03-09T14:12:00+05:00,Monday,0,0,3,14,daytime,transport,49.85
43.22222,76.902612,2026-01-07T22:57:21+05:00,Wednesday,2,0,1,22,late_evening,animals,35.0
43.216257,76.923406,2026-01-22T08:24:31+05:00,Thursday,3,0,1,8,morning,transport,85.85
43.256114,76.969075,2025-11-26T12:27:19+05:00,Wednesday,2,0,11,12,daytime,human,59.56
43.257214,76.974281,2025-11-27T08:07:11+05:00,Thursday,3,0,11,8,morning,animals,41.02
43.222673,76.903407,2026-03-18T11:55:38+05:00,Wednesday,2,0,3,11,daytime,transport,49.03
43.252668,76.945318,2026-02-03T21:47:03+05:00,Tuesday,1,0,2,21,late_evening,human,67.56
43.350584,77.04239,2026-02-19T07:10:01+05:00,Thursday,3,0,2,7,morning,transport,74.8
43.219766,76.934294,2025-11-01T08:47:47+05:00,Saturday,5,1,11,8,morning,transport,66.67
43.223252,76.901338,2026-05-08T21:39:57+05:00,Friday,4,0,5,21,late_evening,others,43.22
43.265274,76.822542,2026-01-22T05:06:36+05:00,Thursday,3,0,1,5,night,human,36.3
43.249517,76.942619,2026-04-20T17:58:50+05:00,Monday,0,0,4,17,evening,human,66.56
43.239006,76.932317,2026-03-31T08:48:36+05:00,Tuesday,1,0,3,8,morning,alert,72.2
43.221786,76.899819,2025-12-14T08:47:13+05:00,Sunday,6,1,12,8,morning,others,45.75
43.254088,76.946066,2026-01-31T22:22:39+05:00,Saturday,5,1,1,22,late_evening,human,78.86
43.239318,76.916209,2025-12-30T09:19:37+05:00,Tuesday,1,0,12,9,morning,others,66.18
43.252747,76.944309,2026-04-21T08:04:48+05:00,Tuesday,1,0,4,8,morning,human,64.48
43.221659,76.925372,2026-05-08T22:06:28+05:00,Friday,4,0,5,22,late_evening,transport,71.53
43.266183,76.92576,2025-11-11T19:36:40+05:00,Tuesday,1,0,11,19,evening,human,64.88
43.278056,76.894318,2026-04-06T16:22:53+05:00,Monday,0,0,4,16,daytime,building_noise,74.13
43.247939,76.941733,2026-03-21T23:24:41+05:00,Saturday,5,1,3,23,late_evening,human,72.39
43.259832,76.978455,2025-12-12T07:15:30+05:00,Friday,4,0,12,7,morning,others,47.36
43.348273,76.949825,2026-02-18T16:11:25+05:00,Wednesday,2,0,2,16,daytime,transport,71.01
43.265316,76.81947,2026-03-01T08:38:21+05:00,Sunday,6,1,3,8,morning,human,59.89
43.247392,76.943881,2026-04-22T15:10:41+05:00,Wednesday,2,0,4,15,daytime,human,65.28
43.222693,76.903569,2025-11-14T07:39:42+05:00,Friday,4,0,11,7,morning,building_noise,52.06
43.254228,76.94756,2026-02-21T22:56:27+05:00,Saturday,5,1,2,22,late_evening,human,68.27
43.237488,76.930707,2026-04-24T18:50:13+05:00,Friday,4,0,4,18,evening,alert,72.95
43.263434,76.955853,2025-11-28T20:22:49+05:00,Friday,4,0,11,20,evening,others,49.96
43.219371,76.902537,2025-12-05T18:30:14+05:00,Friday,4,0,12,18,evening,human,62.05
43.249109,76.859377,2026-05-08T19:11:54+05:00,Friday,4,0,5,19,evening,alert,87.55
43.249646,76.939161,2025-12-24T20:24:36+05:00,Wednesday,2,0,12,20,evening,alert,79.23
43.234231,76.957796,2025-12-08T10:50:03+05:00,Monday,0,0,12,10,morning,building_noise,69.28
43.242135,76.92929,2026-04-28T20:04:27+05:00,Tuesday,1,0,4,20,evening,alert,65.15
43.244791,76.861467,2026-03-10T18:12:29+05:00,Tuesday,1,0,3,18,evening,transport,83.08
43.236728,76.929954,2026-03-27T18:07:17+05:00,Friday,4,0,3,18,evening,alert,70.03
43.256644,76.972969,2026-04-11T16:54:35+05:00,Saturday,5,1,4,16,daytime,human,53.18
43.246912,76.86252,2026-04-06T16:36:49+05:00,Monday,0,0,4,16,daytime,transport,65.27
43.263013,76.952641,2026-04-30T09:53:53+05:00,Thursday,3,0,4,9,morning,human,70.92
43.21872,76.928257,2026-02-09T18:25:50+05:00,Monday,0,0,2,18,evening,transport,79.5
43.254053,76.943969,2026-04-01T17:28:48+05:00,Wednesday,2,0,4,17,evening,others,64.27
43.262731,76.955268,2025-11-08T14:07:53+05:00,Saturday,5,1,11,14,daytime,human,68.22
43.278923,76.896819,2026-04-24T08:35:04+05:00,Friday,4,0,4,8,morning,building_noise,79.09
43.280725,76.902686,2026-04-08T15:33:46+05:00,Wednesday,2,0,4,15,daytime,building_noise,77.95
43.27841,76.892298,2026-03-13T19:13:55+05:00,Friday,4,0,3,19,evening,others,61.22
43.261648,76.953456,2025-12-11T08:48:16+05:00,Thursday,3,0,12,8,morning,others,48.08
43.258055,76.968932,2026-01-21T22:29:13+05:00,Wednesday,2,0,1,22,late_evening,others,49.3
43.283313,76.893532,2026-04-20T17:20:10+05:00,Monday,0,0,4,17,evening,building_noise,76.99
43.247954,76.860501,2026-01-29T17:15:56+05:00,Thursday,3,0,1,17,evening,alert,83.47
43.263705,76.970339,2026-04-04T12:18:38+05:00,Saturday,5,1,4,12,daytime,human,55.66
43.236617,76.956611,2026-03-17T22:29:03+05:00,Tuesday,1,0,3,22,late_evening,human,70.71
43.261654,76.954338,2026-02-23T20:48:59+05:00,Monday,0,0,2,20,evening,others,46.6
43.232617,76.975093,2025-11-27T16:52:55+05:00,Thursday,3,0,11,16,daytime,animals,41.97
43.264516,76.929105,2025-12-24T06:31:26+05:00,Wednesday,2,0,12,6,morning,others,49.6
43.240057,76.929715,2026-01-24T08:14:34+05:00,Saturday,5,1,1,8,morning,alert,76.46
43.237347,76.917902,2026-04-09T21:22:58+05:00,Thursday,3,0,4,21,late_evening,transport,54.4
43.240262,76.93313,2025-11-01T18:14:14+05:00,Saturday,5,1,11,18,evening,alert,77.75
43.238038,76.917682,2026-01-12T08:42:55+05:00,Monday,0,0,1,8,morning,others,64.89
43.237316,76.921933,2025-11-02T15:12:20+05:00,Sunday,6,1,11,15,daytime,transport,64.9
43.234534,76.956259,2026-04-20T18:50:11+05:00,Monday,0,0,4,18,evening,transport,78.01
43.338713,76.954997,2025-11-02T08:08:12+05:00,Sunday,6,1,11,8,morning,transport,68.88
43.232918,76.9577,2026-01-19T18:15:23+05:00,Monday,0,0,1,18,evening,transport,77.96
43.260278,76.973673,2026-02-14T02:12:18+05:00,Saturday,5,1,2,2,night,animals,35.0
43.341313,76.951451,2026-02-20T20:33:36+05:00,Friday,4,0,2,20,evening,transport,72.71
43.234806,76.924657,2025-12-23T03:20:19+05:00,Tuesday,1,0,12,3,night,transport,57.73
43.222825,76.927353,2025-11-25T21:25:10+05:00,Tuesday,1,0,11,21,late_evening,transport,69.01
43.238593,76.929337,2026-01-22T18:50:30+05:00,Thursday,3,0,1,18,evening,alert,70.57
43.288348,76.890981,2025-12-04T09:13:46+05:00,Thursday,3,0,12,9,morning,building_noise,74.49
43.257058,76.975507,2026-01-25T22:04:11+05:00,Sunday,6,1,1,22,late_evening,animals,39.13
43.262559,76.927815,2025-12-09T08:40:42+05:00,Tuesday,1,0,12,8,morning,human,63.48
43.259917,76.967644,2026-02-17T13:40:46+05:00,Tuesday,1,0,2,13,daytime,animals,47.05
43.23324,76.973437,2026-04-02T08:59:37+05:00,Thursday,3,0,4,8,morning,others,48.48
43.224623,76.900608,2025-12-16T09:54:36+05:00,Tuesday,1,0,12,9,morning,animals,45.34
43.263218,76.95711,2026-03-09T07:23:01+05:00,Monday,0,0,3,7,morning,alert,60.6
43.259344,76.974572,2026-01-16T13:20:27+05:00,Friday,4,0,1,13,daytime,human,51.85
43.280218,76.889147,2026-02-09T14:01:07+05:00,Monday,0,0,2,14,daytime,building_noise,73.97
43.260526,76.97271,2025-11-08T14:10:19+05:00,Saturday,5,1,11,14,daytime,animals,50.75
43.244918,76.943216,2026-04-30T17:31:35+05:00,Thursday,3,0,4,17,evening,human,70.23
43.220571,76.9291,2026-03-13T22:44:27+05:00,Friday,4,0,3,22,late_evening,building_noise,71.99
43.248196,76.940849,2026-03-20T17:14:27+05:00,Friday,4,0,3,17,evening,human,63.49
43.25813,76.970477,2026-01-19T16:55:12+05:00,Monday,0,0,1,16,daytime,human,50.8
43.263085,76.974197,2026-04-05T19:23:46+05:00,Sunday,6,1,4,19,evening,animals,51.03
43.257818,76.964673,2026-04-24T08:02:10+05:00,Friday,4,0,4,8,morning,others,51.45
43.257965,76.972215,2026-04-27T08:59:40+05:00,Monday,0,0,4,8,morning,animals,43.12
43.261045,76.95354,2026-03-11T13:00:10+05:00,Wednesday,2,0,3,13,daytime,human,63.22
43.259531,76.946199,2026-04-26T08:19:41+05:00,Sunday,6,1,4,8,morning,human,69.02
43.258126,76.974608,2026-04-07T20:18:15+05:00,Tuesday,1,0,4,20,evening,animals,40.12
43.352062,77.043164,2026-02-01T11:52:10+05:00,Sunday,6,1,2,11,daytime,transport,71.36
43.222248,76.898625,2025-12-05T09:36:35+05:00,Friday,4,0,12,9,morning,others,48.68
43.262532,76.952887,2026-01-21T22:06:02+05:00,Wednesday,2,0,1,22,late_evening,transport,51.93
43.240576,76.929802,2026-04-03T11:40:23+05:00,Friday,4,0,4,11,daytime,transport,65.31
43.23714,76.930723,2025-11-12T20:01:00+05:00,Wednesday,2,0,11,20,evening,alert,74.16
43.238049,76.915021,2026-03-19T09:04:47+05:00,Thursday,3,0,3,9,morning,transport,72.97
43.253149,76.863247,2026-03-01T19:57:12+05:00,Sunday,6,1,3,19,evening,transport,71.6
43.217922,76.92685,2025-11-05T07:52:58+05:00,Wednesday,2,0,11,7,morning,transport,81.98
43.266944,76.820924,2026-02-11T15:47:04+05:00,Wednesday,2,0,2,15,daytime,human,56.04
43.241338,76.921426,2026-01-11T12:32:17+05:00,Sunday,6,1,1,12,daytime,transport,66.04
43.220115,76.930355,2025-12-13T21:28:16+05:00,Saturday,5,1,12,21,late_evening,transport,74.33
43.241608,76.922036,2026-02-13T10:17:22+05:00,Friday,4,0,2,10,morning,transport,68.71
43.234863,76.915917,2025-11-19T10:03:11+05:00,Wednesday,2,0,11,10,morning,transport,56.78
43.263127,76.95536,2026-03-09T20:52:51+05:00,Monday,0,0,3,20,evening,others,50.13
43.235429,76.95661,2025-11-11T13:04:18+05:00,Tuesday,1,0,11,13,daytime,human,64.53
43.233801,76.977524,2026-02-23T16:39:17+05:00,Monday,0,0,2,16,daytime,building_noise,56.93
43.248307,76.941464,2025-11-15T10:14:58+05:00,Saturday,5,1,11,10,morning,human,58.33
43.240361,76.932759,2026-03-19T13:04:20+05:00,Thursday,3,0,3,13,daytime,transport,58.48
43.237402,76.92966,2026-05-05T09:53:33+05:00,Tuesday,1,0,5,9,morning,alert,73.27
43.25097,76.94396,2025-11-04T17:55:12+05:00,Tuesday,1,0,11,17,evening,human,71.61
43.238345,76.922023,2025-12-23T12:35:20+05:00,Tuesday,1,0,12,12,daytime,transport,73.26
43.256552,76.972203,2026-01-18T21:26:23+05:00,Sunday,6,1,1,21,late_evening,animals,40.6
43.250475,76.939875,2025-11-25T21:31:01+05:00,Tuesday,1,0,11,21,late_evening,transport,67.8
43.250709,76.94198,2026-03-28T12:52:35+05:00,Saturday,5,1,3,12,daytime,human,63.02
43.280288,76.889299,2025-12-23T13:59:41+05:00,Tuesday,1,0,12,13,daytime,building_noise,74.0
43.283063,76.89253,2026-04-03T12:38:05+05:00,Friday,4,0,4,12,daytime,building_noise,68.06
43.238778,76.92477,2025-12-09T08:13:09+05:00,Tuesday,1,0,12,8,morning,transport,76.54
43.267026,76.925928,2026-01-24T10:04:32+05:00,Saturday,5,1,1,10,morning,others,64.7
43.237501,76.923075,2025-11-07T21:13:48+05:00,Friday,4,0,11,21,late_evening,transport,68.87
43.219427,76.926762,2025-11-27T15:54:32+05:00,Thursday,3,0,11,15,daytime,transport,71.88
43.258996,76.967256,2026-02-27T14:52:49+05:00,Friday,4,0,2,14,daytime,animals,45.07
43.217368,76.929577,2026-02-14T18:11:28+05:00,Saturday,5,1,2,18,evening,transport,74.75
43.281095,76.9019,2026-04-08T15:52:46+05:00,Wednesday,2,0,4,15,daytime,building_noise,78.6
43.248364,76.939779,2025-12-15T19:08:54+05:00,Monday,0,0,12,19,evening,human,66.58
43.238049,76.920964,2026-04-09T01:11:34+05:00,Thursday,3,0,4,1,night,transport,59.03
43.353053,77.038333,2025-12-26T15:38:26+05:00,Friday,4,0,12,15,daytime,alert,75.58
43.340097,76.952682,2026-03-28T17:33:36+05:00,Saturday,5,1,3,17,evening,transport,68.56
43.260057,76.946204,2026-01-09T20:47:28+05:00,Friday,4,0,1,20,evening,human,67.52
43.26426,76.954068,2026-05-08T08:22:25+05:00,Friday,4,0,5,8,morning,others,52.72
43.249021,76.938768,2026-01-04T11:32:57+05:00,Sunday,6,1,1,11,daytime,human,58.99
43.265342,76.822016,2026-01-27T23:36:51+05:00,Tuesday,1,0,1,23,late_evening,human,56.26
43.216431,76.93074,2025-12-21T17:36:15+05:00,Sunday,6,1,12,17,evening,transport,73.16
43.248553,76.859186,2026-01-01T17:05:46+05:00,Thursday,3,0,1,17,evening,transport,76.23
43.256733,76.945443,2025-11-13T19:52:58+05:00,Thursday,3,0,11,19,evening,human,65.92
43.283877,76.898962,2025-11-07T09:19:58+05:00,Friday,4,0,11,9,morning,building_noise,76.38
43.279679,76.898578,2026-03-30T10:05:50+05:00,Monday,0,0,3,10,morning,building_noise,65.58
43.247805,76.939016,2026-05-02T17:18:51+05:00,Saturday,5,1,5,17,evening,human,68.15
43.236754,76.929625,2026-01-03T16:37:20+05:00,Saturday,5,1,1,16,daytime,alert,72.35
43.216304,76.929208,2025-11-08T11:17:06+05:00,Saturday,5,1,11,11,daytime,transport,66.11
43.2638,76.953285,2026-01-02T07:35:34+05:00,Friday,4,0,1,7,morning,animals,43.03
43.261356,76.95556,2026-03-06T18:28:11+05:00,Friday,4,0,3,18,evening,human,70.65
43.2786,76.89492,2026-03-10T11:12:02+05:00,Tuesday,1,0,3,11,daytime,building_noise,72.37
43.267568,76.930166,2026-02-06T11:16:14+05:00,Friday,4,0,2,11,daytime,human,56.96
43.220305,76.899457,2026-05-10T08:56:22+05:00,Sunday,6,1,5,8,morning,others,50.51
43.238854,76.929156,2026-01-22T19:04:30+05:00,Thursday,3,0,1,19,evening,alert,70.58
43.237764,76.918779,2026-03-29T06:02:16+05:00,Sunday,6,1,3,6,morning,transport,56.08
43.33922,76.946093,2026-03-14T08:57:37+05:00,Saturday,5,1,3,8,morning,transport,73.38
43.261806,76.820241,2025-11-26T19:58:16+05:00,Wednesday,2,0,11,19,evening,others,60.49
43.257887,76.964615,2026-04-24T08:05:10+05:00,Friday,4,0,4,8,morning,others,49.98
43.259631,76.973492,2025-11-08T17:23:44+05:00,Saturday,5,1,11,17,evening,others,54.42
43.263432,76.925092,2026-03-28T15:31:03+05:00,Saturday,5,1,3,15,daytime,human,68.91
43.247778,76.860121,2026-01-29T17:18:56+05:00,Thursday,3,0,1,17,evening,alert,83.81
43.261346,76.967771,2025-12-22T20:57:54+05:00,Monday,0,0,12,20,evening,others,47.02
43.260105,76.966509,2025-12-18T03:33:57+05:00,Thursday,3,0,12,3,night,others,35.0
43.221023,76.930259,2026-05-06T21:26:47+05:00,Wednesday,2,0,5,21,late_evening,transport,72.94
43.235685,76.978638,2026-02-08T18:56:46+05:00,Sunday,6,1,2,18,evening,human,63.65
43.27967,76.893418,2025-11-15T10:42:58+05:00,Saturday,5,1,11,10,morning,building_noise,74.62
43.221276,76.901622,2025-11-22T07:40:32+05:00,Saturday,5,1,11,7,morning,others,49.19
43.255767,76.94499,2026-05-10T23:03:56+05:00,Sunday,6,1,5,23,late_evening,human,67.37
43.257853,76.946892,2025-11-15T21:58:13+05:00,Saturday,5,1,11,21,late_evening,building_noise,75.96
43.258305,76.969655,2025-12-08T18:23:27+05:00,Monday,0,0,12,18,evening,human,62.55
43.353153,77.038035,2025-12-26T15:40:26+05:00,Friday,4,0,12,15,daytime,alert,75.42
43.21831,76.930468,2025-11-24T09:14:32+05:00,Monday,0,0,11,9,morning,transport,80.92
43.259583,76.953278,2026-03-06T23:01:33+05:00,Friday,4,0,3,23,late_evening,others,48.0
43.27832,76.893642,2025-11-26T18:27:52+05:00,Wednesday,2,0,11,18,evening,building_noise,75.2
43.231669,76.973902,2025-12-14T12:39:57+05:00,Sunday,6,1,12,12,daytime,human,52.67
43.225598,76.899219,2026-02-10T22:43:37+05:00,Tuesday,1,0,2,22,late_evening,others,46.14
43.221903,76.900453,2025-11-27T17:18:10+05:00,Thursday,3,0,11,17,evening,human,57.63
43.257892,76.967866,2026-05-08T18:29:11+05:00,Friday,4,0,5,18,evening,human,60.91
43.265016,76.928582,2026-01-12T09:40:32+05:00,Monday,0,0,1,9,morning,human,65.19
43.23558,76.920171,2026-04-08T16:03:50+05:00,Wednesday,2,0,4,16,daytime,building_noise,68.44
43.282745,76.899107,2026-04-08T09:40:14+05:00,Wednesday,2,0,4,9,morning,building_noise,76.66
43.258788,76.943125,2026-03-24T08:31:42+05:00,Tuesday,1,0,3,8,morning,human,64.21
43.240636,76.926343,2026-04-19T08:02:39+05:00,Sunday,6,1,4,8,morning,transport,71.38
43.260884,76.971281,2026-04-01T18:47:11+05:00,Wednesday,2,0,4,18,evening,human,61.75
43.23685,76.959044,2025-12-09T15:46:21+05:00,Tuesday,1,0,12,15,daytime,human,62.42
43.257834,76.968957,2026-01-21T22:18:13+05:00,Wednesday,2,0,1,22,late_evening,others,49.37
43.286377,76.891138,2026-02-13T17:54:55+05:00,Friday,4,0,2,17,evening,building_noise,76.94
43.233206,76.958663,2025-11-16T15:38:05+05:00,Sunday,6,1,11,15,daytime,human,64.91
43.219553,76.930843,2026-03-02T17:02:52+05:00,Monday,0,0,3,17,evening,transport,82.6
43.252001,76.941694,2026-03-11T20:57:34+05:00,Wednesday,2,0,3,20,evening,human,67.08
43.238984,76.956512,2025-11-07T17:53:41+05:00,Friday,4,0,11,17,evening,transport,80.31
43.257563,76.97051,2026-03-01T17:51:13+05:00,Sunday,6,1,3,17,evening,animals,53.36
43.239992,76.918591,2026-04-18T16:03:39+05:00,Saturday,5,1,4,16,daytime,others,57.83
43.25347,76.944066,2026-03-01T18:39:57+05:00,Sunday,6,1,3,18,evening,human,65.84
43.220098,76.903271,2025-11-18T07:42:40+05:00,Tuesday,1,0,11,7,morning,others,47.75
43.23525,76.917335,2025-12-11T17:14:23+05:00,Thursday,3,0,12,17,evening,transport,65.45
43.215928,76.930152,2026-01-30T18:02:01+05:00,Friday,4,0,1,18,evening,transport,83.62
43.262851,76.954418,2026-02-26T08:04:32+05:00,Thursday,3,0,2,8,morning,others,53.78
43.285263,76.896841,2025-12-20T18:59:29+05:00,Saturday,5,1,12,18,evening,building_noise,81.57
43.340939,76.950742,2025-12-14T08:03:43+05:00,Sunday,6,1,12,8,morning,others,66.4
43.262231,76.953319,2026-04-30T23:40:44+05:00,Thursday,3,0,4,23,late_evening,others,51.64
43.223186,76.90559,2026-03-11T07:08:01+05:00,Wednesday,2,0,3,7,morning,others,48.02
43.350187,77.039537,2026-04-27T12:22:05+05:00,Monday,0,0,4,12,daytime,alert,72.02
43.277363,76.897686,2026-02-14T08:49:23+05:00,Saturday,5,1,2,8,morning,building_noise,80.06
43.235899,76.95691,2026-04-23T22:21:39+05:00,Thursday,3,0,4,22,late_evening,human,67.87
43.280594,76.888156,2025-11-13T19:22:59+05:00,Thursday,3,0,11,19,evening,transport,62.19
43.259151,76.96944,2026-02-28T10:41:19+05:00,Saturday,5,1,2,10,morning,human,61.73
43.260232,76.975264,2026-04-20T19:58:06+05:00,Monday,0,0,4,19,evening,human,53.82
43.23575,76.912875,2026-02-12T03:46:26+05:00,Thursday,3,0,2,3,night,others,35.0
43.280735,76.894102,2025-11-14T20:46:32+05:00,Friday,4,0,11,20,evening,transport,63.56
43.237593,76.917686,2026-02-07T17:10:24+05:00,Saturday,5,1,2,17,evening,transport,69.13
43.263066,76.824444,2025-12-29T16:08:56+05:00,Monday,0,0,12,16,daytime,human,57.34
43.334174,76.944605,2026-04-03T13:44:12+05:00,Friday,4,0,4,13,daytime,alert,72.95
43.257899,76.972853,2026-02-20T09:05:44+05:00,Friday,4,0,2,9,morning,animals,42.59
43.252911,76.946214,2026-01-04T14:12:05+05:00,Sunday,6,1,1,14,daytime,human,63.84
43.337109,76.95149,2025-12-24T20:42:43+05:00,Wednesday,2,0,12,20,evening,alert,81.3
43.239004,76.96118,2026-04-19T06:34:59+05:00,Sunday,6,1,4,6,morning,alert,65.88
43.257192,76.972518,2025-12-07T19:00:18+05:00,Sunday,6,1,12,19,evening,human,60.52
43.256853,76.974847,2026-02-15T07:40:45+05:00,Sunday,6,1,2,7,morning,animals,38.23
43.286257,76.894927,2026-02-22T05:13:41+05:00,Sunday,6,1,2,5,night,transport,47.92
43.236725,76.913769,2025-12-11T15:28:29+05:00,Thursday,3,0,12,15,daytime,transport,57.99
43.233161,76.971413,2026-04-13T16:22:29+05:00,Monday,0,0,4,16,daytime,human,52.81
43.261607,76.956061,2026-01-26T18:42:55+05:00,Monday,0,0,1,18,evening,human,56.06
43.264318,76.953166,2025-12-02T09:32:11+05:00,Tuesday,1,0,12,9,morning,human,68.23
43.236921,76.921579,2026-04-22T13:24:42+05:00,Wednesday,2,0,4,13,daytime,transport,66.83
43.237354,76.961068,2026-01-07T13:01:31+05:00,Wednesday,2,0,1,13,daytime,transport,65.52
43.247705,76.937325,2026-01-29T23:59:38+05:00,Thursday,3,0,1,23,late_evening,alert,72.1
43.238053,76.924703,2026-03-27T18:54:19+05:00,Friday,4,0,3,18,evening,transport,81.43
43.250776,76.945663,2025-12-21T17:35:02+05:00,Sunday,6,1,12,17,evening,human,66.98
43.240587,76.929062,2026-04-27T14:41:49+05:00,Monday,0,0,4,14,daytime,alert,69.43
43.341374,76.953944,2026-03-24T17:54:52+05:00,Tuesday,1,0,3,17,evening,transport,73.57
43.26017,76.953631,2026-03-29T20:48:35+05:00,Sunday,6,1,3,20,evening,others,49.71
43.259502,76.973548,2026-04-25T12:05:11+05:00,Saturday,5,1,4,12,daytime,human,57.22
43.266556,76.92618,2025-11-09T18:18:30+05:00,Sunday,6,1,11,18,evening,building_noise,73.98
43.213345,76.926138,2025-11-24T19:35:55+05:00,Monday,0,0,11,19,evening,transport,73.99
43.232611,76.974208,2026-05-03T10:51:03+05:00,Sunday,6,1,5,10,morning,animals,40.16
43.281213,76.890014,2026-04-27T19:14:50+05:00,Monday,0,0,4,19,evening,others,64.73
43.263755,76.926735,2026-03-05T18:11:06+05:00,Thursday,3,0,3,18,evening,human,68.85
43.265018,76.820546,2026-04-25T18:50:58+05:00,Saturday,5,1,4,18,evening,human,74.24
43.26097,76.953375,2025-11-13T13:02:17+05:00,Thursday,3,0,11,13,daytime,human,66.43
43.356639,77.045129,2026-02-18T21:44:27+05:00,Wednesday,2,0,2,21,late_evening,others,63.78
43.249574,76.938703,2026-04-06T11:04:56+05:00,Monday,0,0,4,11,daytime,human,65.46
43.250886,76.942794,2026-03-22T13:27:40+05:00,Sunday,6,1,3,13,daytime,human,63.01
43.253863,76.947402,2026-03-19T23:55:26+05:00,Thursday,3,0,3,23,late_evening,others,66.24
43.257717,76.947716,2026-03-01T08:25:47+05:00,Sunday,6,1,3,8,morning,human,66.02
43.25167,76.862382,2026-01-07T17:24:34+05:00,Wednesday,2,0,1,17,evening,transport,78.25
43.285379,76.891268,2026-01-21T18:49:10+05:00,Wednesday,2,0,1,18,evening,building_noise,77.85
43.356334,77.042951,2025-12-07T19:57:08+05:00,Sunday,6,1,12,19,evening,transport,67.2
43.263474,76.952366,2026-05-01T13:47:38+05:00,Friday,4,0,5,13,daytime,human,64.99
43.279871,76.895171,2026-03-19T17:05:08+05:00,Thursday,3,0,3,17,evening,building_noise,78.67
43.237129,76.958,2026-02-05T07:45:15+05:00,Thursday,3,0,2,7,morning,transport,75.91
43.235837,76.924955,2026-02-13T10:17:55+05:00,Friday,4,0,2,10,morning,transport,68.74
43.260387,76.970221,2025-12-10T16:34:25+05:00,Wednesday,2,0,12,16,daytime,human,60.01
43.222194,76.900116,2026-02-11T05:41:42+05:00,Wednesday,2,0,2,5,night,others,35.0
43.257483,76.97189,2025-11-10T15:58:28+05:00,Monday,0,0,11,15,daytime,human,51.64
43.233493,76.953612,2026-04-06T21:45:50+05:00,Monday,0,0,4,21,late_evening,human,63.67
43.255907,76.943312,2026-03-18T13:49:37+05:00,Wednesday,2,0,3,13,daytime,human,65.14
43.266511,76.927736,2026-03-12T16:42:08+05:00,Thursday,3,0,3,16,daytime,human,61.73
43.218969,76.928058,2026-03-12T08:07:06+05:00,Thursday,3,0,3,8,morning,transport,81.74
43.238084,76.922855,2025-12-13T14:59:57+05:00,Saturday,5,1,12,14,daytime,transport,77.33
43.355279,77.050274,2025-12-15T03:17:33+05:00,Monday,0,0,12,3,night,alert,63.6
43.283272,76.898526,2025-12-15T16:45:02+05:00,Monday,0,0,12,16,daytime,building_noise,73.29
43.342871,76.950676,2026-04-17T11:21:01+05:00,Friday,4,0,4,11,daytime,alert,76.23
43.23085,76.977005,2026-04-06T10:21:02+05:00,Monday,0,0,4,10,morning,human,50.35
43.266119,76.929037,2025-11-13T15:44:57+05:00,Thursday,3,0,11,15,daytime,human,64.27
43.233978,76.957099,2026-02-07T17:52:51+05:00,Saturday,5,1,2,17,evening,human,65.53
43.239044,76.917463,2026-01-19T08:35:35+05:00,Monday,0,0,1,8,morning,transport,65.9
43.250445,76.939567,2025-12-13T08:48:51+05:00,Saturday,5,1,12,8,morning,human,63.88
43.254191,76.942642,2026-01-02T19:13:42+05:00,Friday,4,0,1,19,evening,human,63.2
43.223516,76.902975,2026-04-27T17:36:54+05:00,Monday,0,0,4,17,evening,human,56.39
43.259875,76.954829,2026-02-06T22:15:10+05:00,Friday,4,0,2,22,late_evening,others,52.77
43.239087,76.954347,2026-02-20T01:18:52+05:00,Friday,4,0,2,1,night,human,59.52
43.281128,76.896555,2026-04-25T20:50:55+05:00,Saturday,5,1,4,20,evening,transport,62.07
43.343096,76.946668,2026-02-23T17:47:13+05:00,Monday,0,0,2,17,evening,transport,82.43
43.25837,76.944199,2026-04-25T06:32:27+05:00,Saturday,5,1,4,6,morning,human,52.86
43.361354,77.042354,2025-12-01T18:34:10+05:00,Monday,0,0,12,18,evening,transport,79.01
43.239916,76.92933,2026-03-17T02:15:43+05:00,Tuesday,1,0,3,2,night,transport,48.12
43.234611,76.976242,2025-12-13T07:42:01+05:00,Saturday,5,1,12,7,morning,others,40.06
43.256362,76.942036,2026-02-15T13:52:03+05:00,Sunday,6,1,2,13,daytime,others,53.85
43.257711,76.9431,2025-12-22T23:37:14+05:00,Monday,0,0,12,23,late_evening,human,66.49
43.287803,76.897429,2026-01-12T20:04:25+05:00,Monday,0,0,1,20,evening,alert,64.82
43.26078,76.967787,2026-02-15T17:22:18+05:00,Sunday,6,1,2,17,evening,human,57.02
43.249599,76.939218,2026-01-16T20:30:25+05:00,Friday,4,0,1,20,evening,human,72.25
43.23959,76.928212,2026-03-27T09:03:30+05:00,Friday,4,0,3,9,morning,alert,72.57
43.237838,76.929179,2026-03-21T22:42:16+05:00,Saturday,5,1,3,22,late_evening,alert,74.39
43.257669,76.943146,2026-01-27T09:38:39+05:00,Tuesday,1,0,1,9,morning,human,66.73
43.283829,76.891847,2026-03-03T13:25:55+05:00,Tuesday,1,0,3,13,daytime,building_noise,70.87
43.261575,76.97373,2025-12-28T23:51:34+05:00,Sunday,6,1,12,23,late_evening,animals,35.56
43.260139,76.827735,2026-01-16T08:06:11+05:00,Friday,4,0,1,8,morning,human,57.64
43.331989,76.948482,2026-04-20T07:04:21+05:00,Monday,0,0,4,7,morning,transport,70.45
43.23494,76.922923,2025-12-02T19:27:04+05:00,Tuesday,1,0,12,19,evening,transport,80.93
43.220594,76.9327,2026-01-14T16:50:45+05:00,Wednesday,2,0,1,16,daytime,transport,66.09
43.238799,76.932919,2026-03-21T09:55:04+05:00,Saturday,5,1,3,9,morning,alert,73.92
43.268205,76.927725,2026-02-25T15:27:22+05:00,Wednesday,2,0,2,15,daytime,human,62.33
43.220755,76.899415,2026-02-22T23:35:35+05:00,Sunday,6,1,2,23,late_evening,others,43.26
43.342515,76.950915,2026-02-28T10:06:10+05:00,Saturday,5,1,2,10,morning,transport,70.64
43.254202,76.946186,2025-11-07T20:16:49+05:00,Friday,4,0,11,20,evening,human,74.4
43.239544,76.930213,2026-04-21T18:04:26+05:00,Tuesday,1,0,4,18,evening,alert,72.23
43.216851,76.923608,2026-02-08T09:56:27+05:00,Sunday,6,1,2,9,morning,transport,74.76
43.266593,76.820659,2025-11-02T18:58:40+05:00,Sunday,6,1,11,18,evening,human,72.65
43.249787,76.858632,2025-12-01T19:56:34+05:00,Monday,0,0,12,19,evening,transport,77.69
43.280663,76.892707,2026-05-05T08:02:30+05:00,Tuesday,1,0,5,8,morning,building_noise,78.66
43.217371,76.932583,2025-12-21T19:16:02+05:00,Sunday,6,1,12,19,evening,transport,71.65
43.250269,76.938267,2026-01-31T21:21:05+05:00,Saturday,5,1,1,21,late_evening,transport,75.9
43.282969,76.893379,2025-11-11T15:29:05+05:00,Tuesday,1,0,11,15,daytime,building_noise,76.31
43.243221,76.917073,2026-03-11T07:49:04+05:00,Wednesday,2,0,3,7,morning,human,61.08
43.265499,76.826373,2026-04-09T18:35:03+05:00,Thursday,3,0,4,18,evening,human,60.0
43.237572,76.923548,2025-11-26T08:30:47+05:00,Wednesday,2,0,11,8,morning,transport,78.41
43.264259,76.928481,2025-11-07T18:55:36+05:00,Friday,4,0,11,18,evening,human,69.79
43.239641,76.957886,2026-03-03T08:39:54+05:00,Tuesday,1,0,3,8,morning,transport,73.3
43.350267,77.038599,2026-02-09T07:16:39+05:00,Monday,0,0,2,7,morning,transport,75.84
43.244366,76.861767,2026-03-07T10:38:08+05:00,Saturday,5,1,3,10,morning,human,69.94
43.254608,76.94465,2025-11-09T07:20:07+05:00,Sunday,6,1,11,7,morning,transport,70.45
43.238618,76.975815,2026-04-09T08:01:01+05:00,Thursday,3,0,4,8,morning,others,44.24
43.220514,76.902508,2026-05-05T13:28:25+05:00,Tuesday,1,0,5,13,daytime,others,54.85
43.260352,76.945974,2025-12-21T21:02:05+05:00,Sunday,6,1,12,21,late_evening,human,65.07
43.253104,76.94614,2026-04-09T17:15:56+05:00,Thursday,3,0,4,17,evening,building_noise,71.44
43.245941,76.937093,2026-05-08T07:10:38+05:00,Friday,4,0,5,7,morning,transport,71.7
43.259382,76.966699,2025-12-19T19:48:23+05:00,Friday,4,0,12,19,evening,human,56.69
43.278204,76.89467,2026-04-09T11:37:58+05:00,Thursday,3,0,4,11,daytime,building_noise,70.5
43.265126,76.929796,2025-12-05T12:59:47+05:00,Friday,4,0,12,12,daytime,building_noise,64.8
43.285905,76.88986,2025-11-24T12:11:55+05:00,Monday,0,0,11,12,daytime,building_noise,76.39
43.267404,76.955234,2025-12-17T21:23:23+05:00,Wednesday,2,0,12,21,late_evening,others,48.0
43.239072,76.932257,2026-03-18T07:20:07+05:00,Wednesday,2,0,3,7,morning,alert,77.75
43.236949,76.93087,2025-11-23T14:32:00+05:00,Sunday,6,1,11,14,daytime,transport,64.97
43.239817,76.932146,2025-12-21T21:45:12+05:00,Sunday,6,1,12,21,late_evening,alert,61.29
43.237403,76.915333,2026-01-14T17:35:28+05:00,Wednesday,2,0,1,17,evening,transport,72.2
43.239701,76.959321,2026-04-20T18:22:32+05:00,Monday,0,0,4,18,evening,transport,78.81
43.259825,76.969776,2025-12-20T12:45:51+05:00,Saturday,5,1,12,12,daytime,human,57.05
43.246456,76.938991,2026-01-16T22:00:04+05:00,Friday,4,0,1,22,late_evening,human,76.7
43.341481,76.949586,2026-03-21T18:55:19+05:00,Saturday,5,1,3,18,evening,alert,84.36
43.217477,76.926247,2026-02-10T19:32:34+05:00,Tuesday,1,0,2,19,evening,transport,81.64
43.263156,76.952689,2026-04-16T08:39:37+05:00,Thursday,3,0,4,8,morning,others,52.41
43.250047,76.943923,2026-04-01T13:43:15+05:00,Wednesday,2,0,4,13,daytime,human,57.98
43.281769,76.897557,2026-05-07T14:22:53+05:00,Thursday,3,0,5,14,daytime,building_noise,75.53
43.354306,77.042706,2026-02-25T17:03:43+05:00,Wednesday,2,0,2,17,evening,transport,80.09
43.235649,76.914526,2025-12-29T15:57:10+05:00,Monday,0,0,12,15,daytime,human,55.5
43.236148,76.926249,2026-02-03T16:44:48+05:00,Tuesday,1,0,2,16,daytime,transport,74.57
43.263942,76.953554,2026-04-22T19:24:36+05:00,Wednesday,2,0,4,19,evening,human,67.28
43.286412,76.89305,2026-05-08T08:35:23+05:00,Friday,4,0,5,8,morning,building_noise,83.0
43.259923,76.970953,2026-04-22T19:08:56+05:00,Wednesday,2,0,4,19,evening,human,58.23
43.240079,76.928264,2025-11-08T09:18:16+05:00,Saturday,5,1,11,9,morning,alert,75.02
43.247007,76.941146,2025-11-07T21:58:06+05:00,Friday,4,0,11,21,late_evening,transport,74.17
43.266421,76.925079,2026-02-22T14:50:20+05:00,Sunday,6,1,2,14,daytime,human,64.07
43.260244,76.945641,2026-03-20T23:14:10+05:00,Friday,4,0,3,23,late_evening,human,75.81
43.253263,76.942505,2026-01-13T15:25:45+05:00,Tuesday,1,0,1,15,daytime,human,62.43
43.240936,76.921799,2026-02-12T11:03:23+05:00,Thursday,3,0,2,11,daytime,alert,75.19
43.221706,76.90148,2025-12-30T04:09:24+05:00,Tuesday,1,0,12,4,night,others,35.51
43.237767,76.923065,2026-04-29T16:36:58+05:00,Wednesday,2,0,4,16,daytime,transport,65.54
43.240015,76.931372,2025-12-05T22:22:41+05:00,Friday,4,0,12,22,late_evening,alert,69.94
43.239417,76.929461,2025-11-25T11:18:56+05:00,Tuesday,1,0,11,11,daytime,transport,60.83
43.253191,76.944889,2026-02-02T19:37:58+05:00,Monday,0,0,2,19,evening,human,67.09
43.220704,76.927902,2025-12-29T23:06:29+05:00,Monday,0,0,12,23,late_evening,transport,74.27
43.282434,76.893535,2026-04-24T14:38:55+05:00,Friday,4,0,4,14,daytime,building_noise,71.36
43.251219,76.94505,2025-12-14T19:39:22+05:00,Sunday,6,1,12,19,evening,human,71.92
43.223256,76.901175,2025-12-28T08:18:49+05:00,Sunday,6,1,12,8,morning,human,50.38
43.254171,76.944743,2026-04-05T17:00:43+05:00,Sunday,6,1,4,17,evening,human,71.91
43.249377,76.943076,2026-03-18T12:01:47+05:00,Wednesday,2,0,3,12,daytime,human,69.91
43.352836,77.036302,2026-04-29T08:08:47+05:00,Wednesday,2,0,4,8,morning,transport,76.96
43.257006,76.972689,2026-01-06T08:00:55+05:00,Tuesday,1,0,1,8,morning,animals,40.74
43.259605,76.972412,2025-11-19T16:08:01+05:00,Wednesday,2,0,11,16,daytime,human,52.74
43.264462,76.929374,2025-12-24T06:21:26+05:00,Wednesday,2,0,12,6,morning,others,49.62
43.238976,76.931638,2026-01-16T18:29:48+05:00,Friday,4,0,1,18,evening,alert,75.37
43.258519,76.96973,2026-01-07T22:47:10+05:00,Wednesday,2,0,1,22,late_evening,others,47.52
43.235969,76.958525,2026-04-30T11:52:06+05:00,Thursday,3,0,4,11,daytime,human,65.18
43.23354,76.976225,2026-02-03T10:41:01+05:00,Tuesday,1,0,2,10,morning,others,47.54
43.239016,76.92145,2026-05-04T07:58:18+05:00,Monday,0,0,5,7,morning,transport,80.32
43.246919,76.938931,2025-12-15T21:58:30+05:00,Monday,0,0,12,21,late_evening,human,70.84
43.233752,76.975656,2026-03-10T00:09:33+05:00,Tuesday,1,0,3,0,night,others,35.0
43.251216,76.941702,2026-02-24T18:13:15+05:00,Tuesday,1,0,2,18,evening,others,68.36
43.220984,76.933935,2025-11-29T14:19:38+05:00,Saturday,5,1,11,14,daytime,transport,68.67
43.355171,77.035903,2026-04-05T07:57:05+05:00,Sunday,6,1,4,7,morning,transport,74.0
43.236951,76.919024,2026-04-30T17:59:38+05:00,Thursday,3,0,4,17,evening,transport,81.02
43.219797,76.929613,2026-04-13T19:58:47+05:00,Monday,0,0,4,19,evening,transport,81.55
43.284118,76.898205,2025-12-09T12:40:05+05:00,Tuesday,1,0,12,12,daytime,building_noise,73.04
43.240097,76.929726,2025-12-03T12:59:32+05:00,Wednesday,2,0,12,12,daytime,transport,61.99
43.234822,76.92356,2025-12-16T15:38:59+05:00,Tuesday,1,0,12,15,daytime,transport,67.1
43.257953,76.968344,2026-01-03T19:47:57+05:00,Saturday,5,1,1,19,evening,animals,53.2
43.334372,76.94513,2026-04-03T13:47:12+05:00,Friday,4,0,4,13,daytime,alert,73.68
43.233718,76.959177,2026-03-02T13:45:33+05:00,Monday,0,0,3,13,daytime,transport,64.42
43.280262,76.894497,2026-02-07T08:28:38+05:00,Saturday,5,1,2,8,morning,building_noise,76.02
43.344408,76.943686,2026-02-08T17:50:52+05:00,Sunday,6,1,2,17,evening,transport,71.11
43.256537,76.963741,2026-03-03T19:33:36+05:00,Tuesday,1,0,3,19,evening,human,63.09
43.237823,76.925702,2025-12-21T07:54:51+05:00,Sunday,6,1,12,7,morning,transport,66.59
43.219658,76.927735,2025-11-15T18:53:05+05:00,Saturday,5,1,11,18,evening,transport,68.99
43.352921,77.033967,2026-02-23T18:13:40+05:00,Monday,0,0,2,18,evening,transport,79.07
43.237193,76.952916,2025-12-17T04:46:50+05:00,Wednesday,2,0,12,4,night,human,46.21
43.240178,76.92499,2025-11-15T14:50:35+05:00,Saturday,5,1,11,14,daytime,transport,66.38
43.26165,76.973126,2026-04-14T12:33:58+05:00,Tuesday,1,0,4,12,daytime,human,55.3
43.262291,76.955204,2025-11-10T16:54:44+05:00,Monday,0,0,11,16,daytime,human,53.19
43.256096,76.943678,2025-12-27T12:44:11+05:00,Saturday,5,1,12,12,daytime,transport,66.57
43.231474,76.923346,2026-01-22T23:12:04+05:00,Thursday,3,0,1,23,late_evening,transport,69.44
43.215766,76.927931,2026-04-03T06:11:47+05:00,Friday,4,0,4,6,morning,transport,71.68
43.223195,76.901434,2026-04-25T23:12:31+05:00,Saturday,5,1,4,23,late_evening,others,44.94
43.262126,76.953484,2026-02-12T20:10:05+05:00,Thursday,3,0,2,20,evening,others,45.56
43.255371,76.940337,2026-02-06T20:08:28+05:00,Friday,4,0,2,20,evening,human,69.97
43.262028,76.954818,2026-02-23T20:58:59+05:00,Monday,0,0,2,20,evening,others,47.49
43.243731,76.861257,2026-02-23T16:58:52+05:00,Monday,0,0,2,16,daytime,transport,62.35
43.237318,76.919644,2026-02-26T16:48:11+05:00,Thursday,3,0,2,16,daytime,alert,80.82
43.239624,76.929412,2026-01-13T21:24:23+05:00,Tuesday,1,0,1,21,late_evening,alert,68.5
43.265383,76.927712,2025-11-07T13:01:01+05:00,Friday,4,0,11,13,daytime,human,59.85
43.283799,76.892122,2026-03-03T13:36:55+05:00,Tuesday,1,0,3,13,daytime,building_noise,70.57
43.251243,76.860146,2025-11-22T16:25:12+05:00,Saturday,5,1,11,16,daytime,others,63.67
43.237408,76.917704,2026-03-04T17:20:09+05:00,Wednesday,2,0,3,17,evening,others,64.3
43.35143,77.042936,2025-11-18T07:31:09+05:00,Tuesday,1,0,11,7,morning,transport,77.25
43.345091,76.951702,2026-03-09T08:38:37+05:00,Monday,0,0,3,8,morning,transport,75.66
43.241253,76.924079,2025-12-25T12:53:44+05:00,Thursday,3,0,12,12,daytime,transport,71.15
43.238971,76.91544,2026-03-20T07:04:50+05:00,Friday,4,0,3,7,morning,transport,67.98
43.233738,76.958566,2026-04-15T18:13:10+05:00,Wednesday,2,0,4,18,evening,transport,79.33
43.34457,76.944749,2026-01-27T23:59:03+05:00,Tuesday,1,0,1,23,late_evening,alert,75.97
43.245315,76.858991,2026-02-04T17:32:47+05:00,Wednesday,2,0,2,17,evening,transport,79.13
43.245933,76.940416,2026-01-10T16:41:13+05:00,Saturday,5,1,1,16,daytime,transport,62.37
43.234353,76.955074,2026-04-25T12:02:12+05:00,Saturday,5,1,4,12,daytime,human,66.8
43.258113,76.944453,2026-04-28T16:35:24+05:00,Tuesday,1,0,4,16,daytime,others,58.93
43.25148,76.945748,2026-02-11T17:34:20+05:00,Wednesday,2,0,2,17,evening,others,63.33
43.253089,76.94167,2025-12-12T18:24:50+05:00,Friday,4,0,12,18,evening,building_noise,74.48
43.258995,76.943204,2025-11-30T18:39:35+05:00,Sunday,6,1,11,18,evening,human,66.24
43.234458,76.953285,2026-03-04T19:47:40+05:00,Wednesday,2,0,3,19,evening,transport,73.57
43.21616,76.927988,2025-12-21T11:45:47+05:00,Sunday,6,1,12,11,daytime,transport,62.86
43.264691,76.954849,2026-02-09T10:43:27+05:00,Monday,0,0,2,10,morning,human,49.35
43.220337,76.927566,2026-02-03T13:36:16+05:00,Tuesday,1,0,2,13,daytime,transport,66.56
43.23451,76.977577,2026-01-03T16:04:50+05:00,Saturday,5,1,1,16,daytime,human,53.67
43.234219,76.918556,2026-01-06T19:01:20+05:00,Tuesday,1,0,1,19,evening,transport,71.12
43.277646,76.887921,2025-11-07T14:03:45+05:00,Friday,4,0,11,14,daytime,building_noise,76.69
43.237063,76.916244,2025-12-01T09:49:18+05:00,Monday,0,0,12,9,morning,transport,69.32
43.258659,76.946205,2026-05-08T14:28:45+05:00,Friday,4,0,5,14,daytime,human,61.9
43.217341,76.925205,2026-04-21T07:49:43+05:00,Tuesday,1,0,4,7,morning,transport,79.06
43.264314,76.955072,2026-01-06T08:01:46+05:00,Tuesday,1,0,1,8,morning,others,50.03
43.240203,76.919947,2025-11-17T09:47:45+05:00,Monday,0,0,11,9,morning,transport,76.72
43.218059,76.925992,2026-02-25T15:04:46+05:00,Wednesday,2,0,2,15,daytime,transport,73.46
43.237253,76.929847,2026-04-24T08:35:02+05:00,Friday,4,0,4,8,morning,alert,78.53
43.249765,76.944573,2025-11-12T07:59:15+05:00,Wednesday,2,0,11,7,morning,animals,54.31
43.264102,76.927317,2026-04-24T18:17:04+05:00,Friday,4,0,4,18,evening,human,70.08
43.261719,76.819794,2026-04-03T07:19:05+05:00,Friday,4,0,4,7,morning,transport,53.73
43.237573,76.975491,2025-11-20T07:17:09+05:00,Thursday,3,0,11,7,morning,others,47.09
43.238444,76.922303,2026-02-06T16:31:31+05:00,Friday,4,0,2,16,daytime,transport,70.0
43.249018,76.86089,2026-01-20T18:35:56+05:00,Tuesday,1,0,1,18,evening,transport,73.9
43.259102,76.970477,2026-03-14T17:48:14+05:00,Saturday,5,1,3,17,evening,human,64.14
43.218357,76.927399,2026-04-22T19:09:37+05:00,Wednesday,2,0,4,19,evening,transport,81.67
43.238906,76.922422,2026-01-12T20:58:40+05:00,Monday,0,0,1,20,evening,animals,52.44
43.25761,76.946131,2026-01-21T19:43:25+05:00,Wednesday,2,0,1,19,evening,human,67.26
43.25332,76.944519,2025-12-06T18:26:35+05:00,Saturday,5,1,12,18,evening,human,67.94
43.259439,76.966789,2026-04-15T19:49:44+05:00,Wednesday,2,0,4,19,evening,human,56.56
43.238582,76.957847,2026-04-01T18:58:59+05:00,Wednesday,2,0,4,18,evening,transport,75.53
43.23655,76.956322,2026-03-22T13:17:29+05:00,Sunday,6,1,3,13,daytime,human,64.1
43.254523,76.945418,2026-04-17T02:06:18+05:00,Friday,4,0,4,2,night,human,59.49
43.261942,76.925846,2025-11-10T09:02:23+05:00,Monday,0,0,11,9,morning,human,62.97
43.261853,76.95335,2025-11-08T09:53:39+05:00,Saturday,5,1,11,9,morning,human,68.86
43.2575,76.947154,2025-11-17T08:33:29+05:00,Monday,0,0,11,8,morning,human,66.91
43.343405,76.949782,2025-11-08T10:22:35+05:00,Saturday,5,1,11,10,morning,transport,62.6
43.237137,76.918105,2026-02-20T16:38:29+05:00,Friday,4,0,2,16,daytime,transport,59.4
43.254983,76.967688,2026-02-12T10:42:37+05:00,Thursday,3,0,2,10,morning,human,54.4
43.222895,76.928139,2025-12-25T08:55:15+05:00,Thursday,3,0,12,8,morning,transport,78.26
43.338052,76.943023,2025-11-09T17:55:39+05:00,Sunday,6,1,11,17,evening,transport,76.5
43.283483,76.892649,2026-02-28T08:55:44+05:00,Saturday,5,1,2,8,morning,building_noise,78.21
43.236909,76.916744,2026-02-27T18:57:12+05:00,Friday,4,0,2,18,evening,transport,69.32
43.346521,77.039651,2025-12-07T21:22:15+05:00,Sunday,6,1,12,21,late_evening,transport,73.3
43.278184,76.894598,2026-01-29T11:17:42+05:00,Thursday,3,0,1,11,daytime,building_noise,74.22
43.215838,76.930242,2026-02-10T18:23:34+05:00,Tuesday,1,0,2,18,evening,building_noise,85.42
43.217339,76.929777,2025-11-05T20:57:09+05:00,Wednesday,2,0,11,20,evening,transport,72.81
43.263036,76.95483,2026-01-09T07:46:04+05:00,Friday,4,0,1,7,morning,others,52.12
43.338967,76.94815,2026-03-18T07:08:59+05:00,Wednesday,2,0,3,7,morning,transport,80.74
43.260791,76.953966,2026-05-06T08:59:14+05:00,Wednesday,2,0,5,8,morning,building_noise,61.47
43.229141,76.978749,2026-02-24T11:40:32+05:00,Tuesday,1,0,2,11,daytime,others,47.98
43.236267,76.956236,2025-11-21T17:14:42+05:00,Friday,4,0,11,17,evening,transport,71.61
43.217154,76.926439,2025-12-24T23:49:15+05:00,Wednesday,2,0,12,23,late_evening,transport,73.07
43.240686,76.929558,2026-04-26T08:44:33+05:00,Sunday,6,1,4,8,morning,alert,71.41
43.266604,76.817337,2026-03-30T10:30:29+05:00,Monday,0,0,3,10,morning,alert,62.58
43.259302,76.965512,2026-04-21T20:19:43+05:00,Tuesday,1,0,4,20,evening,others,47.16
43.23852,76.927655,2026-02-13T13:05:00+05:00,Friday,4,0,2,13,daytime,transport,62.13
43.290402,76.890954,2025-12-13T08:47:18+05:00,Saturday,5,1,12,8,morning,building_noise,74.65
43.262613,76.819895,2026-03-27T16:08:34+05:00,Friday,4,0,3,16,daytime,human,60.91
43.250759,76.94829,2025-11-20T07:48:47+05:00,Thursday,3,0,11,7,morning,transport,64.33
43.239402,76.930257,2026-05-04T08:31:04+05:00,Monday,0,0,5,8,morning,alert,75.29
43.245448,76.938515,2026-01-24T23:51:52+05:00,Saturday,5,1,1,23,late_evening,transport,74.2
43.235212,76.916354,2025-11-29T07:31:09+05:00,Saturday,5,1,11,7,morning,transport,71.7
43.260164,76.972743,2026-05-09T11:37:19+05:00,Saturday,5,1,5,11,daytime,human,55.6
43.265998,76.968688,2026-02-09T15:01:39+05:00,Monday,0,0,2,15,daytime,human,57.22
43.214079,76.931929,2026-04-12T18:51:55+05:00,Sunday,6,1,4,18,evening,building_noise,71.33
43.255625,76.946249,2026-01-29T13:35:53+05:00,Thursday,3,0,1,13,daytime,building_noise,65.43
43.215339,76.928776,2026-05-08T08:26:27+05:00,Friday,4,0,5,8,morning,transport,82.6
43.26145,76.929801,2026-01-22T13:13:04+05:00,Thursday,3,0,1,13,daytime,human,65.11
43.254909,76.943362,2026-01-25T20:59:03+05:00,Sunday,6,1,1,20,evening,human,66.28
43.336296,76.950569,2025-11-13T10:31:16+05:00,Thursday,3,0,11,10,morning,transport,68.89
43.256836,76.972324,2026-01-28T19:45:12+05:00,Wednesday,2,0,1,19,evening,human,55.02
43.235268,76.953464,2026-03-24T16:05:30+05:00,Tuesday,1,0,3,16,daytime,human,66.81
43.262336,76.964759,2026-03-12T19:25:48+05:00,Thursday,3,0,3,19,evening,human,66.98
43.238814,76.923404,2026-04-09T16:51:48+05:00,Thursday,3,0,4,16,daytime,alert,83.48
43.257333,76.947068,2025-11-19T08:51:54+05:00,Wednesday,2,0,11,8,morning,human,61.65
43.215839,76.929181,2026-01-20T19:56:37+05:00,Tuesday,1,0,1,19,evening,transport,79.49
43.220304,76.928717,2026-01-08T15:35:15+05:00,Thursday,3,0,1,15,daytime,transport,73.48
43.264665,76.954431,2026-01-12T16:53:18+05:00,Monday,0,0,1,16,daytime,human,56.52
43.349111,77.037863,2025-12-18T09:41:01+05:00,Thursday,3,0,12,9,morning,transport,80.52
43.285725,76.905557,2026-04-16T13:36:13+05:00,Thursday,3,0,4,13,daytime,building_noise,66.15
43.238248,76.932196,2025-12-26T08:48:52+05:00,Friday,4,0,12,8,morning,alert,72.23
43.235956,76.926939,2025-11-14T07:29:44+05:00,Friday,4,0,11,7,morning,transport,76.1
43.262627,76.929786,2026-01-12T09:52:27+05:00,Monday,0,0,1,9,morning,human,63.03
43.261573,76.822583,2026-03-11T17:49:49+05:00,Wednesday,2,0,3,17,evening,human,59.85
43.264618,76.926949,2026-02-03T16:22:23+05:00,Tuesday,1,0,2,16,daytime,human,64.85
43.284427,76.893009,2025-11-01T12:05:09+05:00,Saturday,5,1,11,12,daytime,transport,67.44
43.233252,76.95745,2026-03-25T20:19:39+05:00,Wednesday,2,0,3,20,evening,human,67.6
43.238963,76.928369,2026-01-25T19:48:09+05:00,Sunday,6,1,1,19,evening,alert,77.23
43.246828,76.941351,2026-01-26T16:48:55+05:00,Monday,0,0,1,16,daytime,human,61.65
43.221512,76.900126,2026-01-09T10:30:34+05:00,Friday,4,0,1,10,morning,human,54.76
43.259535,76.976151,2026-03-05T22:37:17+05:00,Thursday,3,0,3,22,late_evening,animals,38.05
43.252127,76.948066,2026-01-01T21:57:07+05:00,Thursday,3,0,1,21,late_evening,human,68.53
43.266261,76.924595,2026-05-04T15:55:46+05:00,Monday,0,0,5,15,daytime,human,62.56
43.278661,76.893016,2026-03-17T12:22:44+05:00,Tuesday,1,0,3,12,daytime,building_noise,74.97
43.260297,76.972496,2026-02-10T22:13:59+05:00,Tuesday,1,0,2,22,late_evening,others,49.38
43.246885,76.860817,2026-03-31T18:03:45+05:00,Tuesday,1,0,3,18,evening,transport,73.3
43.230823,76.976312,2025-11-17T22:07:05+05:00,Monday,0,0,11,22,late_evening,others,37.97
43.280719,76.894171,2026-02-17T09:50:47+05:00,Tuesday,1,0,2,9,morning,building_noise,79.91
43.340291,76.944457,2025-12-12T14:35:50+05:00,Friday,4,0,12,14,daytime,transport,70.37
43.238677,76.924091,2026-01-23T08:57:12+05:00,Friday,4,0,1,8,morning,transport,72.19
43.288919,76.891884,2026-03-24T13:11:20+05:00,Tuesday,1,0,3,13,daytime,building_noise,71.51
43.253934,76.947518,2026-03-01T16:50:19+05:00,Sunday,6,1,3,16,daytime,others,60.5
43.261048,76.967707,2026-02-02T13:56:11+05:00,Monday,0,0,2,13,daytime,human,51.61
43.264034,76.927354,2025-12-08T10:24:28+05:00,Monday,0,0,12,10,morning,human,58.39
43.257934,76.942354,2026-04-12T03:46:20+05:00,Sunday,6,1,4,3,night,human,45.6
43.280614,76.894168,2026-02-13T15:20:18+05:00,Friday,4,0,2,15,daytime,building_noise,75.24
43.336085,76.946264,2025-12-08T09:34:40+05:00,Monday,0,0,12,9,morning,transport,73.34
43.244625,76.943318,2025-12-29T18:33:03+05:00,Monday,0,0,12,18,evening,human,70.67
43.232677,76.953112,2025-11-13T14:05:35+05:00,Thursday,3,0,11,14,daytime,human,61.13
43.236874,76.974771,2026-03-04T11:39:25+05:00,Wednesday,2,0,3,11,daytime,animals,46.78
43.218818,76.903761,2026-03-16T11:02:54+05:00,Monday,0,0,3,11,daytime,human,54.01
43.256919,76.945109,2026-04-30T14:44:06+05:00,Thursday,3,0,4,14,daytime,others,64.49
43.263981,76.954525,2026-02-26T06:55:57+05:00,Thursday,3,0,2,6,morning,others,35.0
43.282758,76.891231,2025-11-13T22:53:48+05:00,Thursday,3,0,11,22,late_evening,transport,64.7
43.232444,76.954942,2026-02-25T08:57:31+05:00,Wednesday,2,0,2,8,morning,others,67.31
43.25599,76.970211,2025-11-21T07:50:55+05:00,Friday,4,0,11,7,morning,animals,42.94
43.233709,76.954979,2025-11-01T18:08:10+05:00,Saturday,5,1,11,18,evening,human,65.63
43.26133,76.967627,2026-01-18T10:52:30+05:00,Sunday,6,1,1,10,morning,animals,49.42
43.262878,76.957121,2026-02-06T09:20:10+05:00,Friday,4,0,2,9,morning,alert,80.13
43.358641,77.041882,2026-04-11T17:57:02+05:00,Saturday,5,1,4,17,evening,transport,73.12
43.257173,76.94366,2026-03-18T12:39:44+05:00,Wednesday,2,0,3,12,daytime,human,60.8
43.262282,76.929096,2026-01-17T07:24:10+05:00,Saturday,5,1,1,7,morning,human,68.29
43.257128,76.944775,2026-01-09T19:49:26+05:00,Friday,4,0,1,19,evening,human,70.45
43.245464,76.85751,2026-01-27T21:42:00+05:00,Tuesday,1,0,1,21,late_evening,transport,72.74
43.281135,76.890521,2026-02-13T08:29:08+05:00,Friday,4,0,2,8,morning,building_noise,73.03
43.269098,76.819819,2026-01-22T00:19:45+05:00,Thursday,3,0,1,0,night,human,35.11
43.224737,76.898329,2026-03-01T13:18:30+05:00,Sunday,6,1,3,13,daytime,animals,46.22
43.253543,76.944317,2026-01-01T14:38:44+05:00,Thursday,3,0,1,14,daytime,human,58.16
43.241034,76.931771,2025-12-29T23:53:12+05:00,Monday,0,0,12,23,late_evening,transport,63.88
43.258606,76.967646,2026-02-27T15:01:49+05:00,Friday,4,0,2,15,daytime,animals,45.22
43.266036,76.821686,2026-02-06T17:40:25+05:00,Friday,4,0,2,17,evening,animals,51.92
43.259348,76.974423,2025-12-23T20:14:03+05:00,Tuesday,1,0,12,20,evening,others,43.07
43.236998,76.920967,2026-03-15T20:35:39+05:00,Sunday,6,1,3,20,evening,transport,68.39
43.263892,76.926062,2025-12-19T17:32:05+05:00,Friday,4,0,12,17,evening,human,70.46
43.250438,76.941221,2026-02-05T06:31:11+05:00,Thursday,3,0,2,6,morning,human,59.3
43.244573,76.862284,2026-01-30T07:26:10+05:00,Friday,4,0,1,7,morning,transport,78.93
43.263352,76.954738,2025-12-02T21:44:54+05:00,Tuesday,1,0,12,21,late_evening,building_noise,58.09
43.260491,76.973728,2026-02-09T17:03:54+05:00,Monday,0,0,2,17,evening,human,57.95
43.236206,76.922465,2026-03-23T18:12:54+05:00,Monday,0,0,3,18,evening,transport,79.47
43.260883,76.952633,2026-03-30T22:58:19+05:00,Monday,0,0,3,22,late_evening,others,51.82
43.258365,76.948198,2026-03-04T21:50:12+05:00,Wednesday,2,0,3,21,late_evening,human,60.57
43.25269,76.943192,2025-12-28T02:37:47+05:00,Sunday,6,1,12,2,night,alert,61.63
43.218373,76.929309,2025-12-22T17:45:45+05:00,Monday,0,0,12,17,evening,transport,79.85
43.248505,76.93986,2026-04-15T20:03:52+05:00,Wednesday,2,0,4,20,evening,human,65.13
43.28213,76.889317,2026-01-15T15:55:10+05:00,Thursday,3,0,1,15,daytime,building_noise,69.57
43.239909,76.92643,2026-01-10T18:22:21+05:00,Saturday,5,1,1,18,evening,transport,74.06
43.237531,76.923872,2026-01-11T17:18:40+05:00,Sunday,6,1,1,17,evening,transport,63.98
43.239671,76.927913,2026-02-16T13:56:05+05:00,Monday,0,0,2,13,daytime,alert,67.79
43.252128,76.944455,2026-03-29T09:28:33+05:00,Sunday,6,1,3,9,morning,human,67.07
43.254744,76.946565,2025-12-19T08:40:58+05:00,Friday,4,0,12,8,morning,human,67.45
43.236182,76.976228,2026-01-26T07:53:05+05:00,Monday,0,0,1,7,morning,others,46.17
43.231601,76.955548,2026-04-22T08:25:20+05:00,Wednesday,2,0,4,8,morning,transport,70.44
43.350575,77.044539,2026-01-16T11:15:25+05:00,Friday,4,0,1,11,daytime,transport,64.44
43.259782,76.974988,2026-04-03T20:56:13+05:00,Friday,4,0,4,20,evening,animals,36.64
43.25882,76.977688,2025-11-20T11:56:31+05:00,Thursday,3,0,11,11,daytime,human,55.44
43.283924,76.893849,2025-11-22T18:11:46+05:00,Saturday,5,1,11,18,evening,building_noise,75.51
43.241048,76.863854,2025-12-08T16:13:17+05:00,Monday,0,0,12,16,daytime,transport,69.59
43.261847,76.969724,2026-01-01T09:32:22+05:00,Thursday,3,0,1,9,morning,others,47.46
43.265015,76.926507,2025-11-09T21:57:29+05:00,Sunday,6,1,11,21,late_evening,human,61.01
43.235537,76.956821,2026-04-20T18:42:57+05:00,Monday,0,0,4,18,evening,transport,76.41
43.236828,76.918212,2026-02-05T09:23:10+05:00,Thursday,3,0,2,9,morning,others,62.89
43.238869,76.931918,2026-01-16T18:19:48+05:00,Friday,4,0,1,18,evening,alert,73.59
43.265529,76.9634,2026-03-11T20:05:07+05:00,Wednesday,2,0,3,20,evening,animals,45.58
43.279186,76.898046,2026-03-16T17:29:09+05:00,Monday,0,0,3,17,evening,building_noise,80.21
43.266044,76.928259,2026-05-03T07:21:27+05:00,Sunday,6,1,5,7,morning,human,64.86
43.246703,76.862633,2026-03-22T12:45:04+05:00,Sunday,6,1,3,12,daytime,building_noise,64.79
43.283984,76.894402,2026-05-06T18:58:07+05:00,Wednesday,2,0,5,18,evening,building_noise,75.63
43.337446,76.951732,2025-11-05T17:38:55+05:00,Wednesday,2,0,11,17,evening,alert,88.71
43.235764,76.912745,2026-02-27T21:22:32+05:00,Friday,4,0,2,21,late_evening,transport,52.01
43.355686,77.036017,2026-04-26T20:46:32+05:00,Sunday,6,1,4,20,evening,transport,67.4
43.219619,76.92978,2025-11-25T09:07:49+05:00,Tuesday,1,0,11,9,morning,transport,78.28
43.239339,76.927218,2025-11-16T03:09:34+05:00,Sunday,6,1,11,3,night,transport,51.88
43.215221,76.926993,2025-11-29T21:38:21+05:00,Saturday,5,1,11,21,late_evening,transport,69.6
43.252987,76.945588,2026-04-29T11:24:18+05:00,Wednesday,2,0,4,11,daytime,human,59.99
43.23168,76.977309,2025-12-12T13:19:02+05:00,Friday,4,0,12,13,daytime,animals,39.86
43.25182,76.944729,2025-12-20T22:22:44+05:00,Saturday,5,1,12,22,late_evening,human,70.99
43.257953,76.973169,2025-12-15T08:02:26+05:00,Monday,0,0,12,8,morning,animals,41.71
43.251519,76.942811,2026-05-06T07:15:34+05:00,Wednesday,2,0,5,7,morning,human,60.91
43.352344,77.044058,2025-12-03T11:47:00+05:00,Wednesday,2,0,12,11,daytime,transport,68.22
43.221111,76.900667,2026-01-12T13:46:33+05:00,Monday,0,0,1,13,daytime,human,57.29
43.265746,76.92683,2026-01-14T08:27:41+05:00,Wednesday,2,0,1,8,morning,human,63.45
43.280124,76.894466,2026-02-07T08:25:38+05:00,Saturday,5,1,2,8,morning,building_noise,76.83
43.262983,76.955272,2026-02-14T16:00:49+05:00,Saturday,5,1,2,16,daytime,human,62.97
43.215614,76.927668,2026-04-25T19:24:22+05:00,Saturday,5,1,4,19,evening,transport,70.71
43.264991,76.953877,2026-05-01T12:43:49+05:00,Friday,4,0,5,12,daytime,human,64.29
43.240396,76.920695,2026-02-05T07:21:11+05:00,Thursday,3,0,2,7,morning,transport,85.1
43.235784,76.92338,2026-02-13T18:14:35+05:00,Friday,4,0,2,18,evening,transport,82.78
43.257128,76.972592,2025-12-28T07:58:24+05:00,Sunday,6,1,12,7,morning,animals,39.06
43.24215,76.859467,2025-11-07T14:30:53+05:00,Friday,4,0,11,14,daytime,transport,73.99
43.345356,77.038454,2026-04-18T07:04:36+05:00,Saturday,5,1,4,7,morning,transport,72.45
43.358624,77.03819,2026-03-29T23:23:26+05:00,Sunday,6,1,3,23,late_evening,transport,70.59
43.252006,76.947416,2026-01-01T08:39:36+05:00,Thursday,3,0,1,8,morning,human,65.02
43.263181,76.955431,2026-03-09T21:00:51+05:00,Monday,0,0,3,21,late_evening,others,50.18
43.250875,76.946756,2026-03-03T16:11:41+05:00,Tuesday,1,0,3,16,daytime,alert,71.57
43.265323,76.955298,2026-02-01T06:02:01+05:00,Sunday,6,1,2,6,morning,others,46.79
43.259698,76.96823,2025-11-12T12:59:09+05:00,Wednesday,2,0,11,12,daytime,human,56.55
43.215674,76.927642,2026-02-02T04:12:41+05:00,Monday,0,0,2,4,night,transport,59.2
43.237534,76.921624,2026-03-26T19:47:12+05:00,Thursday,3,0,3,19,evening,transport,79.56
43.239029,76.91745,2026-03-06T09:14:22+05:00,Friday,4,0,3,9,morning,transport,67.71
43.351674,77.047582,2026-04-22T09:37:58+05:00,Wednesday,2,0,4,9,morning,transport,82.32
43.232978,76.977428,2026-05-10T15:47:24+05:00,Sunday,6,1,5,15,daytime,animals,43.04
43.255467,76.942827,2026-01-13T20:27:47+05:00,Tuesday,1,0,1,20,evening,human,66.66
43.264016,76.954782,2026-03-29T07:46:10+05:00,Sunday,6,1,3,7,morning,others,52.47
43.220643,76.901286,2025-12-13T22:31:24+05:00,Saturday,5,1,12,22,late_evening,animals,39.62
43.236427,76.929288,2026-01-28T20:59:42+05:00,Wednesday,2,0,1,20,evening,alert,68.48
43.28443,76.895691,2026-02-05T15:28:53+05:00,Thursday,3,0,2,15,daytime,building_noise,70.81
43.257836,76.96916,2026-01-24T09:21:31+05:00,Saturday,5,1,1,9,morning,others,48.79
43.258384,76.963724,2026-05-02T18:20:40+05:00,Saturday,5,1,5,18,evening,transport,64.39
43.340159,76.952327,2026-03-01T09:45:55+05:00,Sunday,6,1,3,9,morning,alert,77.09
43.239856,76.931151,2025-11-04T14:47:26+05:00,Tuesday,1,0,11,14,daytime,transport,63.0
43.237318,76.918785,2026-04-27T07:49:39+05:00,Monday,0,0,4,7,morning,transport,82.61
43.252816,76.943459,2026-04-02T18:47:21+05:00,Thursday,3,0,4,18,evening,human,68.77
43.28427,76.898227,2025-11-01T15:05:15+05:00,Saturday,5,1,11,15,daytime,building_noise,71.79
43.259977,76.971306,2026-02-05T19:13:37+05:00,Thursday,3,0,2,19,evening,animals,51.22
43.26395,76.953833,2026-02-16T08:17:20+05:00,Monday,0,0,2,8,morning,others,49.06
43.264345,76.925655,2026-02-08T13:59:57+05:00,Sunday,6,1,2,13,daytime,human,67.56
43.239188,76.918556,2026-02-26T20:35:55+05:00,Thursday,3,0,2,20,evening,transport,66.44
43.225627,76.899263,2026-01-23T17:43:52+05:00,Friday,4,0,1,17,evening,human,54.37
43.263909,76.824157,2026-01-17T07:48:28+05:00,Saturday,5,1,1,7,morning,human,48.63
43.256211,76.945654,2025-11-12T15:12:53+05:00,Wednesday,2,0,11,15,daytime,others,56.83
43.254636,76.949064,2025-12-18T18:07:51+05:00,Thursday,3,0,12,18,evening,transport,68.44
43.280149,76.894525,2026-03-02T16:37:00+05:00,Monday,0,0,3,16,daytime,building_noise,72.48
43.283053,76.894549,2026-02-02T10:38:24+05:00,Monday,0,0,2,10,morning,building_noise,77.25
43.260121,76.970045,2025-12-22T08:47:34+05:00,Monday,0,0,12,8,morning,others,42.4
43.334391,76.953241,2026-01-20T20:42:15+05:00,Tuesday,1,0,1,20,evening,transport,69.19
43.232213,76.979145,2026-04-19T21:58:33+05:00,Sunday,6,1,4,21,late_evening,others,43.79
43.260341,76.974776,2025-11-27T08:25:17+05:00,Thursday,3,0,11,8,morning,animals,38.84
43.279429,76.900307,2026-02-17T15:38:10+05:00,Tuesday,1,0,2,15,daytime,alert,82.37
43.260714,76.953745,2026-03-03T08:03:15+05:00,Tuesday,1,0,3,8,morning,others,49.86
43.284047,76.894583,2026-05-06T18:50:07+05:00,Wednesday,2,0,5,18,evening,building_noise,76.6
43.248735,76.940707,2025-11-08T23:00:40+05:00,Saturday,5,1,11,23,late_evening,human,76.42
43.236633,76.976693,2025-12-25T22:01:13+05:00,Thursday,3,0,12,22,late_evening,others,43.74
43.239891,76.919149,2025-11-02T19:08:29+05:00,Sunday,6,1,11,19,evening,transport,69.35
43.238985,76.933048,2025-12-22T07:55:21+05:00,Monday,0,0,12,7,morning,alert,78.8
43.257211,76.972717,2026-02-25T08:14:22+05:00,Wednesday,2,0,2,8,morning,animals,41.53
43.249459,76.942547,2026-01-31T09:05:31+05:00,Saturday,5,1,1,9,morning,human,70.79
43.239508,76.918906,2026-03-04T21:22:03+05:00,Wednesday,2,0,3,21,late_evening,others,59.77
43.350137,77.03544,2025-11-25T11:48:51+05:00,Tuesday,1,0,11,11,daytime,alert,76.55
43.239038,76.920858,2026-01-09T17:48:59+05:00,Friday,4,0,1,17,evening,transport,78.42
43.23572,76.918355,2026-03-10T18:24:25+05:00,Tuesday,1,0,3,18,evening,transport,65.78
43.261539,76.945396,2026-02-26T22:22:15+05:00,Thursday,3,0,2,22,late_evening,human,65.5
43.238504,76.923668,2026-04-16T09:42:05+05:00,Thursday,3,0,4,9,morning,transport,75.23
43.236012,76.952986,2026-02-03T08:33:17+05:00,Tuesday,1,0,2,8,morning,transport,72.89
43.250501,76.942389,2025-11-20T13:13:07+05:00,Thursday,3,0,11,13,daytime,building_noise,72.21
43.253099,76.943939,2026-05-08T07:06:28+05:00,Friday,4,0,5,7,morning,others,66.61
43.278456,76.894443,2026-04-09T11:48:58+05:00,Thursday,3,0,4,11,daytime,building_noise,71.47
43.22518,76.898371,2026-04-10T15:40:40+05:00,Friday,4,0,4,15,daytime,human,55.45
43.264552,76.954376,2026-01-22T12:16:41+05:00,Thursday,3,0,1,12,daytime,human,68.07
43.260476,76.967792,2025-12-09T21:26:30+05:00,Tuesday,1,0,12,21,late_evening,animals,39.61
43.276115,76.896052,2026-04-14T11:48:58+05:00,Tuesday,1,0,4,11,daytime,building_noise,71.0
43.236066,76.917465,2026-01-15T08:16:24+05:00,Thursday,3,0,1,8,morning,transport,66.25
43.247029,76.862007,2025-12-03T05:49:16+05:00,Wednesday,2,0,12,5,night,transport,55.22
43.364215,77.041854,2025-12-15T18:43:08+05:00,Monday,0,0,12,18,evening,transport,75.1
43.258226,76.947842,2026-02-13T20:11:30+05:00,Friday,4,0,2,20,evening,human,70.68
43.226139,76.900335,2025-12-03T19:40:12+05:00,Wednesday,2,0,12,19,evening,animals,49.37
43.246048,76.859244,2026-02-03T14:17:12+05:00,Tuesday,1,0,2,14,daytime,others,60.9
43.257907,76.969553,2026-04-13T17:45:24+05:00,Monday,0,0,4,17,evening,human,57.06
43.220088,76.930628,2026-03-25T18:37:43+05:00,Wednesday,2,0,3,18,evening,transport,82.44
43.218518,76.929447,2025-11-01T15:32:43+05:00,Saturday,5,1,11,15,daytime,human,61.43
43.242218,76.930763,2026-03-14T19:49:38+05:00,Saturday,5,1,3,19,evening,alert,75.75
43.238089,76.91673,2026-03-16T19:58:23+05:00,Monday,0,0,3,19,evening,others,49.05
43.25901,76.944924,2025-12-30T09:22:37+05:00,Tuesday,1,0,12,9,morning,transport,69.25
43.259687,76.970045,2026-04-19T23:00:29+05:00,Sunday,6,1,4,23,late_evening,animals,37.98
43.233541,76.953606,2025-11-07T19:25:50+05:00,Friday,4,0,11,19,evening,transport,72.64
43.258535,76.975283,2025-12-14T22:07:27+05:00,Sunday,6,1,12,22,late_evening,animals,37.85
43.257583,76.974229,2026-04-07T20:08:15+05:00,Tuesday,1,0,4,20,evening,animals,39.83
43.237723,76.975333,2025-11-20T07:13:09+05:00,Thursday,3,0,11,7,morning,others,46.46
43.263273,76.927584,2025-11-18T23:35:26+05:00,Tuesday,1,0,11,23,late_evening,others,63.15
43.231428,76.974515,2026-02-02T23:44:14+05:00,Monday,0,0,2,23,late_evening,others,38.11
43.252583,76.948718,2026-01-26T09:33:58+05:00,Monday,0,0,1,9,morning,human,68.51
43.240706,76.921222,2026-01-24T13:01:22+05:00,Saturday,5,1,1,13,daytime,transport,65.06
43.254521,76.945204,2025-11-25T22:43:57+05:00,Tuesday,1,0,11,22,late_evening,human,64.69
43.266891,76.822415,2026-02-21T22:32:53+05:00,Saturday,5,1,2,22,late_evening,alert,78.28
43.233663,76.976587,2025-11-16T22:53:14+05:00,Sunday,6,1,11,22,late_evening,others,44.9
43.220998,76.901155,2025-11-18T22:23:09+05:00,Tuesday,1,0,11,22,late_evening,others,46.07
43.262821,76.825261,2026-04-16T09:57:05+05:00,Thursday,3,0,4,9,morning,human,64.45
43.245159,76.857502,2026-04-15T21:19:03+05:00,Wednesday,2,0,4,21,late_evening,transport,67.61
43.239853,76.924842,2026-02-24T17:01:02+05:00,Tuesday,1,0,2,17,evening,transport,79.23
43.258178,76.968668,2025-12-20T00:27:37+05:00,Saturday,5,1,12,0,night,others,35.0
43.233548,76.973128,2026-01-21T23:42:53+05:00,Wednesday,2,0,1,23,late_evening,others,42.53
43.337316,76.951034,2026-01-05T08:59:31+05:00,Monday,0,0,1,8,morning,transport,73.28
43.216533,76.929705,2025-12-24T19:51:17+05:00,Wednesday,2,0,12,19,evening,transport,80.41
43.238122,76.926741,2025-11-11T21:33:30+05:00,Tuesday,1,0,11,21,late_evening,alert,67.28
43.217833,76.932374,2026-04-25T20:55:05+05:00,Saturday,5,1,4,20,evening,transport,68.1
43.259594,76.955091,2026-03-02T17:31:35+05:00,Monday,0,0,3,17,evening,human,54.92
43.23969,76.919663,2026-01-30T10:16:48+05:00,Friday,4,0,1,10,morning,transport,60.95
43.249481,76.942207,2026-02-14T15:44:15+05:00,Saturday,5,1,2,15,daytime,human,65.61
43.257847,76.974272,2026-03-20T21:52:08+05:00,Friday,4,0,3,21,late_evening,others,43.32
43.247315,76.940469,2025-12-05T16:05:15+05:00,Friday,4,0,12,16,daytime,human,61.27
43.258757,76.973518,2025-12-20T18:23:03+05:00,Saturday,5,1,12,18,evening,animals,47.94
43.219964,76.930217,2025-11-27T07:55:15+05:00,Thursday,3,0,11,7,morning,transport,78.91
43.252339,76.94064,2025-11-11T09:20:42+05:00,Tuesday,1,0,11,9,morning,others,68.56
43.236099,76.933023,2026-01-26T21:06:23+05:00,Monday,0,0,1,21,late_evening,alert,67.8
43.283372,76.896276,2025-12-30T21:07:17+05:00,Tuesday,1,0,12,21,late_evening,transport,65.17
43.263759,76.823961,2026-02-12T21:43:17+05:00,Thursday,3,0,2,21,late_evening,human,56.03
43.238594,76.930937,2026-03-30T10:20:37+05:00,Monday,0,0,3,10,morning,transport,63.51
43.236953,76.916193,2025-12-01T10:19:03+05:00,Monday,0,0,12,10,morning,others,55.13
43.241243,76.931358,2026-02-18T17:07:47+05:00,Wednesday,2,0,2,17,evening,alert,73.54
43.278276,76.897803,2026-03-17T12:03:54+05:00,Tuesday,1,0,3,12,daytime,building_noise,73.79
43.280571,76.895058,2026-04-04T18:34:33+05:00,Saturday,5,1,4,18,evening,building_noise,72.63
43.248653,76.941165,2026-02-12T08:40:35+05:00,Thursday,3,0,2,8,morning,human,69.41
43.260848,76.969637,2026-03-11T17:05:03+05:00,Wednesday,2,0,3,17,evening,human,56.31
43.239714,76.976375,2025-12-30T00:58:31+05:00,Tuesday,1,0,12,0,night,others,35.0
43.257589,76.945591,2026-02-08T08:40:02+05:00,Sunday,6,1,2,8,morning,others,66.84
43.218242,76.927769,2026-04-15T18:25:56+05:00,Wednesday,2,0,4,18,evening,transport,85.63
43.2404,76.932216,2026-01-10T08:27:42+05:00,Saturday,5,1,1,8,morning,alert,67.7
43.263349,76.954972,2026-03-04T18:02:15+05:00,Wednesday,2,0,3,18,evening,human,69.56
43.25939,76.94577,2026-02-17T06:14:41+05:00,Tuesday,1,0,2,6,morning,alert,64.16
43.221087,76.931503,2026-05-10T13:10:47+05:00,Sunday,6,1,5,13,daytime,transport,67.72
43.258716,76.944671,2025-12-14T23:43:25+05:00,Sunday,6,1,12,23,late_evening,human,66.71
43.258714,76.975906,2026-04-28T11:23:36+05:00,Tuesday,1,0,4,11,daytime,animals,44.48
43.337554,76.946742,2025-12-24T21:47:26+05:00,Wednesday,2,0,12,21,late_evening,alert,72.61
43.353709,77.035829,2026-03-17T05:59:52+05:00,Tuesday,1,0,3,5,night,transport,59.23
43.260286,76.822534,2025-11-27T11:29:47+05:00,Thursday,3,0,11,11,daytime,others,50.48
43.265866,76.819689,2026-04-17T20:16:30+05:00,Friday,4,0,4,20,evening,human,62.24
43.221725,76.935312,2026-04-02T08:13:34+05:00,Thursday,3,0,4,8,morning,transport,80.94
43.23586,76.95771,2026-02-13T08:31:18+05:00,Friday,4,0,2,8,morning,others,73.2
43.262762,76.927369,2025-11-15T21:00:28+05:00,Saturday,5,1,11,21,late_evening,human,67.52
43.337811,76.951059,2025-11-12T07:50:16+05:00,Wednesday,2,0,11,7,morning,transport,76.71
43.251861,76.945429,2025-12-01T11:09:37+05:00,Monday,0,0,12,11,daytime,transport,61.88
43.257207,76.945527,2026-05-04T07:22:29+05:00,Monday,0,0,5,7,morning,human,66.92
43.251615,76.941538,2026-01-21T06:52:20+05:00,Wednesday,2,0,1,6,morning,alert,61.98
43.279954,76.896941,2026-04-23T09:44:20+05:00,Thursday,3,0,4,9,morning,building_noise,77.98
43.233915,76.921472,2026-01-03T19:24:30+05:00,Saturday,5,1,1,19,evening,transport,71.91
43.281553,76.890106,2026-01-12T10:46:07+05:00,Monday,0,0,1,10,morning,building_noise,73.0
43.260109,76.944772,2026-01-14T13:43:39+05:00,Wednesday,2,0,1,13,daytime,human,57.26
43.248804,76.94067,2025-11-25T18:14:27+05:00,Tuesday,1,0,11,18,evening,alert,78.34
43.253664,76.946199,2026-01-04T11:05:47+05:00,Sunday,6,1,1,11,daytime,human,62.33
43.237654,76.95831,2026-02-05T17:10:58+05:00,Thursday,3,0,2,17,evening,transport,75.62
43.24749,76.940328,2026-03-24T09:07:55+05:00,Tuesday,1,0,3,9,morning,transport,65.08
43.267216,76.927882,2026-05-04T18:52:18+05:00,Monday,0,0,5,18,evening,human,65.6
43.247754,76.863214,2026-03-19T18:07:51+05:00,Thursday,3,0,3,18,evening,transport,73.78
43.236834,76.977719,2025-11-08T17:05:34+05:00,Saturday,5,1,11,17,evening,human,53.18
43.353128,77.037248,2025-11-12T18:08:43+05:00,Wednesday,2,0,11,18,evening,transport,78.82
43.254401,76.96833,2026-02-22T09:07:33+05:00,Sunday,6,1,2,9,morning,others,48.7
43.240116,76.92357,2025-12-22T15:21:52+05:00,Monday,0,0,12,15,daytime,transport,76.64
43.266446,76.821639,2026-02-06T17:43:25+05:00,Friday,4,0,2,17,evening,animals,50.93
43.248098,76.859801,2025-12-09T11:25:10+05:00,Tuesday,1,0,12,11,daytime,transport,70.23
43.232878,76.975082,2026-01-19T19:22:03+05:00,Monday,0,0,1,19,evening,building_noise,55.19
43.25732,76.966774,2025-11-26T08:20:04+05:00,Wednesday,2,0,11,8,morning,others,53.95
43.342557,76.95354,2026-03-24T18:49:02+05:00,Tuesday,1,0,3,18,evening,transport,72.46
43.263444,76.955094,2026-03-22T17:40:28+05:00,Sunday,6,1,3,17,evening,human,76.17
43.237105,76.921,2026-05-01T18:18:21+05:00,Friday,4,0,5,18,evening,transport,80.53
43.252887,76.94663,2026-04-28T09:38:54+05:00,Tuesday,1,0,4,9,morning,human,70.29
43.218902,76.9283,2025-11-26T19:57:35+05:00,Wednesday,2,0,11,19,evening,transport,77.96
43.238075,76.926896,2026-04-23T15:01:21+05:00,Thursday,3,0,4,15,daytime,transport,69.66
43.260203,76.972743,2025-11-08T13:56:19+05:00,Saturday,5,1,11,13,daytime,animals,50.26
43.28022,76.890679,2026-02-01T13:39:57+05:00,Sunday,6,1,2,13,daytime,transport,60.34
43.241065,76.929749,2025-11-19T01:03:41+05:00,Wednesday,2,0,11,1,night,transport,51.72
43.341384,76.94305,2026-01-22T17:01:19+05:00,Thursday,3,0,1,17,evening,transport,79.02
43.23505,76.955239,2025-11-11T20:40:08+05:00,Tuesday,1,0,11,20,evening,human,69.01
43.281615,76.890272,2026-05-05T23:23:35+05:00,Tuesday,1,0,5,23,late_evening,building_noise,61.34
43.261237,76.969354,2026-02-15T18:34:46+05:00,Sunday,6,1,2,18,evening,human,61.45
43.256165,76.942761,2025-12-08T19:56:38+05:00,Monday,0,0,12,19,evening,building_noise,68.54
43.249249,76.94115,2025-11-25T18:21:27+05:00,Tuesday,1,0,11,18,evening,alert,76.78
43.341025,76.948537,2026-04-02T10:41:14+05:00,Thursday,3,0,4,10,morning,transport,68.31
43.262577,76.819921,2026-03-03T07:55:17+05:00,Tuesday,1,0,3,7,morning,human,58.73
43.232125,76.925662,2026-04-22T18:31:15+05:00,Wednesday,2,0,4,18,evening,transport,81.57
43.264078,76.956375,2026-03-11T22:22:45+05:00,Wednesday,2,0,3,22,late_evening,others,45.5
43.262853,76.954228,2026-02-24T13:31:19+05:00,Tuesday,1,0,2,13,daytime,human,61.37
43.250027,76.940821,2026-04-24T08:36:13+05:00,Friday,4,0,4,8,morning,human,62.43
43.249155,76.942183,2025-12-03T11:34:57+05:00,Wednesday,2,0,12,11,daytime,transport,63.41
43.237489,76.929571,2026-05-08T06:23:48+05:00,Friday,4,0,5,6,morning,transport,53.77
43.224976,76.900207,2025-12-16T10:02:36+05:00,Tuesday,1,0,12,10,morning,animals,44.16
43.35357,77.039869,2026-02-21T19:30:29+05:00,Saturday,5,1,2,19,evening,transport,74.2
43.237493,76.916579,2026-02-11T23:52:00+05:00,Wednesday,2,0,2,23,late_evening,others,60.65
43.262142,76.954577,2026-04-14T14:09:12+05:00,Tuesday,1,0,4,14,daytime,others,61.38
43.245614,76.939008,2026-04-20T15:16:30+05:00,Monday,0,0,4,15,daytime,building_noise,64.36
43.222241,76.903397,2026-03-21T22:55:17+05:00,Saturday,5,1,3,22,late_evening,others,38.62
43.266644,76.822727,2025-12-09T18:18:09+05:00,Tuesday,1,0,12,18,evening,others,58.11
43.237207,76.926569,2025-12-22T19:51:35+05:00,Monday,0,0,12,19,evening,transport,78.66
43.261855,76.95369,2025-11-22T10:16:07+05:00,Saturday,5,1,11,10,morning,human,66.01
43.264507,76.927321,2025-11-10T18:40:41+05:00,Monday,0,0,11,18,evening,human,64.69
43.266284,76.955302,2025-12-11T16:31:01+05:00,Thursday,3,0,12,16,daytime,human,63.89
43.249254,76.940229,2025-11-30T17:36:09+05:00,Sunday,6,1,11,17,evening,animals,51.97
43.234301,76.955409,2025-12-25T12:52:16+05:00,Thursday,3,0,12,12,daytime,transport,68.17
43.255512,76.944417,2026-05-08T20:31:23+05:00,Friday,4,0,5,20,evening,human,72.09
43.224528,76.898058,2026-03-01T13:12:30+05:00,Sunday,6,1,3,13,daytime,animals,47.12
43.243234,76.862413,2026-04-23T23:22:00+05:00,Thursday,3,0,4,23,late_evening,transport,72.55
43.262994,76.822587,2025-11-03T21:51:20+05:00,Monday,0,0,11,21,late_evening,building_noise,59.9
43.251589,76.944453,2026-04-13T21:57:55+05:00,Monday,0,0,4,21,late_evening,others,63.61
43.256871,76.945842,2026-03-18T16:29:07+05:00,Wednesday,2,0,3,16,daytime,building_noise,64.72
43.265977,76.927342,2026-01-08T11:37:56+05:00,Thursday,3,0,1,11,daytime,human,61.83
43.242421,76.920785,2026-03-01T20:01:09+05:00,Sunday,6,1,3,20,evening,human,69.69
43.239161,76.927969,2026-02-11T17:08:36+05:00,Wednesday,2,0,2,17,evening,alert,72.55
43.252221,76.944587,2026-03-31T19:46:51+05:00,Tuesday,1,0,3,19,evening,others,62.07
43.257948,76.969092,2026-01-14T16:48:00+05:00,Wednesday,2,0,1,16,daytime,animals,46.81
43.239789,76.921474,2025-11-04T07:12:59+05:00,Tuesday,1,0,11,7,morning,transport,80.43
43.219222,76.930518,2026-01-23T12:10:56+05:00,Friday,4,0,1,12,daytime,transport,75.03
43.238168,76.922389,2026-02-11T19:00:04+05:00,Wednesday,2,0,2,19,evening,transport,82.73
43.234417,76.955705,2025-11-27T23:23:41+05:00,Thursday,3,0,11,23,late_evening,human,62.51
43.262973,76.953967,2025-11-05T12:26:03+05:00,Wednesday,2,0,11,12,daytime,human,59.67
43.253337,76.859144,2025-11-15T11:51:09+05:00,Saturday,5,1,11,11,daytime,transport,71.51
43.216737,76.926889,2026-05-06T07:41:25+05:00,Wednesday,2,0,5,7,morning,transport,81.74
43.289477,76.892244,2026-03-24T13:06:20+05:00,Tuesday,1,0,3,13,daytime,building_noise,70.44
43.236287,76.958386,2025-11-11T17:29:07+05:00,Tuesday,1,0,11,17,evening,transport,78.43
43.254805,76.944588,2026-04-12T01:41:33+05:00,Sunday,6,1,4,1,night,human,57.48
43.220817,76.927266,2026-05-07T09:40:41+05:00,Thursday,3,0,5,9,morning,transport,81.61
43.225175,76.90194,2026-02-21T09:59:55+05:00,Saturday,5,1,2,9,morning,others,51.73
43.260359,76.952963,2025-12-02T09:26:08+05:00,Tuesday,1,0,12,9,morning,human,70.45
43.221197,76.929015,2026-05-08T16:14:27+05:00,Friday,4,0,5,16,daytime,transport,74.5
43.357713,77.03714,2025-12-10T08:58:36+05:00,Wednesday,2,0,12,8,morning,alert,82.51
43.259895,76.971331,2025-11-03T06:34:23+05:00,Monday,0,0,11,6,morning,others,38.98
43.236633,76.957143,2025-12-12T21:26:12+05:00,Friday,4,0,12,21,late_evening,animals,54.9
43.287569,76.897236,2026-01-12T20:16:25+05:00,Monday,0,0,1,20,evening,alert,65.53
43.218784,76.905264,2025-12-03T06:44:04+05:00,Wednesday,2,0,12,6,morning,others,39.35
43.2355,76.91538,2026-04-30T18:37:14+05:00,Thursday,3,0,4,18,evening,animals,49.89
43.281812,76.892017,2025-12-30T09:00:00+05:00,Tuesday,1,0,12,9,morning,building_noise,80.62
43.23599,76.918776,2026-04-18T18:37:01+05:00,Saturday,5,1,4,18,evening,transport,69.39
43.263563,76.953207,2026-02-15T11:16:34+05:00,Sunday,6,1,2,11,daytime,human,68.21
43.239588,76.928551,2026-04-30T01:53:35+05:00,Thursday,3,0,4,1,night,transport,56.52
43.23708,76.920386,2026-04-06T19:47:15+05:00,Monday,0,0,4,19,evening,transport,81.81
43.220289,76.902522,2026-04-08T20:08:06+05:00,Wednesday,2,0,4,20,evening,others,42.49
43.235874,76.954921,2025-11-15T09:05:47+05:00,Saturday,5,1,11,9,morning,human,68.25
43.221107,76.899244,2025-12-19T09:09:22+05:00,Friday,4,0,12,9,morning,others,48.7
43.236338,76.914859,2026-02-17T18:57:36+05:00,Tuesday,1,0,2,18,evening,transport,68.13
43.22287,76.901291,2026-01-21T08:38:05+05:00,Wednesday,2,0,1,8,morning,animals,42.86
43.238473,76.931062,2025-12-12T22:11:13+05:00,Friday,4,0,12,22,late_evening,animals,49.93
43.237945,76.930002,2025-12-31T21:30:52+05:00,Wednesday,2,0,12,21,late_evening,alert,70.33
43.236159,76.956459,2026-03-18T18:41:58+05:00,Wednesday,2,0,3,18,evening,human,79.92
43.238426,76.915673,2026-02-26T19:45:05+05:00,Thursday,3,0,2,19,evening,transport,70.8
43.280305,76.892812,2026-03-02T17:09:23+05:00,Monday,0,0,3,17,evening,building_noise,78.49
43.239086,76.924035,2026-01-28T07:49:15+05:00,Wednesday,2,0,1,7,morning,transport,80.05
43.26409,76.955625,2026-03-31T17:56:06+05:00,Tuesday,1,0,3,17,evening,human,69.9
43.255116,76.945867,2025-11-15T09:37:02+05:00,Saturday,5,1,11,9,morning,human,65.82
43.258748,76.970048,2025-12-15T20:20:13+05:00,Monday,0,0,12,20,evening,others,44.49
43.234558,76.916289,2025-12-01T17:03:28+05:00,Monday,0,0,12,17,evening,transport,70.15
43.236525,76.921768,2026-04-21T17:01:55+05:00,Tuesday,1,0,4,17,evening,transport,79.52
43.237538,76.927262,2026-03-13T09:40:22+05:00,Friday,4,0,3,9,morning,alert,69.6
43.263177,76.955645,2025-12-05T20:13:54+05:00,Friday,4,0,12,20,evening,others,49.78
43.260494,76.927502,2026-01-15T08:31:28+05:00,Thursday,3,0,1,8,morning,human,69.73
43.239812,76.958639,2026-04-05T21:54:42+05:00,Sunday,6,1,4,21,late_evening,human,72.31
43.258816,76.974619,2026-02-06T15:55:36+05:00,Friday,4,0,2,15,daytime,human,50.32
43.22199,76.903465,2025-11-08T09:53:18+05:00,Saturday,5,1,11,9,morning,others,42.09
43.259275,76.962728,2026-02-01T09:07:49+05:00,Sunday,6,1,2,9,morning,building_noise,59.89
43.265814,76.822939,2025-11-08T07:36:55+05:00,Saturday,5,1,11,7,morning,human,54.99
43.240271,76.929671,2026-02-25T21:34:19+05:00,Wednesday,2,0,2,21,late_evening,alert,71.15
43.283247,76.895416,2025-12-17T22:43:25+05:00,Wednesday,2,0,12,22,late_evening,transport,62.1
43.236587,76.924057,2026-01-12T13:02:52+05:00,Monday,0,0,1,13,daytime,transport,73.3
43.339497,76.951929,2025-11-09T13:50:04+05:00,Sunday,6,1,11,13,daytime,transport,68.33
43.338816,76.949449,2025-12-05T12:02:46+05:00,Friday,4,0,12,12,daytime,transport,69.68
43.262995,76.956879,2026-03-09T07:21:01+05:00,Monday,0,0,3,7,morning,alert,61.54
43.289201,76.893502,2025-11-18T13:24:44+05:00,Tuesday,1,0,11,13,daytime,building_noise,69.45
43.23621,76.918267,2025-11-11T08:17:49+05:00,Tuesday,1,0,11,8,morning,transport,68.4
43.22046,76.901867,2026-01-31T15:10:00+05:00,Saturday,5,1,1,15,daytime,human,59.99
43.217131,76.926661,2025-12-05T18:21:18+05:00,Friday,4,0,12,18,evening,transport,82.66
43.251289,76.94197,2026-03-06T20:15:30+05:00,Friday,4,0,3,20,evening,human,77.12
43.219616,76.928509,2025-12-02T21:47:52+05:00,Tuesday,1,0,12,21,late_evening,transport,71.81
43.247526,76.864643,2026-03-27T07:13:31+05:00,Friday,4,0,3,7,morning,transport,72.75
43.240455,76.9301,2026-04-14T09:19:25+05:00,Tuesday,1,0,4,9,morning,alert,71.28
43.261302,76.954206,2025-12-17T16:13:44+05:00,Wednesday,2,0,12,16,daytime,human,65.07
43.238888,76.929624,2026-01-22T18:47:30+05:00,Thursday,3,0,1,18,evening,alert,69.69
43.247441,76.942393,2025-11-13T17:39:50+05:00,Thursday,3,0,11,17,evening,alert,76.38
43.28264,76.896109,2026-03-29T08:21:43+05:00,Sunday,6,1,3,8,morning,transport,64.22
43.24671,76.859783,2025-12-18T20:39:40+05:00,Thursday,3,0,12,20,evening,transport,71.93
43.253969,76.944172,2026-04-14T22:19:41+05:00,Tuesday,1,0,4,22,late_evening,transport,67.76
43.264608,76.930419,2026-02-11T15:51:25+05:00,Wednesday,2,0,2,15,daytime,human,60.85
43.266022,76.925631,2025-12-24T17:54:18+05:00,Wednesday,2,0,12,17,evening,human,66.02
43.233934,76.915426,2026-04-08T14:48:20+05:00,Wednesday,2,0,4,14,daytime,human,59.55
43.282732,76.893745,2025-11-11T15:28:05+05:00,Tuesday,1,0,11,15,daytime,building_noise,76.36
43.255082,76.94258,2025-12-26T11:15:54+05:00,Friday,4,0,12,11,daytime,building_noise,70.02
43.236846,76.957554,2025-11-13T11:45:35+05:00,Thursday,3,0,11,11,daytime,others,60.42
43.228479,76.899991,2026-02-06T20:17:38+05:00,Friday,4,0,2,20,evening,others,39.27
43.341665,76.949432,2026-05-05T18:33:20+05:00,Tuesday,1,0,5,18,evening,transport,82.44
43.263979,76.927572,2026-02-09T21:04:29+05:00,Monday,0,0,2,21,late_evening,human,60.8
43.248177,76.939788,2026-01-03T13:41:00+05:00,Saturday,5,1,1,13,daytime,alert,77.72
43.279824,76.889085,2025-12-23T13:52:41+05:00,Tuesday,1,0,12,13,daytime,building_noise,74.75
43.261806,76.967962,2025-11-10T18:55:51+05:00,Monday,0,0,11,18,evening,human,63.25
43.284272,76.890205,2026-04-25T22:54:43+05:00,Saturday,5,1,4,22,late_evening,transport,61.18
43.221719,76.898488,2025-12-05T09:23:35+05:00,Friday,4,0,12,9,morning,others,47.77
43.222677,76.901167,2026-03-28T08:10:44+05:00,Saturday,5,1,3,8,morning,others,45.72
43.238755,76.929248,2025-12-03T22:40:35+05:00,Wednesday,2,0,12,22,late_evening,alert,71.72
43.283023,76.902611,2025-11-10T14:02:52+05:00,Monday,0,0,11,14,daytime,building_noise,72.4
43.249247,76.862302,2026-05-06T17:50:13+05:00,Wednesday,2,0,5,17,evening,transport,74.59
43.240328,76.921478,2026-03-11T16:03:37+05:00,Wednesday,2,0,3,16,daytime,human,66.29
43.256022,76.944876,2025-12-20T18:32:45+05:00,Saturday,5,1,12,18,evening,transport,67.21
43.266986,76.821527,2026-04-03T15:31:21+05:00,Friday,4,0,4,15,daytime,human,53.15
43.239458,76.930253,2025-12-21T22:49:09+05:00,Sunday,6,1,12,22,late_evening,alert,74.8
43.2374,76.921649,2025-12-02T17:02:21+05:00,Tuesday,1,0,12,17,evening,transport,67.24
43.220964,76.923244,2026-02-22T14:52:40+05:00,Sunday,6,1,2,14,daytime,transport,66.48
43.236747,76.956857,2026-05-05T17:47:25+05:00,Tuesday,1,0,5,17,evening,others,75.98
43.215933,76.93166,2026-02-15T20:18:17+05:00,Sunday,6,1,2,20,evening,transport,69.12
43.248889,76.940124,2026-01-03T13:38:00+05:00,Saturday,5,1,1,13,daytime,alert,75.83
43.216612,76.933585,2026-01-29T14:14:03+05:00,Thursday,3,0,1,14,daytime,transport,74.46
43.257693,76.972164,2026-02-20T09:10:44+05:00,Friday,4,0,2,9,morning,animals,44.75
43.26249,76.952514,2026-03-14T18:24:30+05:00,Saturday,5,1,3,18,evening,human,67.62
43.220302,76.927564,2026-02-27T19:51:45+05:00,Friday,4,0,2,19,evening,transport,79.8
43.222401,76.901258,2026-02-24T17:43:14+05:00,Tuesday,1,0,2,17,evening,others,58.87
43.218649,76.930798,2026-01-16T20:25:29+05:00,Friday,4,0,1,20,evening,transport,73.55
43.257621,76.972033,2026-04-19T12:21:21+05:00,Sunday,6,1,4,12,daytime,human,52.06
43.246328,76.861307,2026-01-30T08:26:27+05:00,Friday,4,0,1,8,morning,transport,80.6
43.251577,76.945663,2026-01-05T17:45:49+05:00,Monday,0,0,1,17,evening,human,66.4
43.350926,77.034473,2025-11-25T12:05:51+05:00,Tuesday,1,0,11,12,daytime,alert,75.06
43.23274,76.975964,2026-02-05T09:04:56+05:00,Thursday,3,0,2,9,morning,others,45.21
43.260317,76.973452,2026-03-31T07:38:37+05:00,Tuesday,1,0,3,7,morning,animals,39.23
43.3394,76.947309,2026-03-26T16:45:45+05:00,Thursday,3,0,3,16,daytime,transport,66.44
43.249419,76.944611,2026-05-06T09:08:28+05:00,Wednesday,2,0,5,9,morning,human,68.28
43.233458,76.957572,2026-02-01T08:19:42+05:00,Sunday,6,1,2,8,morning,human,65.28
43.354741,77.036579,2026-04-16T08:33:58+05:00,Thursday,3,0,4,8,morning,transport,77.25
43.262168,76.952774,2025-11-18T15:44:37+05:00,Tuesday,1,0,11,15,daytime,others,62.58
43.262987,76.969787,2025-12-26T13:35:01+05:00,Friday,4,0,12,13,daytime,human,53.59
43.282098,76.892029,2025-12-30T08:59:00+05:00,Tuesday,1,0,12,8,morning,building_noise,81.73
43.238082,76.922551,2025-12-22T08:48:30+05:00,Monday,0,0,12,8,morning,alert,83.5
43.223181,76.901011,2025-11-11T17:43:08+05:00,Tuesday,1,0,11,17,evening,animals,51.49
43.215405,76.929497,2026-01-18T17:38:39+05:00,Sunday,6,1,1,17,evening,transport,71.46
43.238556,76.929279,2025-11-18T08:12:55+05:00,Tuesday,1,0,11,8,morning,alert,75.03
43.23768,76.955698,2026-03-19T08:22:14+05:00,Thursday,3,0,3,8,morning,transport,76.06
43.260396,76.81705,2026-01-21T12:56:15+05:00,Wednesday,2,0,1,12,daytime,human,56.46
43.234854,76.972819,2026-04-16T13:09:17+05:00,Thursday,3,0,4,13,daytime,human,53.85
43.233447,76.955306,2025-11-16T13:30:18+05:00,Sunday,6,1,11,13,daytime,human,61.39
43.238795,76.915969,2025-12-11T18:53:27+05:00,Thursday,3,0,12,18,evening,transport,68.19
43.259233,76.973665,2026-03-01T09:49:18+05:00,Sunday,6,1,3,9,morning,animals,41.34
43.221841,76.929761,2025-12-09T17:12:53+05:00,Tuesday,1,0,12,17,evening,transport,81.89
43.220225,76.92833,2026-04-11T08:42:50+05:00,Saturday,5,1,4,8,morning,transport,65.96
43.263148,76.953303,2026-03-09T22:29:09+05:00,Monday,0,0,3,22,late_evening,others,47.54
43.258501,76.975591,2026-04-28T11:31:36+05:00,Tuesday,1,0,4,11,daytime,animals,44.89
43.240032,76.929549,2026-05-09T20:30:42+05:00,Saturday,5,1,5,20,evening,alert,66.57
43.247296,76.86405,2026-02-19T11:44:43+05:00,Thursday,3,0,2,11,daytime,others,68.08
43.236722,76.922092,2026-02-25T14:16:47+05:00,Wednesday,2,0,2,14,daytime,building_noise,66.98
43.252822,76.938104,2026-01-04T17:40:13+05:00,Sunday,6,1,1,17,evening,transport,68.68
43.256764,76.975724,2026-01-25T21:55:11+05:00,Sunday,6,1,1,21,late_evening,animals,36.59
43.238941,76.920827,2026-02-04T14:50:56+05:00,Wednesday,2,0,2,14,daytime,transport,70.9
43.278921,76.892587,2026-01-07T17:36:43+05:00,Wednesday,2,0,1,17,evening,building_noise,78.16
43.24275,76.920013,2026-01-21T03:29:26+05:00,Wednesday,2,0,1,3,night,transport,54.56
43.237156,76.923029,2026-05-08T15:55:34+05:00,Friday,4,0,5,15,daytime,transport,61.59
43.254988,76.944413,2025-11-16T18:26:59+05:00,Sunday,6,1,11,18,evening,human,65.41
43.261545,76.954379,2026-02-15T21:55:23+05:00,Sunday,6,1,2,21,late_evening,others,47.48
43.238949,76.957255,2026-02-21T12:04:49+05:00,Saturday,5,1,2,12,daytime,human,66.36
43.237061,76.97748,2026-03-14T13:41:58+05:00,Saturday,5,1,3,13,daytime,human,52.52
43.220827,76.930326,2026-01-03T14:49:32+05:00,Saturday,5,1,1,14,daytime,transport,68.73
43.258467,76.973692,2025-12-13T21:02:36+05:00,Saturday,5,1,12,21,late_evening,animals,35.0
43.256774,76.943044,2026-01-09T20:13:49+05:00,Friday,4,0,1,20,evening,others,69.74
43.281547,76.893462,2026-01-17T10:21:55+05:00,Saturday,5,1,1,10,morning,building_noise,71.94
43.236645,76.954591,2026-04-11T18:31:52+05:00,Saturday,5,1,4,18,evening,transport,67.24
43.359111,77.043803,2026-01-23T13:14:13+05:00,Friday,4,0,1,13,daytime,alert,79.41
43.267675,76.823296,2025-11-12T17:39:49+05:00,Wednesday,2,0,11,17,evening,human,60.96
43.237266,76.915711,2025-12-14T08:46:04+05:00,Sunday,6,1,12,8,morning,others,55.56
43.236836,76.977941,2026-03-19T00:18:53+05:00,Thursday,3,0,3,0,night,animals,35.0
43.257008,76.94749,2025-12-22T19:26:40+05:00,Monday,0,0,12,19,evening,human,65.97
43.260035,76.955481,2026-02-19T07:18:46+05:00,Thursday,3,0,2,7,morning,others,49.7
43.234735,76.957136,2026-01-23T14:49:40+05:00,Friday,4,0,1,14,daytime,others,63.79
43.234577,76.956649,2026-03-26T10:27:24+05:00,Thursday,3,0,3,10,morning,transport,62.32
43.267744,76.819364,2025-12-03T22:51:05+05:00,Wednesday,2,0,12,22,late_evening,human,56.68
43.260242,76.9657,2026-03-09T06:42:20+05:00,Monday,0,0,3,6,morning,animals,35.0
43.22199,76.901534,2026-01-07T22:57:21+05:00,Wednesday,2,0,1,22,late_evening,animals,35.0
43.237899,76.926548,2025-11-11T21:36:30+05:00,Tuesday,1,0,11,21,late_evening,alert,66.36
43.248433,76.861305,2026-04-15T21:58:59+05:00,Wednesday,2,0,4,21,late_evening,transport,66.79
43.33918,76.947517,2026-04-01T08:13:13+05:00,Wednesday,2,0,4,8,morning,alert,82.74
43.262585,76.926936,2025-12-28T17:26:14+05:00,Sunday,6,1,12,17,evening,human,70.74
43.233255,76.957424,2026-02-16T11:27:31+05:00,Monday,0,0,2,11,daytime,building_noise,68.64
43.25385,76.946473,2025-11-19T19:39:08+05:00,Wednesday,2,0,11,19,evening,human,66.89
43.260297,76.820064,2026-01-05T08:24:58+05:00,Monday,0,0,1,8,morning,human,58.51
43.220432,76.926813,2026-05-06T05:51:13+05:00,Wednesday,2,0,5,5,night,transport,61.06
43.259831,76.953246,2026-03-06T23:02:33+05:00,Friday,4,0,3,23,late_evening,others,47.34
43.26449,76.819209,2026-03-25T19:17:11+05:00,Wednesday,2,0,3,19,evening,human,64.75
43.259315,76.9714,2026-02-05T19:05:37+05:00,Thursday,3,0,2,19,evening,animals,51.63
43.217217,76.924084,2026-01-29T08:09:11+05:00,Thursday,3,0,1,8,morning,transport,85.92
43.260839,76.973417,2026-03-31T07:33:37+05:00,Tuesday,1,0,3,7,morning,animals,40.25
43.342444,77.043094,2026-05-06T19:26:11+05:00,Wednesday,2,0,5,19,evening,human,72.52
43.352741,77.037668,2026-01-25T09:06:54+05:00,Sunday,6,1,1,9,morning,transport,74.34
43.257451,76.944918,2026-03-11T19:35:21+05:00,Wednesday,2,0,3,19,evening,human,67.47
43.288709,76.897842,2025-12-03T17:19:30+05:00,Wednesday,2,0,12,17,evening,building_noise,75.85
43.222223,76.901923,2026-01-07T22:52:21+05:00,Wednesday,2,0,1,22,late_evening,animals,35.0
43.218347,76.927885,2025-12-11T17:20:28+05:00,Thursday,3,0,12,17,evening,transport,81.19
43.262086,76.927125,2026-04-11T12:18:23+05:00,Saturday,5,1,4,12,daytime,human,58.08
43.354382,77.047799,2025-11-05T14:20:06+05:00,Wednesday,2,0,11,14,daytime,transport,68.96
43.238421,76.915745,2026-02-19T10:10:38+05:00,Thursday,3,0,2,10,morning,transport,57.46
43.250419,76.941017,2026-03-14T15:06:13+05:00,Saturday,5,1,3,15,daytime,building_noise,62.41
43.258332,76.944977,2025-11-26T20:06:52+05:00,Wednesday,2,0,11,20,evening,human,65.4
43.255995,76.974863,2026-02-20T08:01:37+05:00,Friday,4,0,2,8,morning,animals,42.62
43.287967,76.891941,2025-11-10T14:31:05+05:00,Monday,0,0,11,14,daytime,building_noise,74.37
43.26421,76.926851,2026-02-16T10:57:46+05:00,Monday,0,0,2,10,morning,human,60.74
43.254351,76.939877,2026-01-16T17:01:50+05:00,Friday,4,0,1,17,evening,human,74.83
43.255018,76.946481,2026-01-05T14:21:01+05:00,Monday,0,0,1,14,daytime,human,58.7
43.249025,76.942097,2026-02-21T20:10:27+05:00,Saturday,5,1,2,20,evening,human,71.55
43.246547,76.859008,2026-03-08T19:48:12+05:00,Sunday,6,1,3,19,evening,transport,74.35
43.251449,76.944799,2025-11-29T14:42:21+05:00,Saturday,5,1,11,14,daytime,human,60.69
43.250415,76.941942,2026-04-14T14:04:26+05:00,Tuesday,1,0,4,14,daytime,human,60.88
43.283493,76.894839,2026-05-06T18:52:07+05:00,Wednesday,2,0,5,18,evening,building_noise,78.38
43.248013,76.942684,2026-03-22T13:56:25+05:00,Sunday,6,1,3,13,daytime,transport,66.68
43.258719,76.975738,2026-04-28T11:42:36+05:00,Tuesday,1,0,4,11,daytime,animals,45.08
43.285019,76.899381,2026-04-05T17:02:21+05:00,Sunday,6,1,4,17,evening,transport,63.55
43.243899,76.919292,2025-12-06T19:38:47+05:00,Saturday,5,1,12,19,evening,transport,71.64
43.236551,76.915079,2026-02-21T20:06:01+05:00,Saturday,5,1,2,20,evening,transport,57.1
43.262658,76.957965,2026-04-02T15:19:59+05:00,Thursday,3,0,4,15,daytime,human,66.23
43.237744,76.912576,2026-03-25T15:12:35+05:00,Wednesday,2,0,3,15,daytime,transport,61.49
43.257408,76.943819,2025-12-19T21:53:44+05:00,Friday,4,0,12,21,late_evening,human,72.67
43.233736,76.973688,2025-12-05T16:18:07+05:00,Friday,4,0,12,16,daytime,human,51.19
43.238536,76.930942,2026-02-12T18:07:59+05:00,Thursday,3,0,2,18,evening,alert,67.49
43.248329,76.86044,2026-01-29T17:23:56+05:00,Thursday,3,0,1,17,evening,alert,84.12
43.22172,76.926577,2025-12-18T17:00:18+05:00,Thursday,3,0,12,17,evening,transport,82.45
43.355787,77.039704,2025-12-05T08:13:52+05:00,Friday,4,0,12,8,morning,transport,77.51
43.283342,76.889054,2025-11-15T13:49:14+05:00,Saturday,5,1,11,13,daytime,building_noise,76.44
43.257028,76.973073,2025-12-28T07:52:24+05:00,Sunday,6,1,12,7,morning,animals,38.5
43.219291,76.925898,2026-01-18T12:16:40+05:00,Sunday,6,1,1,12,daytime,transport,66.99
43.261397,76.951472,2025-12-19T23:45:45+05:00,Friday,4,0,12,23,late_evening,others,43.98
43.260203,76.973327,2026-03-31T07:26:37+05:00,Tuesday,1,0,3,7,morning,animals,38.86
43.224331,76.896351,2025-12-23T08:26:18+05:00,Tuesday,1,0,12,8,morning,others,42.91
43.253799,76.943135,2026-03-04T22:55:21+05:00,Wednesday,2,0,3,22,late_evening,human,64.38
43.215207,76.930269,2026-04-21T11:09:32+05:00,Tuesday,1,0,4,11,daytime,building_noise,75.81
43.266305,76.819981,2025-12-20T08:52:37+05:00,Saturday,5,1,12,8,morning,human,59.33
43.23711,76.919194,2026-03-23T17:12:21+05:00,Monday,0,0,3,17,evening,transport,68.25
43.263988,76.951261,2026-04-02T14:01:02+05:00,Thursday,3,0,4,14,daytime,human,63.46
43.237342,76.956256,2026-02-28T05:28:13+05:00,Saturday,5,1,2,5,night,human,50.09
43.263135,76.955845,2025-12-10T08:33:12+05:00,Wednesday,2,0,12,8,morning,others,46.16
43.239794,76.918381,2026-02-14T12:34:22+05:00,Saturday,5,1,2,12,daytime,transport,56.85
43.278,76.890925,2026-03-24T14:04:04+05:00,Tuesday,1,0,3,14,daytime,building_noise,74.27
43.219388,76.931746,2025-12-18T09:26:54+05:00,Thursday,3,0,12,9,morning,transport,81.75
43.262952,76.954557,2025-11-17T19:48:25+05:00,Monday,0,0,11,19,evening,human,56.77
43.285504,76.890806,2026-04-27T16:57:49+05:00,Monday,0,0,4,16,daytime,building_noise,80.03
43.23905,76.924489,2026-02-16T18:56:01+05:00,Monday,0,0,2,18,evening,transport,79.86
43.240161,76.918445,2025-12-25T00:03:17+05:00,Thursday,3,0,12,0,night,transport,52.16
43.282201,76.892865,2026-04-24T14:32:55+05:00,Friday,4,0,4,14,daytime,building_noise,72.31
43.248773,76.862334,2026-04-01T08:09:39+05:00,Wednesday,2,0,4,8,morning,transport,75.74
43.236007,76.914036,2026-04-01T13:26:52+05:00,Wednesday,2,0,4,13,daytime,human,57.35
43.281598,76.889031,2026-02-25T08:13:21+05:00,Wednesday,2,0,2,8,morning,transport,76.11
43.246027,76.863664,2026-03-06T18:52:40+05:00,Friday,4,0,3,18,evening,transport,77.87
43.246878,76.861209,2026-01-09T09:26:34+05:00,Friday,4,0,1,9,morning,transport,79.6
43.246171,76.863829,2026-03-14T14:57:08+05:00,Saturday,5,1,3,14,daytime,transport,68.17
43.283233,76.895101,2026-05-04T16:03:01+05:00,Monday,0,0,5,16,daytime,building_noise,75.11
43.216387,76.933454,2025-11-05T22:10:25+05:00,Wednesday,2,0,11,22,late_evening,transport,72.73
43.261519,76.968431,2025-12-01T12:27:31+05:00,Monday,0,0,12,12,daytime,animals,41.32
43.238179,76.964502,2026-04-02T17:13:22+05:00,Thursday,3,0,4,17,evening,transport,78.85
43.260854,76.953384,2026-04-06T10:29:42+05:00,Monday,0,0,4,10,morning,human,54.84
43.283466,76.896386,2026-04-01T12:56:01+05:00,Wednesday,2,0,4,12,daytime,building_noise,71.33
43.249254,76.941475,2025-11-27T08:07:40+05:00,Thursday,3,0,11,8,morning,transport,69.67
43.236816,76.956742,2026-02-13T17:04:41+05:00,Friday,4,0,2,17,evening,transport,73.63
43.262829,76.956001,2026-01-06T06:28:08+05:00,Tuesday,1,0,1,6,morning,others,45.34
43.233839,76.956341,2025-11-20T17:11:40+05:00,Thursday,3,0,11,17,evening,transport,79.09
43.338509,76.948376,2025-11-21T19:02:54+05:00,Friday,4,0,11,19,evening,transport,75.81
43.281819,76.897184,2026-03-20T10:27:11+05:00,Friday,4,0,3,10,morning,building_noise,76.25
43.346783,77.042454,2026-02-22T13:51:56+05:00,Sunday,6,1,2,13,daytime,transport,64.8
43.236737,76.916579,2026-04-28T17:19:22+05:00,Tuesday,1,0,4,17,evening,transport,68.7
43.256598,76.949562,2025-11-30T20:14:34+05:00,Sunday,6,1,11,20,evening,human,64.85
43.263106,76.954595,2026-02-02T08:47:57+05:00,Monday,0,0,2,8,morning,others,51.57
43.232851,76.977639,2026-02-22T13:38:59+05:00,Sunday,6,1,2,13,daytime,human,53.34
43.257602,76.965525,2026-01-21T09:03:26+05:00,Wednesday,2,0,1,9,morning,animals,41.28
43.237678,76.921651,2026-05-02T15:30:57+05:00,Saturday,5,1,5,15,daytime,transport,66.75
43.265175,76.956598,2025-11-12T23:29:37+05:00,Wednesday,2,0,11,23,late_evening,others,47.71
43.257971,76.943373,2025-11-17T08:04:08+05:00,Monday,0,0,11,8,morning,human,65.3
43.257749,76.968625,2026-04-18T17:08:39+05:00,Saturday,5,1,4,17,evening,animals,52.24
43.266967,76.927211,2025-11-27T12:02:34+05:00,Thursday,3,0,11,12,daytime,human,59.88
43.257111,76.944945,2025-12-15T12:34:49+05:00,Monday,0,0,12,12,daytime,human,64.77
43.267005,76.930195,2026-01-28T20:39:37+05:00,Wednesday,2,0,1,20,evening,human,61.83
43.224793,76.896104,2026-03-08T12:09:04+05:00,Sunday,6,1,3,12,daytime,human,57.17
43.246072,76.860589,2026-03-27T18:41:14+05:00,Friday,4,0,3,18,evening,transport,79.49
43.217518,76.932685,2026-05-03T19:54:03+05:00,Sunday,6,1,5,19,evening,transport,72.25
43.237427,76.931302,2026-04-23T14:12:55+05:00,Thursday,3,0,4,14,daytime,transport,60.19
43.24852,76.940107,2025-11-30T17:26:09+05:00,Sunday,6,1,11,17,evening,animals,51.55
43.240084,76.931767,2026-03-21T10:03:23+05:00,Saturday,5,1,3,10,morning,alert,69.09
43.279441,76.889449,2025-11-01T18:49:33+05:00,Saturday,5,1,11,18,evening,building_noise,72.57
43.233663,76.958496,2026-04-19T12:25:39+05:00,Sunday,6,1,4,12,daytime,human,67.92
43.263722,76.956075,2025-12-10T08:23:12+05:00,Wednesday,2,0,12,8,morning,others,47.65
43.256452,76.973645,2026-01-29T23:52:36+05:00,Thursday,3,0,1,23,late_evening,animals,37.36
43.257208,76.972724,2026-01-06T07:47:55+05:00,Tuesday,1,0,1,7,morning,animals,40.49
43.246202,76.862159,2026-01-31T13:00:34+05:00,Saturday,5,1,1,13,daytime,alert,76.28
43.251027,76.938045,2026-01-06T15:43:53+05:00,Tuesday,1,0,1,15,daytime,human,62.2
43.254203,76.944297,2026-04-23T11:04:16+05:00,Thursday,3,0,4,11,daytime,human,60.92
43.257319,76.945093,2025-11-26T06:32:00+05:00,Wednesday,2,0,11,6,morning,others,51.18
43.262214,76.954395,2025-11-13T20:23:07+05:00,Thursday,3,0,11,20,evening,others,50.18
43.264333,76.927223,2026-03-30T18:22:33+05:00,Monday,0,0,3,18,evening,human,67.55
43.239444,76.928298,2026-02-16T14:08:05+05:00,Monday,0,0,2,14,daytime,alert,67.93
43.249858,76.86094,2025-12-19T18:42:56+05:00,Friday,4,0,12,18,evening,transport,77.63
43.236869,76.977855,2025-12-28T17:00:14+05:00,Sunday,6,1,12,17,evening,others,53.61
43.247898,76.941111,2025-11-04T11:45:27+05:00,Tuesday,1,0,11,11,daytime,human,65.07
43.239619,76.932807,2026-03-31T08:51:36+05:00,Tuesday,1,0,3,8,morning,alert,73.48
43.246867,76.8605,2025-11-19T15:48:46+05:00,Wednesday,2,0,11,15,daytime,transport,67.02
43.247313,76.939924,2026-03-23T07:23:45+05:00,Monday,0,0,3,7,morning,human,68.77
43.242547,76.861154,2026-02-24T09:38:24+05:00,Tuesday,1,0,2,9,morning,building_noise,78.03
43.245023,76.941935,2025-12-10T17:26:59+05:00,Wednesday,2,0,12,17,evening,human,73.94
43.282158,76.900105,2025-11-08T21:17:15+05:00,Saturday,5,1,11,21,late_evening,transport,65.43
43.232515,76.973698,2026-04-20T15:38:31+05:00,Monday,0,0,4,15,daytime,animals,46.3
43.238316,76.921763,2026-03-08T10:38:55+05:00,Sunday,6,1,3,10,morning,transport,66.46
43.238447,76.921745,2026-05-07T14:09:45+05:00,Thursday,3,0,5,14,daytime,transport,66.64
43.236852,76.953652,2026-03-17T18:41:10+05:00,Tuesday,1,0,3,18,evening,transport,69.19
43.235503,76.954728,2026-04-16T08:15:16+05:00,Thursday,3,0,4,8,morning,transport,72.39
43.223033,76.931005,2025-11-27T14:35:10+05:00,Thursday,3,0,11,14,daytime,transport,72.02
43.258375,76.967125,2026-01-01T07:11:12+05:00,Thursday,3,0,1,7,morning,others,48.15
43.24779,76.862968,2026-05-08T15:23:03+05:00,Friday,4,0,5,15,daytime,transport,69.64
43.216295,76.896897,2026-02-20T13:45:25+05:00,Friday,4,0,2,13,daytime,human,59.1
43.239549,76.929736,2026-05-05T08:35:54+05:00,Tuesday,1,0,5,8,morning,alert,70.65
43.235954,76.922614,2026-03-26T19:09:03+05:00,Thursday,3,0,3,19,evening,transport,77.59
43.235265,76.954226,2026-03-01T13:21:29+05:00,Sunday,6,1,3,13,daytime,human,67.98
43.257488,76.971903,2026-04-07T21:53:53+05:00,Tuesday,1,0,4,21,late_evening,animals,38.61
43.261735,76.968039,2026-04-14T17:28:24+05:00,Tuesday,1,0,4,17,evening,others,50.77
43.236833,76.91814,2025-12-24T10:46:55+05:00,Wednesday,2,0,12,10,morning,transport,54.87
43.239422,76.954074,2026-04-18T20:56:39+05:00,Saturday,5,1,4,20,evening,human,72.09
43.23813,76.931854,2026-02-12T19:22:01+05:00,Thursday,3,0,2,19,evening,alert,73.99
43.280987,76.889168,2025-12-15T11:00:15+05:00,Monday,0,0,12,11,daytime,building_noise,68.85
43.248305,76.94168,2026-02-17T17:35:44+05:00,Tuesday,1,0,2,17,evening,human,68.66
43.276968,76.894879,2026-02-09T12:01:04+05:00,Monday,0,0,2,12,daytime,building_noise,73.05
43.254006,76.946436,2026-02-17T10:31:46+05:00,Tuesday,1,0,2,10,morning,human,62.48
43.244762,76.940353,2026-04-10T15:05:03+05:00,Friday,4,0,4,15,daytime,human,62.35
43.260117,76.971089,2026-02-05T18:56:37+05:00,Thursday,3,0,2,18,evening,animals,48.43
43.221045,76.901032,2025-12-13T22:24:24+05:00,Saturday,5,1,12,22,late_evening,animals,38.41
43.220742,76.902755,2026-05-05T13:24:25+05:00,Tuesday,1,0,5,13,daytime,others,55.22
43.221077,76.899077,2026-04-17T00:46:52+05:00,Friday,4,0,4,0,night,others,35.0
43.286849,76.896898,2026-04-15T08:17:08+05:00,Wednesday,2,0,4,8,morning,others,69.24
43.277743,76.893092,2026-02-06T18:32:11+05:00,Friday,4,0,2,18,evening,building_noise,70.25
43.222266,76.925016,2026-04-21T09:08:31+05:00,Tuesday,1,0,4,9,morning,transport,82.56
43.259354,76.944097,2026-05-08T15:37:25+05:00,Friday,4,0,5,15,daytime,animals,47.62
43.262379,76.954095,2026-02-25T21:52:58+05:00,Wednesday,2,0,2,21,late_evening,others,47.32
43.262239,76.953338,2025-11-15T10:59:57+05:00,Saturday,5,1,11,10,morning,human,66.31
43.245139,76.859866,2026-04-22T13:16:52+05:00,Wednesday,2,0,4,13,daytime,human,65.4
43.232859,76.974716,2026-01-19T19:12:03+05:00,Monday,0,0,1,19,evening,building_noise,55.25
43.281842,76.89453,2026-02-12T11:00:36+05:00,Thursday,3,0,2,11,daytime,building_noise,72.8
43.239821,76.925924,2026-03-20T07:52:01+05:00,Friday,4,0,3,7,morning,transport,78.64
43.258601,76.946994,2026-01-08T19:27:23+05:00,Thursday,3,0,1,19,evening,human,70.2
43.256531,76.945206,2026-03-31T07:54:36+05:00,Tuesday,1,0,3,7,morning,human,66.83
43.234077,76.955378,2026-03-20T07:56:52+05:00,Friday,4,0,3,7,morning,alert,83.59
43.341076,76.949953,2026-03-21T18:48:19+05:00,Saturday,5,1,3,18,evening,alert,84.61
43.244335,76.85638,2026-03-27T18:11:38+05:00,Friday,4,0,3,18,evening,transport,79.86
43.24413,76.861981,2026-03-22T08:09:05+05:00,Sunday,6,1,3,8,morning,transport,72.28
43.221686,76.924301,2026-03-10T16:14:24+05:00,Tuesday,1,0,3,16,daytime,transport,75.95
43.254548,76.945609,2026-04-25T19:51:44+05:00,Saturday,5,1,4,19,evening,human,66.14
43.235577,76.957618,2026-03-01T23:48:17+05:00,Sunday,6,1,3,23,late_evening,human,69.01
43.233365,76.959286,2025-12-13T00:17:12+05:00,Saturday,5,1,12,0,night,human,58.64
43.25719,76.967272,2026-01-21T16:10:37+05:00,Wednesday,2,0,1,16,daytime,human,50.79
43.263387,76.954168,2026-01-06T22:12:46+05:00,Tuesday,1,0,1,22,late_evening,others,55.02
43.234823,76.916912,2025-12-22T14:10:44+05:00,Monday,0,0,12,14,daytime,others,47.19
43.238525,76.976843,2026-02-14T08:23:51+05:00,Saturday,5,1,2,8,morning,others,46.57
43.250978,76.944957,2025-11-27T08:34:59+05:00,Thursday,3,0,11,8,morning,human,64.75
43.238608,76.932119,2026-01-16T18:28:48+05:00,Friday,4,0,1,18,evening,alert,76.86
43.233798,76.974969,2026-01-25T22:01:46+05:00,Sunday,6,1,1,22,late_evening,others,46.12
43.237148,76.956081,2026-04-20T20:42:05+05:00,Monday,0,0,4,20,evening,human,71.18
43.218359,76.928163,2025-12-09T08:48:07+05:00,Tuesday,1,0,12,8,morning,transport,79.03
43.261395,76.953452,2026-03-21T08:48:27+05:00,Saturday,5,1,3,8,morning,others,47.1
43.238213,76.921495,2026-01-09T17:12:31+05:00,Friday,4,0,1,17,evening,transport,76.15
43.237775,76.91756,2026-02-11T19:26:12+05:00,Wednesday,2,0,2,19,evening,human,62.27
43.259299,76.945285,2026-02-17T06:15:41+05:00,Tuesday,1,0,2,6,morning,alert,64.67
43.236275,76.917851,2026-02-23T09:15:31+05:00,Monday,0,0,2,9,morning,transport,62.55
43.344332,77.040007,2026-04-19T21:14:11+05:00,Sunday,6,1,4,21,late_evening,transport,71.13
43.251743,76.946119,2026-03-10T09:53:37+05:00,Tuesday,1,0,3,9,morning,human,63.47
43.351263,77.039531,2026-02-02T16:41:25+05:00,Monday,0,0,2,16,daytime,transport,69.43
43.283564,76.89205,2025-12-24T16:11:50+05:00,Wednesday,2,0,12,16,daytime,building_noise,76.17
43.236922,76.928604,2025-12-15T13:43:40+05:00,Monday,0,0,12,13,daytime,alert,75.96
43.233015,76.957459,2026-02-04T15:35:57+05:00,Wednesday,2,0,2,15,daytime,human,62.35
43.287551,76.900373,2025-12-04T07:28:27+05:00,Thursday,3,0,12,7,morning,transport,64.0
43.252223,76.944927,2026-01-20T08:00:33+05:00,Tuesday,1,0,1,8,morning,human,62.45
43.288332,76.897537,2026-01-12T20:11:25+05:00,Monday,0,0,1,20,evening,alert,65.33
43.235612,76.922817,2026-03-10T08:02:10+05:00,Tuesday,1,0,3,8,morning,transport,78.18
43.252346,76.942436,2025-12-07T20:02:15+05:00,Sunday,6,1,12,20,evening,human,69.52
43.26377,76.954243,2026-04-25T08:32:58+05:00,Saturday,5,1,4,8,morning,others,51.06
43.234998,76.960274,2026-02-19T17:01:34+05:00,Thursday,3,0,2,17,evening,transport,70.57
43.278015,76.893788,2025-11-14T20:51:14+05:00,Friday,4,0,11,20,evening,transport,61.97
43.236978,76.977233,2026-01-28T20:22:38+05:00,Wednesday,2,0,1,20,evening,others,43.24
43.25713,76.94395,2025-12-17T18:01:55+05:00,Wednesday,2,0,12,18,evening,human,64.6
43.28771,76.890349,2026-04-22T22:25:04+05:00,Wednesday,2,0,4,22,late_evening,building_noise,64.42
43.247495,76.942147,2026-02-05T22:48:36+05:00,Thursday,3,0,2,22,late_evening,human,69.49
43.288399,76.88969,2026-04-26T18:09:40+05:00,Sunday,6,1,4,18,evening,transport,63.61
43.236597,76.916949,2025-11-16T09:09:22+05:00,Sunday,6,1,11,9,morning,transport,64.88
43.238681,76.922,2026-04-22T18:03:29+05:00,Wednesday,2,0,4,18,evening,transport,78.39
43.222421,76.92914,2025-11-04T23:17:50+05:00,Tuesday,1,0,11,23,late_evening,transport,70.49
43.264137,76.929167,2026-01-16T18:36:02+05:00,Friday,4,0,1,18,evening,transport,72.09
43.237449,76.95248,2026-03-08T15:48:40+05:00,Sunday,6,1,3,15,daytime,human,66.3
43.233897,76.976758,2026-05-10T16:03:24+05:00,Sunday,6,1,5,16,daytime,animals,43.2
43.28742,76.893678,2026-02-12T12:19:25+05:00,Thursday,3,0,2,12,daytime,building_noise,69.97
43.251281,76.947068,2026-03-30T19:50:09+05:00,Monday,0,0,3,19,evening,human,67.04
43.239504,76.92973,2025-12-21T22:54:09+05:00,Sunday,6,1,12,22,late_evening,alert,74.91
43.25744,76.975212,2026-01-30T11:01:43+05:00,Friday,4,0,1,11,daytime,human,48.44
43.223611,76.901307,2026-03-17T18:01:05+05:00,Tuesday,1,0,3,18,evening,human,61.72
43.236376,76.91853,2026-04-27T17:28:35+05:00,Monday,0,0,4,17,evening,transport,67.42
43.264174,76.954265,2026-04-05T12:09:05+05:00,Sunday,6,1,4,12,daytime,human,68.18
43.241468,76.921357,2026-02-17T01:56:24+05:00,Tuesday,1,0,2,1,night,transport,47.93
43.254938,76.942543,2026-01-19T18:27:18+05:00,Monday,0,0,1,18,evening,others,68.93
43.241443,76.93002,2025-11-10T09:59:26+05:00,Monday,0,0,11,9,morning,alert,72.08
43.235305,76.977572,2025-12-22T07:51:42+05:00,Monday,0,0,12,7,morning,others,43.24
43.248591,76.941416,2026-03-04T18:16:14+05:00,Wednesday,2,0,3,18,evening,human,66.72
43.246679,76.939274,2026-02-08T18:10:37+05:00,Sunday,6,1,2,18,evening,human,69.82
43.236007,76.920061,2026-02-19T08:07:05+05:00,Thursday,3,0,2,8,morning,transport,70.86
43.262696,76.819496,2026-05-09T09:56:29+05:00,Saturday,5,1,5,9,morning,human,56.9
43.245498,76.86394,2026-01-18T17:54:07+05:00,Sunday,6,1,1,17,evening,transport,70.36
43.260282,76.94696,2025-12-03T07:09:33+05:00,Wednesday,2,0,12,7,morning,human,60.63
43.279679,76.890748,2026-04-02T11:26:32+05:00,Thursday,3,0,4,11,daytime,building_noise,70.07
43.239337,76.91761,2026-02-26T08:38:04+05:00,Thursday,3,0,2,8,morning,transport,68.58
43.237439,76.919343,2026-03-21T01:49:05+05:00,Saturday,5,1,3,1,night,transport,42.36
43.237404,76.915114,2025-12-23T14:46:52+05:00,Tuesday,1,0,12,14,daytime,alert,65.26
43.224092,76.901593,2026-04-09T10:41:04+05:00,Thursday,3,0,4,10,morning,human,55.46
43.248788,76.939185,2026-03-01T08:33:46+05:00,Sunday,6,1,3,8,morning,human,68.19
43.283294,76.887423,2025-11-19T08:20:18+05:00,Wednesday,2,0,11,8,morning,building_noise,72.8
43.341394,76.952355,2025-11-02T08:10:51+05:00,Sunday,6,1,11,8,morning,transport,73.85
43.339591,76.952657,2026-04-25T16:28:18+05:00,Saturday,5,1,4,16,daytime,transport,65.23
43.266548,76.820205,2025-12-13T15:53:48+05:00,Saturday,5,1,12,15,daytime,human,54.01
43.263091,76.927583,2025-12-05T18:08:47+05:00,Friday,4,0,12,18,evening,human,63.61
43.239564,76.92182,2026-01-12T20:53:40+05:00,Monday,0,0,1,20,evening,animals,51.36
43.23562,76.918076,2026-01-10T18:31:16+05:00,Saturday,5,1,1,18,evening,transport,65.29
43.220593,76.899461,2026-05-10T08:52:22+05:00,Sunday,6,1,5,8,morning,others,50.43
43.251875,76.945742,2026-01-08T21:41:29+05:00,Thursday,3,0,1,21,late_evening,human,66.75
43.222085,76.902281,2025-12-20T18:48:21+05:00,Saturday,5,1,12,18,evening,human,62.53
43.26494,76.927368,2025-11-22T17:28:20+05:00,Saturday,5,1,11,17,evening,human,70.24
43.232959,76.957,2025-12-12T04:25:35+05:00,Friday,4,0,12,4,night,building_noise,53.25
43.276364,76.899954,2025-12-01T14:45:27+05:00,Monday,0,0,12,14,daytime,building_noise,75.85
43.220383,76.927129,2025-12-31T13:11:43+05:00,Wednesday,2,0,12,13,daytime,transport,69.9
43.257253,76.974667,2026-02-21T11:18:18+05:00,Saturday,5,1,2,11,daytime,human,50.82
43.220376,76.92615,2025-12-14T10:28:54+05:00,Sunday,6,1,12,10,morning,transport,66.77
43.241595,76.918756,2026-04-02T09:05:51+05:00,Thursday,3,0,4,9,morning,transport,80.49
43.234559,76.916838,2026-04-07T18:11:51+05:00,Tuesday,1,0,4,18,evening,transport,71.74
43.243423,76.85681,2026-05-07T18:23:34+05:00,Thursday,3,0,5,18,evening,transport,77.51
43.260005,76.972407,2026-05-07T23:12:19+05:00,Thursday,3,0,5,23,late_evening,animals,35.14
43.290337,76.893513,2026-03-12T18:23:11+05:00,Thursday,3,0,3,18,evening,transport,74.18
43.253373,76.937274,2026-01-30T16:12:31+05:00,Friday,4,0,1,16,daytime,others,60.05
43.266145,76.924449,2026-01-04T12:00:33+05:00,Sunday,6,1,1,12,daytime,human,63.43
43.261446,76.973924,2026-03-30T19:25:59+05:00,Monday,0,0,3,19,evening,human,58.59
43.257405,76.967092,2025-11-02T10:24:52+05:00,Sunday,6,1,11,10,morning,human,59.61
43.251915,76.941612,2025-12-31T18:23:50+05:00,Wednesday,2,0,12,18,evening,building_noise,70.8
43.256055,76.945558,2025-11-16T08:56:11+05:00,Sunday,6,1,11,8,morning,human,64.77
43.274291,76.893177,2025-11-11T13:05:34+05:00,Tuesday,1,0,11,13,daytime,building_noise,77.17
43.251177,76.942695,2026-02-22T21:49:58+05:00,Sunday,6,1,2,21,late_evening,human,61.46
43.258885,76.971617,2026-05-07T22:54:19+05:00,Thursday,3,0,5,22,late_evening,animals,35.61
43.245568,76.862298,2026-05-07T14:48:02+05:00,Thursday,3,0,5,14,daytime,others,60.74
43.236629,76.929533,2026-04-22T11:42:16+05:00,Wednesday,2,0,4,11,daytime,transport,62.81
43.224798,76.926869,2026-01-07T17:47:30+05:00,Wednesday,2,0,1,17,evening,transport,82.57
43.263833,76.955365,2026-03-16T21:40:16+05:00,Monday,0,0,3,21,late_evening,others,51.33
43.259927,76.97349,2026-02-05T16:15:50+05:00,Thursday,3,0,2,16,daytime,human,52.53
43.24839,76.945831,2026-03-14T21:49:08+05:00,Saturday,5,1,3,21,late_evening,human,69.03
43.263708,76.92691,2026-03-30T23:21:08+05:00,Monday,0,0,3,23,late_evening,human,59.17
43.258636,76.965214,2026-01-21T09:14:26+05:00,Wednesday,2,0,1,9,morning,animals,40.49
43.218303,76.926194,2026-04-23T16:09:03+05:00,Thursday,3,0,4,16,daytime,transport,66.28
43.237415,76.917473,2025-12-25T08:40:42+05:00,Thursday,3,0,12,8,morning,transport,64.84
43.233546,76.972759,2026-04-09T13:50:48+05:00,Thursday,3,0,4,13,daytime,others,47.32
43.256133,76.945132,2026-01-30T23:52:24+05:00,Friday,4,0,1,23,late_evening,human,74.66
43.265346,76.925735,2026-04-17T10:45:25+05:00,Friday,4,0,4,10,morning,human,58.17
43.24011,76.921187,2026-01-06T16:50:33+05:00,Tuesday,1,0,1,16,daytime,transport,69.01
43.286035,76.898157,2026-04-25T12:12:43+05:00,Saturday,5,1,4,12,daytime,building_noise,72.69
43.246674,76.941764,2026-03-09T02:49:06+05:00,Monday,0,0,3,2,night,others,51.5
43.355424,77.050644,2025-12-15T03:13:33+05:00,Monday,0,0,12,3,night,alert,63.78
43.239626,76.915674,2025-12-10T08:35:23+05:00,Wednesday,2,0,12,8,morning,transport,71.09
43.237129,76.929921,2026-01-03T16:24:20+05:00,Saturday,5,1,1,16,daytime,alert,72.39
43.237577,76.917746,2025-11-29T17:17:41+05:00,Saturday,5,1,11,17,evening,transport,60.74
43.261088,76.964886,2026-04-15T20:05:00+05:00,Wednesday,2,0,4,20,evening,others,43.02
43.28545,76.892138,2025-12-11T20:28:43+05:00,Thursday,3,0,12,20,evening,transport,55.47
43.338143,76.948938,2025-12-04T20:57:33+05:00,Thursday,3,0,12,20,evening,transport,66.52
43.21491,76.930583,2026-04-17T17:10:36+05:00,Friday,4,0,4,17,evening,transport,78.91
43.241754,76.93134,2026-03-12T09:54:53+05:00,Thursday,3,0,3,9,morning,alert,72.38
43.238628,76.929154,2026-05-03T20:36:55+05:00,Sunday,6,1,5,20,evening,alert,76.25
43.219219,76.92823,2026-03-13T19:29:36+05:00,Friday,4,0,3,19,evening,transport,78.42
43.258298,76.945211,2026-04-21T17:43:17+05:00,Tuesday,1,0,4,17,evening,human,67.19
43.241104,76.930992,2026-02-18T17:18:47+05:00,Wednesday,2,0,2,17,evening,alert,73.06
43.221604,76.9274,2026-04-08T15:21:54+05:00,Wednesday,2,0,4,15,daytime,others,66.02
43.24117,76.918891,2026-04-18T09:59:33+05:00,Saturday,5,1,4,9,morning,transport,59.41
43.216969,76.928477,2026-01-14T07:51:46+05:00,Wednesday,2,0,1,7,morning,transport,80.92
43.233893,76.975283,2026-04-29T19:07:52+05:00,Wednesday,2,0,4,19,evening,human,59.97
43.249177,76.939631,2025-12-25T08:13:58+05:00,Thursday,3,0,12,8,morning,building_noise,69.26
43.240068,76.929246,2026-02-08T21:38:17+05:00,Sunday,6,1,2,21,late_evening,alert,65.89
43.338939,76.948172,2026-01-03T22:16:04+05:00,Saturday,5,1,1,22,late_evening,transport,69.34
43.218941,76.929152,2026-04-08T07:45:37+05:00,Wednesday,2,0,4,7,morning,transport,77.19
43.215235,76.931088,2025-11-07T15:36:10+05:00,Friday,4,0,11,15,daytime,transport,71.42
43.240201,76.929449,2026-03-26T22:41:55+05:00,Thursday,3,0,3,22,late_evening,alert,70.69
43.234627,76.918747,2026-03-01T11:17:27+05:00,Sunday,6,1,3,11,daytime,transport,56.17
43.265427,76.925498,2025-11-03T21:27:34+05:00,Monday,0,0,11,21,late_evening,human,60.97
43.239035,76.930224,2025-12-01T19:00:44+05:00,Monday,0,0,12,19,evening,building_noise,67.36
43.233303,76.915855,2025-11-21T17:01:39+05:00,Friday,4,0,11,17,evening,transport,66.42
43.261662,76.953363,2026-04-23T18:00:11+05:00,Thursday,3,0,4,18,evening,transport,71.09
43.268407,76.823289,2025-11-05T18:59:57+05:00,Wednesday,2,0,11,18,evening,human,59.09
43.284717,76.892778,2026-03-26T08:47:21+05:00,Thursday,3,0,3,8,morning,building_noise,78.93
43.237103,76.914097,2026-01-17T17:49:09+05:00,Saturday,5,1,1,17,evening,transport,64.46
43.26002,76.97478,2025-12-24T17:40:25+05:00,Wednesday,2,0,12,17,evening,human,56.47
43.247538,76.942605,2025-12-10T07:31:15+05:00,Wednesday,2,0,12,7,morning,others,61.78
43.259345,76.968435,2025-11-16T21:50:09+05:00,Sunday,6,1,11,21,late_evening,others,45.49
43.265947,76.927516,2026-02-20T19:33:35+05:00,Friday,4,0,2,19,evening,human,67.06
43.220472,76.898796,2025-11-20T08:50:08+05:00,Thursday,3,0,11,8,morning,others,46.53
43.217902,76.926852,2025-11-28T00:03:14+05:00,Friday,4,0,11,0,night,transport,56.69
43.236445,76.959343,2025-11-12T18:41:42+05:00,Wednesday,2,0,11,18,evening,transport,74.61
43.284182,76.893945,2025-11-24T09:05:45+05:00,Monday,0,0,11,9,morning,building_noise,80.41
43.220054,76.927147,2025-11-20T08:03:21+05:00,Thursday,3,0,11,8,morning,transport,76.9
43.245159,76.861779,2025-11-24T17:37:47+05:00,Monday,0,0,11,17,evening,transport,83.32
43.257139,76.947719,2025-12-19T18:22:28+05:00,Friday,4,0,12,18,evening,human,64.86
43.257737,76.94588,2025-11-01T10:21:23+05:00,Saturday,5,1,11,10,morning,human,63.9
43.264411,76.928019,2026-03-26T15:09:22+05:00,Thursday,3,0,3,15,daytime,human,61.48
43.23861,76.922448,2025-11-14T21:30:48+05:00,Friday,4,0,11,21,late_evening,transport,67.6
43.265303,76.826859,2026-04-16T23:45:30+05:00,Thursday,3,0,4,23,late_evening,human,53.69
43.240885,76.925088,2026-03-21T16:32:42+05:00,Saturday,5,1,3,16,daytime,transport,67.26
43.260578,76.955466,2026-01-07T00:10:35+05:00,Wednesday,2,0,1,0,night,others,39.04
43.259531,76.968638,2026-02-25T12:31:42+05:00,Wednesday,2,0,2,12,daytime,human,58.23
43.238144,76.932276,2025-12-10T11:15:06+05:00,Wednesday,2,0,12,11,daytime,transport,64.7
43.234065,76.955415,2025-11-04T08:10:55+05:00,Tuesday,1,0,11,8,morning,human,72.6
43.221302,76.903012,2025-12-31T08:42:05+05:00,Wednesday,2,0,12,8,morning,others,45.77
43.234036,76.95316,2026-02-17T14:50:53+05:00,Tuesday,1,0,2,14,daytime,human,61.83
43.262074,76.953052,2025-12-14T15:51:08+05:00,Sunday,6,1,12,15,daytime,human,64.62
43.256249,76.943347,2026-01-05T09:18:37+05:00,Monday,0,0,1,9,morning,others,64.71
43.234321,76.958265,2025-11-08T18:52:47+05:00,Saturday,5,1,11,18,evening,human,68.83
43.257305,76.970603,2026-03-01T17:46:13+05:00,Sunday,6,1,3,17,evening,animals,53.87
43.256912,76.942407,2025-11-11T02:29:46+05:00,Tuesday,1,0,11,2,night,human,50.61
43.280372,76.892952,2026-03-02T17:21:23+05:00,Monday,0,0,3,17,evening,building_noise,79.69
43.258415,76.974329,2026-02-22T16:09:52+05:00,Sunday,6,1,2,16,daytime,human,53.65
43.263585,76.956781,2026-02-06T09:23:10+05:00,Friday,4,0,2,9,morning,alert,79.68
43.235649,76.921432,2026-04-10T17:40:41+05:00,Friday,4,0,4,17,evening,transport,79.53
43.264221,76.954579,2026-01-22T14:05:48+05:00,Thursday,3,0,1,14,daytime,human,62.36
43.236999,76.954463,2026-03-11T11:05:10+05:00,Wednesday,2,0,3,11,daytime,human,63.79
43.274912,76.894895,2026-04-28T14:41:22+05:00,Tuesday,1,0,4,14,daytime,building_noise,71.13
43.26151,76.969195,2025-11-03T18:21:41+05:00,Monday,0,0,11,18,evening,animals,51.01
43.264154,76.952888,2026-04-06T07:06:36+05:00,Monday,0,0,4,7,morning,others,55.4
43.281379,76.894212,2026-02-17T09:58:47+05:00,Tuesday,1,0,2,9,morning,building_noise,79.64
43.26368,76.953877,2026-03-24T22:23:29+05:00,Tuesday,1,0,3,22,late_evening,others,48.5
43.246248,76.856424,2026-01-10T08:58:09+05:00,Saturday,5,1,1,8,morning,transport,74.61
43.232201,76.953211,2026-03-06T16:50:28+05:00,Friday,4,0,3,16,daytime,human,62.17
43.258391,76.948372,2025-12-01T11:59:12+05:00,Monday,0,0,12,11,daytime,human,59.34
43.236626,76.918079,2026-03-13T18:34:43+05:00,Friday,4,0,3,18,evening,transport,62.81
43.284756,76.895446,2025-12-22T08:45:15+05:00,Monday,0,0,12,8,morning,building_noise,77.6
43.231297,76.974213,2025-12-18T12:35:35+05:00,Thursday,3,0,12,12,daytime,human,53.52
43.253098,76.941708,2026-05-03T18:39:04+05:00,Sunday,6,1,5,18,evening,alert,74.55
43.252631,76.94397,2026-01-21T19:15:12+05:00,Wednesday,2,0,1,19,evening,human,71.6
43.237291,76.91618,2026-01-06T03:50:19+05:00,Tuesday,1,0,1,3,night,alert,59.27
43.247616,76.941257,2026-03-28T20:51:32+05:00,Saturday,5,1,3,20,evening,human,70.11
43.261086,76.968964,2025-11-03T18:30:41+05:00,Monday,0,0,11,18,evening,animals,51.04
43.233249,76.978311,2026-04-17T13:03:19+05:00,Friday,4,0,4,13,daytime,human,52.52
43.255427,76.967885,2026-03-17T13:52:20+05:00,Tuesday,1,0,3,13,daytime,human,55.89
43.26194,76.954784,2026-04-08T20:21:37+05:00,Wednesday,2,0,4,20,evening,human,49.85
43.259492,76.943783,2025-11-05T23:29:38+05:00,Wednesday,2,0,11,23,late_evening,human,60.43
43.219808,76.928015,2025-12-16T08:00:33+05:00,Tuesday,1,0,12,8,morning,transport,80.27
43.264508,76.823886,2025-11-07T21:23:04+05:00,Friday,4,0,11,21,late_evening,human,65.79
43.26537,76.930195,2025-12-05T12:49:47+05:00,Friday,4,0,12,12,daytime,building_noise,64.35
43.234186,76.976531,2025-11-16T22:58:14+05:00,Sunday,6,1,11,22,late_evening,others,45.1
43.264322,76.820354,2025-12-09T09:39:50+05:00,Tuesday,1,0,12,9,morning,transport,60.56
43.355602,77.045358,2025-11-20T16:49:00+05:00,Thursday,3,0,11,16,daytime,transport,66.86
43.265436,76.928785,2026-01-05T15:33:47+05:00,Monday,0,0,1,15,daytime,human,60.47
43.233005,76.954791,2026-02-25T08:48:31+05:00,Wednesday,2,0,2,8,morning,others,67.85
43.236913,76.915252,2025-12-22T16:34:49+05:00,Monday,0,0,12,16,daytime,transport,57.98
43.254891,76.945781,2026-04-12T18:54:57+05:00,Sunday,6,1,4,18,evening,human,63.89
43.262556,76.926597,2025-12-30T11:43:27+05:00,Tuesday,1,0,12,11,daytime,human,62.69
43.336622,76.955904,2025-11-02T18:30:45+05:00,Sunday,6,1,11,18,evening,transport,69.53
43.261925,76.952477,2026-03-16T23:48:32+05:00,Monday,0,0,3,23,late_evening,others,45.42
43.236158,76.929418,2026-01-28T21:06:42+05:00,Wednesday,2,0,1,21,late_evening,alert,66.98
43.262887,76.955292,2025-12-07T15:12:51+05:00,Sunday,6,1,12,15,daytime,human,66.83
43.255587,76.942051,2025-12-03T09:04:10+05:00,Wednesday,2,0,12,9,morning,human,66.34
43.277826,76.892012,2026-04-06T17:26:53+05:00,Monday,0,0,4,17,evening,building_noise,73.13
43.235333,76.916623,2025-11-10T17:41:07+05:00,Monday,0,0,11,17,evening,transport,70.05
43.23549,76.919551,2025-11-18T09:25:26+05:00,Tuesday,1,0,11,9,morning,transport,83.05
43.237506,76.916802,2026-01-10T19:52:32+05:00,Saturday,5,1,1,19,evening,transport,66.44
43.240842,76.92965,2025-11-10T09:57:26+05:00,Monday,0,0,11,9,morning,alert,73.71
43.237971,76.915931,2026-02-01T18:35:40+05:00,Sunday,6,1,2,18,evening,transport,63.81
43.257601,76.975706,2026-01-25T22:00:11+05:00,Sunday,6,1,1,22,late_evening,animals,38.11
43.278014,76.895717,2025-12-21T08:30:23+05:00,Sunday,6,1,12,8,morning,others,63.0
43.24408,76.860305,2026-03-26T08:10:57+05:00,Thursday,3,0,3,8,morning,alert,80.16
43.23836,76.931439,2025-12-12T22:05:13+05:00,Friday,4,0,12,22,late_evening,animals,51.25
43.21516,76.931449,2025-12-26T18:54:33+05:00,Friday,4,0,12,18,evening,transport,80.59
43.277486,76.901693,2025-11-09T07:28:30+05:00,Sunday,6,1,11,7,morning,transport,61.19
43.268382,76.824689,2026-04-06T18:38:13+05:00,Monday,0,0,4,18,evening,human,60.96
43.253216,76.943481,2025-11-01T13:35:17+05:00,Saturday,5,1,11,13,daytime,human,63.49
43.258725,76.974975,2025-11-04T07:01:27+05:00,Tuesday,1,0,11,7,morning,others,45.14
43.237576,76.91494,2026-04-03T15:12:38+05:00,Friday,4,0,4,15,daytime,others,52.49
43.238166,76.957671,2026-04-05T18:34:16+05:00,Sunday,6,1,4,18,evening,human,66.55
43.264587,76.926002,2026-04-06T20:18:07+05:00,Monday,0,0,4,20,evening,others,63.11
43.280149,76.896677,2025-11-03T21:13:31+05:00,Monday,0,0,11,21,late_evening,transport,62.5
43.234594,76.95563,2025-12-04T00:07:24+05:00,Thursday,3,0,12,0,night,human,56.93
43.259897,76.975652,2026-03-08T07:12:28+05:00,Sunday,6,1,3,7,morning,animals,42.23
43.237741,76.930575,2025-12-12T21:04:31+05:00,Friday,4,0,12,21,late_evening,alert,66.19
43.237646,76.914738,2025-11-03T08:56:56+05:00,Monday,0,0,11,8,morning,human,64.42
43.234759,76.957243,2026-04-22T15:22:25+05:00,Wednesday,2,0,4,15,daytime,human,63.54
43.257045,76.966339,2025-12-09T06:59:26+05:00,Tuesday,1,0,12,6,morning,others,44.91
43.261301,76.954136,2025-11-01T08:44:40+05:00,Saturday,5,1,11,8,morning,transport,56.67
43.23694,76.928985,2026-05-05T09:55:33+05:00,Tuesday,1,0,5,9,morning,alert,72.54
43.246954,76.861093,2026-03-05T07:25:23+05:00,Thursday,3,0,3,7,morning,transport,76.25
43.259102,76.944674,2026-02-19T19:37:49+05:00,Thursday,3,0,2,19,evening,human,64.87
43.261629,76.954198,2026-05-07T07:26:44+05:00,Thursday,3,0,5,7,morning,others,50.35
43.283934,76.888685,2026-04-11T16:28:48+05:00,Saturday,5,1,4,16,daytime,building_noise,74.45
43.23433,76.955953,2026-01-13T09:59:52+05:00,Tuesday,1,0,1,9,morning,human,74.8
43.256137,76.976544,2026-04-24T00:14:13+05:00,Friday,4,0,4,0,night,animals,35.0
43.348873,77.045439,2025-11-25T16:31:05+05:00,Tuesday,1,0,11,16,daytime,transport,67.97
43.247635,76.941644,2026-02-18T16:08:13+05:00,Wednesday,2,0,2,16,daytime,human,62.67
43.263701,76.955069,2026-03-07T07:09:24+05:00,Saturday,5,1,3,7,morning,others,49.86
43.349685,77.036845,2026-05-03T18:47:38+05:00,Sunday,6,1,5,18,evening,transport,72.3
43.263193,76.929954,2026-05-01T22:05:50+05:00,Friday,4,0,5,22,late_evening,others,59.8
43.2356,76.957851,2025-12-14T12:16:22+05:00,Sunday,6,1,12,12,daytime,human,59.48
43.276036,76.895323,2026-01-13T07:46:50+05:00,Tuesday,1,0,1,7,morning,transport,63.38
43.262168,76.954319,2025-12-29T22:18:11+05:00,Monday,0,0,12,22,late_evening,others,49.72
43.247544,76.861882,2025-12-31T07:38:56+05:00,Wednesday,2,0,12,7,morning,transport,73.67
43.266475,76.816351,2026-01-19T08:45:34+05:00,Monday,0,0,1,8,morning,human,59.93
43.236905,76.918244,2025-11-21T08:16:02+05:00,Friday,4,0,11,8,morning,transport,65.29
43.26581,76.927122,2025-11-17T12:26:19+05:00,Monday,0,0,11,12,daytime,human,55.88
43.234797,76.955752,2026-03-23T20:37:23+05:00,Monday,0,0,3,20,evening,human,67.15
43.279851,76.890859,2026-03-05T08:08:09+05:00,Thursday,3,0,3,8,morning,building_noise,78.59
43.234393,76.914182,2025-11-18T21:04:54+05:00,Tuesday,1,0,11,21,late_evening,transport,56.98
43.261949,76.954381,2025-12-09T19:40:12+05:00,Tuesday,1,0,12,19,evening,human,66.62
43.24596,76.86159,2026-01-31T13:01:34+05:00,Saturday,5,1,1,13,daytime,alert,76.59
43.352551,77.038484,2026-04-07T21:22:07+05:00,Tuesday,1,0,4,21,late_evening,transport,64.73
43.248925,76.941081,2026-03-12T18:48:52+05:00,Thursday,3,0,3,18,evening,human,71.67
43.244193,76.860087,2025-12-03T19:50:25+05:00,Wednesday,2,0,12,19,evening,transport,76.25
43.236252,76.912987,2026-04-05T23:54:53+05:00,Sunday,6,1,4,23,late_evening,transport,58.97
43.265612,76.928172,2026-04-17T17:31:51+05:00,Friday,4,0,4,17,evening,human,62.5
43.354229,77.048377,2025-12-29T16:36:04+05:00,Monday,0,0,12,16,daytime,transport,64.07
43.26223,76.955604,2026-02-14T07:35:05+05:00,Saturday,5,1,2,7,morning,others,51.53
43.238747,76.930516,2026-05-01T19:27:07+05:00,Friday,4,0,5,19,evening,alert,73.51
43.258649,76.976035,2026-02-15T19:26:43+05:00,Sunday,6,1,2,19,evening,human,58.14
43.265296,76.92876,2026-01-14T10:14:42+05:00,Wednesday,2,0,1,10,morning,human,60.2
43.263526,76.821811,2025-12-20T08:47:00+05:00,Saturday,5,1,12,8,morning,building_noise,57.94
43.261058,76.954564,2026-04-30T22:36:00+05:00,Thursday,3,0,4,22,late_evening,others,44.09
43.340361,76.949955,2025-12-28T19:07:34+05:00,Sunday,6,1,12,19,evening,transport,72.11
43.234324,76.95278,2025-11-20T18:17:05+05:00,Thursday,3,0,11,18,evening,transport,73.6
43.218654,76.927661,2025-12-07T07:35:47+05:00,Sunday,6,1,12,7,morning,transport,67.59
43.240504,76.92917,2026-03-26T22:34:55+05:00,Thursday,3,0,3,22,late_evening,alert,70.53
43.225994,76.900982,2026-02-13T00:51:05+05:00,Friday,4,0,2,0,night,others,35.26
43.284043,76.896433,2026-02-05T15:17:53+05:00,Thursday,3,0,2,15,daytime,building_noise,72.21
43.255069,76.938988,2025-11-20T16:24:51+05:00,Thursday,3,0,11,16,daytime,human,65.84
43.258125,76.94461,2026-03-16T06:22:40+05:00,Monday,0,0,3,6,morning,human,53.76
43.279881,76.891154,2026-03-05T08:10:09+05:00,Thursday,3,0,3,8,morning,building_noise,78.69
43.257603,76.972387,2025-11-21T07:54:41+05:00,Friday,4,0,11,7,morning,others,45.93
43.221183,76.925812,2026-05-06T09:17:21+05:00,Wednesday,2,0,5,9,morning,transport,84.54
43.256108,76.945691,2026-04-10T22:40:15+05:00,Friday,4,0,4,22,late_evening,human,69.87
43.238693,76.929114,2026-03-21T15:52:02+05:00,Saturday,5,1,3,15,daytime,transport,64.01
43.266415,76.924875,2026-01-04T17:42:27+05:00,Sunday,6,1,1,17,evening,transport,71.48
43.237063,76.930186,2026-04-24T18:57:13+05:00,Friday,4,0,4,18,evening,alert,72.79
43.23436,76.975338,2026-01-07T07:24:49+05:00,Wednesday,2,0,1,7,morning,others,44.63
43.281529,76.889469,2025-12-08T09:08:52+05:00,Monday,0,0,12,9,morning,building_noise,74.9
43.263207,76.925944,2026-02-16T17:17:13+05:00,Monday,0,0,2,17,evening,human,66.54
43.249179,76.939248,2025-11-15T08:24:41+05:00,Saturday,5,1,11,8,morning,human,69.1
43.286317,76.892908,2026-02-26T15:32:13+05:00,Thursday,3,0,2,15,daytime,others,66.49
43.351025,77.041748,2025-11-18T17:56:12+05:00,Tuesday,1,0,11,17,evening,transport,77.77
43.244599,76.860313,2025-11-09T17:47:37+05:00,Sunday,6,1,11,17,evening,transport,71.19
43.234972,76.975242,2026-02-22T18:57:38+05:00,Sunday,6,1,2,18,evening,human,62.75
43.278771,76.892614,2025-12-09T15:34:29+05:00,Tuesday,1,0,12,15,daytime,building_noise,72.81
43.23891,76.923517,2026-01-08T11:58:40+05:00,Thursday,3,0,1,11,daytime,transport,69.65
43.254009,76.943118,2026-01-18T12:24:35+05:00,Sunday,6,1,1,12,daytime,human,63.5
43.24819,76.860146,2026-02-23T18:19:01+05:00,Monday,0,0,2,18,evening,human,74.97
43.260882,76.941637,2026-02-08T21:29:48+05:00,Sunday,6,1,2,21,late_evening,human,62.46
43.235321,76.956046,2025-12-13T21:11:23+05:00,Saturday,5,1,12,21,late_evening,others,66.49
43.284997,76.896524,2025-12-04T12:29:05+05:00,Thursday,3,0,12,12,daytime,building_noise,75.69
43.232724,76.978298,2025-11-05T17:21:54+05:00,Wednesday,2,0,11,17,evening,human,55.45
43.344125,76.953802,2025-12-04T08:44:42+05:00,Thursday,3,0,12,8,morning,transport,78.19
43.244723,76.863489,2026-03-13T19:46:10+05:00,Friday,4,0,3,19,evening,transport,79.56
43.282455,76.893681,2026-04-02T15:31:17+05:00,Thursday,3,0,4,15,daytime,building_noise,70.0
43.332345,76.952428,2026-04-21T10:58:42+05:00,Tuesday,1,0,4,10,morning,transport,67.13
43.253126,76.947602,2025-11-22T01:47:45+05:00,Saturday,5,1,11,1,night,human,52.56
43.248372,76.939898,2026-01-09T11:37:17+05:00,Friday,4,0,1,11,daytime,human,63.61
43.239064,76.929314,2025-12-22T21:26:07+05:00,Monday,0,0,12,21,late_evening,alert,70.71
43.254139,76.941961,2026-02-07T08:16:25+05:00,Saturday,5,1,2,8,morning,human,65.34
43.238297,76.919747,2025-11-15T04:13:52+05:00,Saturday,5,1,11,4,night,transport,56.4
43.278314,76.885457,2026-02-12T15:41:21+05:00,Thursday,3,0,2,15,daytime,building_noise,71.55
43.262841,76.928172,2025-11-18T16:22:56+05:00,Tuesday,1,0,11,16,daytime,building_noise,64.2
43.217169,76.926612,2026-04-17T08:22:05+05:00,Friday,4,0,4,8,morning,transport,78.22
43.253746,76.946475,2026-04-12T12:14:44+05:00,Sunday,6,1,4,12,daytime,human,61.63
43.233998,76.914472,2026-03-28T00:29:52+05:00,Saturday,5,1,3,0,night,transport,47.9
43.241173,76.930717,2026-02-18T17:07:47+05:00,Wednesday,2,0,2,17,evening,alert,73.7
43.239195,76.929571,2026-01-28T09:30:18+05:00,Wednesday,2,0,1,9,morning,alert,73.24
43.339482,76.945354,2026-04-24T08:28:42+05:00,Friday,4,0,4,8,morning,transport,71.25
43.265831,76.822191,2026-01-02T11:56:05+05:00,Friday,4,0,1,11,daytime,human,54.27
43.238901,76.929915,2026-02-03T20:36:57+05:00,Tuesday,1,0,2,20,evening,alert,67.14
43.259972,76.969141,2026-03-09T22:06:56+05:00,Monday,0,0,3,22,late_evening,others,48.74
43.258946,76.943882,2026-02-07T10:34:07+05:00,Saturday,5,1,2,10,morning,human,65.22
43.234779,76.95548,2026-05-04T18:30:15+05:00,Monday,0,0,5,18,evening,transport,75.52
43.261355,76.953822,2026-05-09T07:34:03+05:00,Saturday,5,1,5,7,morning,others,49.19
43.25566,76.944713,2025-12-29T07:14:34+05:00,Monday,0,0,12,7,morning,human,67.21
43.283687,76.898925,2025-11-07T09:15:58+05:00,Friday,4,0,11,9,morning,building_noise,76.85
43.217238,76.92975,2025-12-29T17:22:18+05:00,Monday,0,0,12,17,evening,animals,53.2
43.239506,76.918554,2026-04-11T18:13:04+05:00,Saturday,5,1,4,18,evening,transport,63.83
43.259693,76.972642,2026-02-15T22:18:02+05:00,Sunday,6,1,2,22,late_evening,animals,35.04
43.346861,76.946677,2025-12-15T20:13:55+05:00,Monday,0,0,12,20,evening,transport,67.05
43.247913,76.859096,2026-02-25T09:48:30+05:00,Wednesday,2,0,2,9,morning,transport,76.97
43.249553,76.943131,2026-04-12T19:54:07+05:00,Sunday,6,1,4,19,evening,human,67.48
43.24201,76.919272,2025-11-19T20:03:01+05:00,Wednesday,2,0,11,20,evening,transport,65.61
43.26049,76.973376,2026-02-14T02:23:18+05:00,Saturday,5,1,2,2,night,animals,35.0
43.261133,76.953248,2026-01-11T17:35:53+05:00,Sunday,6,1,1,17,evening,human,70.47
43.256045,76.947589,2026-01-04T11:17:45+05:00,Sunday,6,1,1,11,daytime,human,62.02
43.239056,76.930053,2026-01-24T08:21:34+05:00,Saturday,5,1,1,8,morning,alert,74.34
43.259078,76.975905,2026-03-05T22:46:17+05:00,Thursday,3,0,3,22,late_evening,animals,38.18
43.335147,76.953273,2026-02-16T18:37:05+05:00,Monday,0,0,2,18,evening,transport,75.43
43.231672,76.977791,2026-03-20T07:46:20+05:00,Friday,4,0,3,7,morning,others,49.21
43.21752,76.930449,2026-03-20T22:58:52+05:00,Friday,4,0,3,22,late_evening,transport,69.66
43.263451,76.95622,2025-11-26T21:51:23+05:00,Wednesday,2,0,11,21,late_evening,others,44.14
43.253739,76.941894,2026-03-16T11:49:26+05:00,Monday,0,0,3,11,daytime,animals,54.95
43.237644,76.91987,2026-05-05T12:25:24+05:00,Tuesday,1,0,5,12,daytime,transport,73.21
43.255771,76.941033,2025-12-01T19:31:33+05:00,Monday,0,0,12,19,evening,alert,69.38
43.248452,76.937998,2025-11-24T11:15:58+05:00,Monday,0,0,11,11,daytime,human,65.99
43.241574,76.929615,2026-03-31T20:35:39+05:00,Tuesday,1,0,3,20,evening,alert,66.29
43.263639,76.953196,2026-04-06T09:54:12+05:00,Monday,0,0,4,9,morning,human,47.0
43.236679,76.917695,2026-03-12T07:19:59+05:00,Thursday,3,0,3,7,morning,transport,69.66
43.249346,76.938659,2026-02-21T02:47:33+05:00,Saturday,5,1,2,2,night,building_noise,64.71
43.249519,76.944513,2026-02-17T04:02:17+05:00,Tuesday,1,0,2,4,night,human,52.99
43.251757,76.9444,2026-04-13T21:59:55+05:00,Monday,0,0,4,21,late_evening,others,62.57
43.237701,76.931502,2025-12-20T17:30:15+05:00,Saturday,5,1,12,17,evening,alert,66.84
43.258618,76.972478,2025-11-16T20:49:55+05:00,Sunday,6,1,11,20,evening,animals,39.11
43.249706,76.86371,2026-03-17T17:11:16+05:00,Tuesday,1,0,3,17,evening,transport,74.18
43.238578,76.920031,2026-02-11T15:21:57+05:00,Wednesday,2,0,2,15,daytime,transport,68.63
43.261062,76.972884,2025-12-28T23:49:34+05:00,Sunday,6,1,12,23,late_evening,animals,37.68
43.341774,76.953974,2026-02-15T19:09:52+05:00,Sunday,6,1,2,19,evening,transport,72.36
43.266825,76.926489,2026-02-26T18:41:18+05:00,Thursday,3,0,2,18,evening,human,66.61
43.236113,76.917203,2026-01-29T02:18:02+05:00,Thursday,3,0,1,2,night,transport,40.31
43.256321,76.942636,2026-02-23T20:20:15+05:00,Monday,0,0,2,20,evening,human,65.16
43.262373,76.928286,2026-03-11T13:31:13+05:00,Wednesday,2,0,3,13,daytime,human,61.34
43.237527,76.915649,2026-05-09T07:38:38+05:00,Saturday,5,1,5,7,morning,human,59.75
43.233706,76.953239,2026-04-28T16:47:14+05:00,Tuesday,1,0,4,16,daytime,human,64.21
43.235004,76.956352,2025-12-23T14:53:38+05:00,Tuesday,1,0,12,14,daytime,human,59.75
43.279994,76.894339,2025-11-17T09:59:06+05:00,Monday,0,0,11,9,morning,building_noise,76.05
43.261463,76.953734,2025-11-02T17:25:47+05:00,Sunday,6,1,11,17,evening,building_noise,75.41
43.278089,76.89694,2025-12-30T02:27:25+05:00,Tuesday,1,0,12,2,night,transport,46.46
43.235165,76.914576,2026-03-29T23:10:31+05:00,Sunday,6,1,3,23,late_evening,transport,60.74
43.239044,76.921439,2026-03-03T16:29:34+05:00,Tuesday,1,0,3,16,daytime,transport,73.12
43.256357,76.975263,2026-01-16T09:10:56+05:00,Friday,4,0,1,9,morning,animals,43.35
43.224234,76.907001,2026-03-17T11:44:02+05:00,Tuesday,1,0,3,11,daytime,human,55.13
43.219652,76.929361,2026-03-18T17:13:48+05:00,Wednesday,2,0,3,17,evening,transport,78.7
43.234659,76.977358,2025-12-17T11:34:06+05:00,Wednesday,2,0,12,11,daytime,human,54.09
43.236759,76.982903,2026-05-05T09:57:21+05:00,Tuesday,1,0,5,9,morning,others,45.9
43.238671,76.923298,2025-12-22T08:53:30+05:00,Monday,0,0,12,8,morning,alert,84.82
43.258968,76.971973,2026-03-28T21:05:58+05:00,Saturday,5,1,3,21,late_evening,animals,37.3
43.254969,76.970536,2025-11-26T08:09:03+05:00,Wednesday,2,0,11,8,morning,others,47.47
43.261124,76.954388,2026-03-22T17:45:21+05:00,Sunday,6,1,3,17,evening,human,59.67
43.257352,76.945706,2026-03-20T12:07:09+05:00,Friday,4,0,3,12,daytime,human,60.9
43.261912,76.953508,2025-12-23T08:11:16+05:00,Tuesday,1,0,12,8,morning,others,50.12
43.285303,76.892823,2025-12-09T17:43:31+05:00,Tuesday,1,0,12,17,evening,building_noise,80.34
43.283679,76.895833,2026-05-08T10:49:42+05:00,Friday,4,0,5,10,morning,building_noise,76.9
43.267454,76.823934,2026-01-16T06:10:48+05:00,Friday,4,0,1,6,morning,human,44.22
43.237981,76.932167,2026-03-28T22:27:01+05:00,Saturday,5,1,3,22,late_evening,alert,62.43
43.248772,76.943416,2025-12-02T16:50:02+05:00,Tuesday,1,0,12,16,daytime,human,57.81
43.238749,76.960607,2026-04-19T06:47:59+05:00,Sunday,6,1,4,6,morning,alert,64.26
43.281741,76.890777,2025-11-18T13:53:49+05:00,Tuesday,1,0,11,13,daytime,building_noise,75.83
43.355036,77.04177,2026-05-07T17:07:43+05:00,Thursday,3,0,5,17,evening,alert,79.09
43.237306,76.929812,2026-04-24T08:23:02+05:00,Friday,4,0,4,8,morning,alert,79.9
43.237263,76.955932,2026-01-31T09:45:04+05:00,Saturday,5,1,1,9,morning,transport,70.71
43.239426,76.927565,2025-12-28T19:43:29+05:00,Sunday,6,1,12,19,evening,alert,69.19
43.219895,76.928147,2026-04-03T17:25:22+05:00,Friday,4,0,4,17,evening,alert,90.34
43.262794,76.955889,2025-11-20T08:48:40+05:00,Thursday,3,0,11,8,morning,others,50.7
43.249134,76.86243,2026-04-09T12:23:24+05:00,Thursday,3,0,4,12,daytime,transport,67.14
43.357246,77.036928,2026-03-21T06:14:33+05:00,Saturday,5,1,3,6,morning,alert,66.39
43.254088,76.946303,2026-01-05T11:39:54+05:00,Monday,0,0,1,11,daytime,transport,66.91
43.264272,76.820495,2026-03-30T19:37:23+05:00,Monday,0,0,3,19,evening,human,62.93
43.222893,76.901753,2025-12-13T08:28:52+05:00,Saturday,5,1,12,8,morning,transport,61.76
43.236508,76.916132,2025-11-28T08:46:10+05:00,Friday,4,0,11,8,morning,transport,63.05
43.231267,76.956615,2026-01-02T08:16:52+05:00,Friday,4,0,1,8,morning,transport,75.54
43.222646,76.898877,2026-04-26T21:27:11+05:00,Sunday,6,1,4,21,late_evening,others,47.79
43.232563,76.977532,2026-02-20T16:22:53+05:00,Friday,4,0,2,16,daytime,others,53.38
43.235087,76.973159,2026-05-10T21:08:59+05:00,Sunday,6,1,5,21,late_evening,others,42.61
43.215711,76.930143,2026-03-03T18:44:07+05:00,Tuesday,1,0,3,18,evening,transport,83.96
43.220921,76.902353,2025-12-31T08:44:05+05:00,Wednesday,2,0,12,8,morning,others,45.56
43.23577,76.924239,2026-03-15T07:25:09+05:00,Sunday,6,1,3,7,morning,transport,76.1
43.280291,76.893145,2026-04-16T09:54:46+05:00,Thursday,3,0,4,9,morning,building_noise,75.46
43.262584,76.95535,2026-03-20T20:02:13+05:00,Friday,4,0,3,20,evening,others,50.93
43.284402,76.895835,2026-03-09T09:31:35+05:00,Monday,0,0,3,9,morning,building_noise,72.18
43.259789,76.970982,2026-02-20T08:25:45+05:00,Friday,4,0,2,8,morning,animals,37.71
43.240405,76.928583,2025-12-06T20:11:35+05:00,Saturday,5,1,12,20,evening,alert,71.45
43.257999,76.966048,2026-01-09T23:45:38+05:00,Friday,4,0,1,23,late_evening,building_noise,52.63
43.235684,76.916174,2026-04-04T10:23:28+05:00,Saturday,5,1,4,10,morning,transport,57.53
43.244523,76.867404,2026-03-13T08:38:26+05:00,Friday,4,0,3,8,morning,transport,80.53
43.233381,76.956293,2026-01-09T21:10:01+05:00,Friday,4,0,1,21,late_evening,human,75.59
43.21719,76.930688,2025-12-17T08:24:31+05:00,Wednesday,2,0,12,8,morning,transport,81.0
43.240093,76.928424,2025-11-08T09:29:16+05:00,Saturday,5,1,11,9,morning,alert,75.3
43.239081,76.927078,2025-11-18T08:52:10+05:00,Tuesday,1,0,11,8,morning,transport,81.85
43.342159,76.947493,2025-11-18T17:00:32+05:00,Tuesday,1,0,11,17,evening,transport,74.74
43.350784,77.039189,2026-04-27T12:14:05+05:00,Monday,0,0,4,12,daytime,alert,73.66
43.265494,76.926301,2026-03-04T13:54:11+05:00,Wednesday,2,0,3,13,daytime,human,65.25
43.246877,76.939335,2026-05-03T18:59:31+05:00,Sunday,6,1,5,18,evening,human,68.9
43.261814,76.827673,2025-11-30T13:45:06+05:00,Sunday,6,1,11,13,daytime,transport,59.17
43.257743,76.968257,2026-02-02T20:29:53+05:00,Monday,0,0,2,20,evening,others,46.84
43.262714,76.95174,2026-05-02T16:42:02+05:00,Saturday,5,1,5,16,daytime,others,62.91
43.24863,76.862935,2025-11-28T18:54:32+05:00,Friday,4,0,11,18,evening,transport,78.1
43.260851,76.966116,2025-11-12T17:33:56+05:00,Wednesday,2,0,11,17,evening,animals,51.48
43.220913,76.927321,2026-02-15T10:38:20+05:00,Sunday,6,1,2,10,morning,transport,64.47
43.219489,76.92617,2026-01-10T16:45:54+05:00,Saturday,5,1,1,16,daytime,transport,67.34
43.263452,76.819153,2025-11-30T10:41:31+05:00,Sunday,6,1,11,10,morning,human,55.22
43.236818,76.918242,2025-11-13T18:12:01+05:00,Thursday,3,0,11,18,evening,transport,66.19
43.250682,76.947316,2026-03-03T15:58:41+05:00,Tuesday,1,0,3,15,daytime,alert,73.03
43.257121,76.973031,2026-03-22T14:36:14+05:00,Sunday,6,1,3,14,daytime,human,58.72
43.281695,76.888659,2026-01-05T14:03:33+05:00,Monday,0,0,1,14,daytime,building_noise,69.91
43.23911,76.932037,2026-03-21T09:46:04+05:00,Saturday,5,1,3,9,morning,alert,72.56
43.220185,76.927921,2025-12-19T21:47:50+05:00,Friday,4,0,12,21,late_evening,transport,73.9
43.216104,76.928349,2026-04-28T15:55:31+05:00,Tuesday,1,0,4,15,daytime,transport,70.12
43.24002,76.929468,2026-03-26T22:46:55+05:00,Thursday,3,0,3,22,late_evening,alert,69.98
43.266065,76.955579,2025-12-02T19:46:55+05:00,Tuesday,1,0,12,19,evening,human,67.31
43.266402,76.822525,2026-02-21T22:44:53+05:00,Saturday,5,1,2,22,late_evening,alert,74.49
43.248852,76.942218,2026-03-06T07:18:47+05:00,Friday,4,0,3,7,morning,human,69.1
43.338945,76.951289,2026-04-22T17:36:31+05:00,Wednesday,2,0,4,17,evening,transport,76.77
43.225752,76.899251,2026-04-28T09:04:44+05:00,Tuesday,1,0,4,9,morning,others,50.11
43.250337,76.944948,2025-11-12T08:03:15+05:00,Wednesday,2,0,11,8,morning,animals,54.69
43.258953,76.974206,2025-12-05T21:55:36+05:00,Friday,4,0,12,21,late_evening,animals,35.0
43.25483,76.942261,2025-12-10T08:21:28+05:00,Wednesday,2,0,12,8,morning,human,64.95
43.281362,76.890288,2025-11-18T14:02:49+05:00,Tuesday,1,0,11,14,daytime,building_noise,75.83
43.276479,76.89993,2026-03-12T16:36:29+05:00,Thursday,3,0,3,16,daytime,building_noise,79.04
43.28171,76.899147,2025-11-28T16:22:19+05:00,Friday,4,0,11,16,daytime,building_noise,76.39
43.262926,76.955672,2026-01-01T08:04:19+05:00,Thursday,3,0,1,8,morning,building_noise,57.39
43.353967,77.041964,2026-04-03T19:22:03+05:00,Friday,4,0,4,19,evening,transport,84.13
43.249738,76.941462,2026-04-04T15:16:04+05:00,Saturday,5,1,4,15,daytime,animals,46.9
43.2167,76.927012,2026-01-28T09:35:49+05:00,Wednesday,2,0,1,9,morning,transport,76.75
43.260757,76.947216,2026-04-06T18:18:14+05:00,Monday,0,0,4,18,evening,human,63.66
43.234806,76.955838,2025-11-08T20:46:10+05:00,Saturday,5,1,11,20,evening,human,69.51
43.26599,76.96701,2025-11-23T23:30:48+05:00,Sunday,6,1,11,23,late_evening,others,47.39
43.261286,76.926752,2025-11-20T15:12:20+05:00,Thursday,3,0,11,15,daytime,human,64.1
43.280834,76.894119,2026-02-13T15:13:18+05:00,Friday,4,0,2,15,daytime,building_noise,75.74
43.281628,76.896966,2026-01-29T08:21:27+05:00,Thursday,3,0,1,8,morning,building_noise,78.77
43.238163,76.931055,2026-02-13T14:05:07+05:00,Friday,4,0,2,14,daytime,transport,59.18
43.263666,76.954004,2025-12-24T08:33:53+05:00,Wednesday,2,0,12,8,morning,others,52.67
43.236247,76.924244,2026-05-06T06:05:27+05:00,Wednesday,2,0,5,6,morning,transport,64.73
43.341384,76.950216,2026-02-05T14:37:47+05:00,Thursday,3,0,2,14,daytime,transport,67.01
43.236455,76.930038,2025-11-12T18:36:03+05:00,Wednesday,2,0,11,18,evening,alert,71.54
43.280447,76.892976,2026-03-02T17:11:23+05:00,Monday,0,0,3,17,evening,building_noise,79.53
43.251397,76.945738,2026-03-15T21:57:25+05:00,Sunday,6,1,3,21,late_evening,human,66.25
43.339138,76.949769,2026-04-08T07:09:49+05:00,Wednesday,2,0,4,7,morning,transport,75.99
43.342994,76.946609,2026-03-21T16:25:00+05:00,Saturday,5,1,3,16,daytime,others,65.79
43.238078,76.927189,2026-05-09T17:22:33+05:00,Saturday,5,1,5,17,evening,alert,75.26
43.218913,76.930019,2026-01-15T07:27:26+05:00,Thursday,3,0,1,7,morning,transport,77.2
43.252532,76.945929,2026-01-16T14:00:58+05:00,Friday,4,0,1,14,daytime,human,61.52
43.263686,76.951246,2025-11-16T12:19:59+05:00,Sunday,6,1,11,12,daytime,human,59.46
43.2539,76.945487,2026-02-12T13:44:40+05:00,Thursday,3,0,2,13,daytime,human,65.67
43.354171,77.046922,2026-03-25T18:07:58+05:00,Wednesday,2,0,3,18,evening,transport,78.62
43.221005,76.898542,2025-12-02T19:47:02+05:00,Tuesday,1,0,12,19,evening,transport,61.57
43.247605,76.939287,2026-01-03T13:35:00+05:00,Saturday,5,1,1,13,daytime,alert,75.45
43.239844,76.916654,2025-12-24T19:50:06+05:00,Wednesday,2,0,12,19,evening,transport,70.26
43.240747,76.917166,2025-11-07T08:44:51+05:00,Friday,4,0,11,8,morning,transport,65.75
43.264923,76.926086,2026-03-30T18:49:25+05:00,Monday,0,0,3,18,evening,human,66.98
43.216492,76.929644,2026-05-06T13:38:37+05:00,Wednesday,2,0,5,13,daytime,transport,73.34
43.28027,76.890988,2026-04-29T16:52:07+05:00,Wednesday,2,0,4,16,daytime,building_noise,70.43
43.343234,76.950027,2026-03-02T05:27:30+05:00,Monday,0,0,3,5,night,others,41.3
43.256614,76.945354,2026-03-03T19:42:28+05:00,Tuesday,1,0,3,19,evening,human,68.74
43.238393,76.922579,2025-11-20T17:16:17+05:00,Thursday,3,0,11,17,evening,transport,81.66
43.238223,76.915263,2026-04-09T07:45:57+05:00,Thursday,3,0,4,7,morning,transport,64.38
43.264454,76.928859,2025-12-24T13:07:15+05:00,Wednesday,2,0,12,13,daytime,human,62.31
43.213537,76.929263,2026-04-11T17:50:09+05:00,Saturday,5,1,4,17,evening,transport,73.93
43.261612,76.945142,2025-12-14T18:03:39+05:00,Sunday,6,1,12,18,evening,human,59.32
43.23835,76.914621,2025-12-23T14:53:52+05:00,Tuesday,1,0,12,14,daytime,alert,66.27
43.237782,76.916279,2025-11-14T19:48:51+05:00,Friday,4,0,11,19,evening,transport,71.8
43.250116,76.94418,2025-12-24T21:40:44+05:00,Wednesday,2,0,12,21,late_evening,human,60.7
43.248819,76.943048,2026-04-08T11:54:23+05:00,Wednesday,2,0,4,11,daytime,human,69.74
43.253533,76.946471,2026-03-24T06:20:43+05:00,Tuesday,1,0,3,6,morning,human,53.17
43.262505,76.966271,2025-11-22T19:30:11+05:00,Saturday,5,1,11,19,evening,human,56.48
43.255651,76.943449,2025-12-09T09:23:08+05:00,Tuesday,1,0,12,9,morning,human,65.71
43.215645,76.932962,2026-01-04T10:33:53+05:00,Sunday,6,1,1,10,morning,transport,67.49
43.24506,76.941735,2025-11-20T08:42:00+05:00,Thursday,3,0,11,8,morning,human,70.06
43.257487,76.947827,2026-04-13T07:31:04+05:00,Monday,0,0,4,7,morning,human,67.48
43.262627,76.823564,2026-04-02T05:47:26+05:00,Thursday,3,0,4,5,night,others,35.46
43.238634,76.918182,2026-02-28T15:45:53+05:00,Saturday,5,1,2,15,daytime,transport,56.65
43.267976,76.826101,2026-03-04T20:08:53+05:00,Wednesday,2,0,3,20,evening,human,59.33
43.285261,76.896526,2025-12-20T19:01:29+05:00,Saturday,5,1,12,19,evening,building_noise,82.52
43.255338,76.943831,2026-04-15T20:37:37+05:00,Wednesday,2,0,4,20,evening,human,67.28
43.234521,76.959796,2026-01-17T12:27:27+05:00,Saturday,5,1,1,12,daytime,human,66.06
43.255349,76.942343,2026-02-26T19:36:38+05:00,Thursday,3,0,2,19,evening,human,68.46
43.217613,76.922849,2026-02-17T09:53:23+05:00,Tuesday,1,0,2,9,morning,alert,87.37
43.237559,76.918261,2026-03-16T08:47:26+05:00,Monday,0,0,3,8,morning,transport,70.17
43.350817,77.040059,2026-01-08T00:19:04+05:00,Thursday,3,0,1,0,night,transport,57.22
43.239741,76.922047,2026-02-17T08:35:27+05:00,Tuesday,1,0,2,8,morning,transport,76.09
43.274894,76.893114,2025-11-11T12:56:34+05:00,Tuesday,1,0,11,12,daytime,building_noise,77.48
43.239086,76.928539,2026-01-31T19:03:28+05:00,Saturday,5,1,1,19,evening,alert,74.27
43.263566,76.954671,2026-02-17T22:49:24+05:00,Tuesday,1,0,2,22,late_evening,others,47.49
43.262797,76.952534,2025-12-15T21:46:40+05:00,Monday,0,0,12,21,late_evening,others,48.58
43.280851,76.895172,2025-12-11T11:06:30+05:00,Thursday,3,0,12,11,daytime,building_noise,70.77
43.257971,76.973438,2026-02-14T00:27:14+05:00,Saturday,5,1,2,0,night,animals,35.0
43.248219,76.858688,2026-04-12T22:14:20+05:00,Sunday,6,1,4,22,late_evening,transport,69.66
43.262925,76.95616,2025-12-04T11:19:23+05:00,Thursday,3,0,12,11,daytime,human,58.4
43.239597,76.916941,2026-03-08T09:15:08+05:00,Sunday,6,1,3,9,morning,transport,63.66
43.258021,76.944792,2025-11-01T19:43:18+05:00,Saturday,5,1,11,19,evening,human,63.67
43.240638,76.929184,2026-04-27T14:50:49+05:00,Monday,0,0,4,14,daytime,alert,68.58
43.233014,76.975581,2026-01-04T09:33:13+05:00,Sunday,6,1,1,9,morning,others,44.42
43.341146,76.950391,2025-12-14T07:57:43+05:00,Sunday,6,1,12,7,morning,others,67.8
43.237103,76.932866,2025-12-07T13:00:06+05:00,Sunday,6,1,12,13,daytime,transport,63.84
43.225494,76.90539,2025-12-26T21:40:38+05:00,Friday,4,0,12,21,late_evening,others,36.87
43.264926,76.929246,2026-01-12T17:08:39+05:00,Monday,0,0,1,17,evening,human,64.43
43.225206,76.900256,2026-03-20T18:59:31+05:00,Friday,4,0,3,18,evening,human,62.24
43.257177,76.945637,2026-04-04T10:19:34+05:00,Saturday,5,1,4,10,morning,human,63.77
43.237433,76.923449,2025-11-24T17:02:58+05:00,Monday,0,0,11,17,evening,transport,77.82
43.236334,76.916636,2025-11-21T18:22:50+05:00,Friday,4,0,11,18,evening,transport,63.56
43.255168,76.943984,2026-01-30T13:16:42+05:00,Friday,4,0,1,13,daytime,human,62.45
43.259324,76.967493,2025-12-31T17:48:02+05:00,Wednesday,2,0,12,17,evening,human,64.2
43.239314,76.920844,2025-11-04T21:32:55+05:00,Tuesday,1,0,11,21,late_evening,transport,70.68
43.262685,76.953824,2025-12-09T15:14:55+05:00,Tuesday,1,0,12,15,daytime,human,62.86
43.234891,76.976393,2025-11-21T10:45:22+05:00,Friday,4,0,11,10,morning,building_noise,55.52
43.247026,76.859692,2025-11-21T07:43:56+05:00,Friday,4,0,11,7,morning,transport,74.52
43.240291,76.928798,2025-12-03T09:23:08+05:00,Wednesday,2,0,12,9,morning,alert,72.17
43.21547,76.924649,2026-03-03T19:28:46+05:00,Tuesday,1,0,3,19,evening,transport,80.31
43.282706,76.892182,2026-01-08T08:23:11+05:00,Thursday,3,0,1,8,morning,building_noise,76.51
43.260659,76.975209,2026-03-09T09:35:39+05:00,Monday,0,0,3,9,morning,animals,35.0
43.213773,76.927069,2026-03-30T13:52:02+05:00,Monday,0,0,3,13,daytime,transport,70.56
43.256903,76.947959,2026-01-12T05:06:20+05:00,Monday,0,0,1,5,night,human,49.19
43.265698,76.977057,2026-05-01T22:28:05+05:00,Friday,4,0,5,22,late_evening,animals,36.81
43.249538,76.940967,2026-04-25T11:24:54+05:00,Saturday,5,1,4,11,daytime,human,61.11
43.266168,76.927893,2026-03-23T12:03:53+05:00,Monday,0,0,3,12,daytime,human,67.04
43.218829,76.926385,2026-04-08T07:47:12+05:00,Wednesday,2,0,4,7,morning,transport,78.85
43.253678,76.944212,2026-03-28T13:14:25+05:00,Saturday,5,1,3,13,daytime,human,58.08
43.258029,76.972499,2026-04-19T08:44:24+05:00,Sunday,6,1,4,8,morning,animals,43.26
43.341217,76.949196,2026-01-30T16:14:26+05:00,Friday,4,0,1,16,daytime,transport,67.82
43.348086,77.04394,2026-01-24T22:02:17+05:00,Saturday,5,1,1,22,late_evening,alert,76.86
43.239366,76.916701,2026-04-29T19:20:43+05:00,Wednesday,2,0,4,19,evening,transport,70.98
43.247611,76.859396,2026-01-02T02:43:23+05:00,Friday,4,0,1,2,night,human,51.26
43.258229,76.96786,2026-01-03T19:34:57+05:00,Saturday,5,1,1,19,evening,animals,53.96
43.258839,76.973744,2025-12-28T07:44:22+05:00,Sunday,6,1,12,7,morning,animals,39.65
43.261848,76.953126,2026-03-19T04:17:29+05:00,Thursday,3,0,3,4,night,others,35.87
43.250264,76.943214,2025-12-28T21:32:09+05:00,Sunday,6,1,12,21,late_evening,human,64.05
43.261166,76.928929,2026-04-29T23:02:42+05:00,Wednesday,2,0,4,23,late_evening,human,60.93
43.238685,76.928363,2026-01-04T07:59:10+05:00,Sunday,6,1,1,7,morning,alert,73.25
43.236554,76.916186,2026-02-14T14:40:35+05:00,Saturday,5,1,2,14,daytime,transport,59.58
43.352604,77.036661,2025-11-18T18:44:48+05:00,Tuesday,1,0,11,18,evening,transport,80.75
43.238222,76.930961,2026-04-08T12:22:01+05:00,Wednesday,2,0,4,12,daytime,transport,64.09
43.356899,77.040848,2025-12-22T19:06:06+05:00,Monday,0,0,12,19,evening,transport,78.78
43.23765,76.923903,2025-12-11T16:30:21+05:00,Thursday,3,0,12,16,daytime,transport,74.05
43.234299,76.97334,2026-04-27T06:08:07+05:00,Monday,0,0,4,6,morning,others,38.85
43.260374,76.973757,2026-02-14T02:13:18+05:00,Saturday,5,1,2,2,night,animals,35.0
43.258981,76.944923,2026-02-17T06:06:41+05:00,Tuesday,1,0,2,6,morning,alert,63.99
43.261142,76.953796,2025-11-16T16:41:33+05:00,Sunday,6,1,11,16,daytime,human,64.19
43.264387,76.92903,2026-03-17T14:47:14+05:00,Tuesday,1,0,3,14,daytime,building_noise,60.45
43.257858,76.944367,2026-03-07T18:34:59+05:00,Saturday,5,1,3,18,evening,human,67.37
43.25957,76.970312,2026-01-09T16:11:43+05:00,Friday,4,0,1,16,daytime,human,55.42
43.259626,76.974933,2025-11-01T11:49:03+05:00,Saturday,5,1,11,11,daytime,human,57.16
43.241372,76.918628,2026-04-26T14:57:26+05:00,Sunday,6,1,4,14,daytime,others,52.32
43.256292,76.975043,2026-02-15T07:46:45+05:00,Sunday,6,1,2,7,morning,animals,37.91
43.347371,77.041929,2026-03-22T13:06:13+05:00,Sunday,6,1,3,13,daytime,transport,71.26
43.234263,76.913119,2025-11-25T21:12:06+05:00,Tuesday,1,0,11,21,late_evening,transport,61.12
43.239897,76.915565,2026-01-21T17:02:37+05:00,Wednesday,2,0,1,17,evening,transport,69.67
43.237466,76.916548,2025-12-01T10:17:03+05:00,Monday,0,0,12,10,morning,others,55.04
43.216843,76.933043,2026-05-04T17:05:04+05:00,Monday,0,0,5,17,evening,others,67.72
43.343559,77.039622,2026-04-25T09:16:55+05:00,Saturday,5,1,4,9,morning,transport,72.08
43.22205,76.898741,2026-03-17T08:00:09+05:00,Tuesday,1,0,3,8,morning,others,47.38
43.246548,76.941476,2025-12-15T16:23:11+05:00,Monday,0,0,12,16,daytime,human,63.29
43.282764,76.894683,2026-03-23T16:37:41+05:00,Monday,0,0,3,16,daytime,building_noise,77.74
43.279606,76.892352,2026-01-09T08:54:54+05:00,Friday,4,0,1,8,morning,building_noise,76.79
43.26311,76.953269,2025-11-28T12:02:54+05:00,Friday,4,0,11,12,daytime,human,71.04
43.260013,76.975318,2025-11-29T20:33:34+05:00,Saturday,5,1,11,20,evening,animals,35.04
43.238287,76.955593,2026-03-15T22:25:34+05:00,Sunday,6,1,3,22,late_evening,human,69.17
43.342897,76.949576,2025-12-04T08:00:17+05:00,Thursday,3,0,12,8,morning,transport,78.0
43.239886,76.92878,2025-12-08T11:03:02+05:00,Monday,0,0,12,11,daytime,alert,66.77
43.261431,76.954025,2026-04-25T09:39:18+05:00,Saturday,5,1,4,9,morning,alert,83.07
43.259882,76.972977,2026-03-07T19:35:33+05:00,Saturday,5,1,3,19,evening,human,63.7
43.255792,76.974784,2026-02-20T07:55:37+05:00,Friday,4,0,2,7,morning,animals,41.43
43.257268,76.967006,2025-12-09T07:05:26+05:00,Tuesday,1,0,12,7,morning,others,44.81
43.214292,76.933,2026-04-12T18:57:55+05:00,Sunday,6,1,4,18,evening,building_noise,71.42
43.250121,76.939173,2025-12-24T20:23:36+05:00,Wednesday,2,0,12,20,evening,alert,77.57
43.245403,76.861015,2026-04-12T08:24:37+05:00,Sunday,6,1,4,8,morning,transport,71.54
43.240856,76.923119,2026-04-24T15:50:10+05:00,Friday,4,0,4,15,daytime,transport,70.29
43.341696,76.948169,2026-02-09T08:36:22+05:00,Monday,0,0,2,8,morning,transport,73.81
43.281259,76.889169,2025-12-08T09:10:52+05:00,Monday,0,0,12,9,morning,building_noise,74.95
43.2359,76.915986,2026-02-05T07:03:37+05:00,Thursday,3,0,2,7,morning,transport,63.72
43.265758,76.927967,2025-12-13T13:27:43+05:00,Saturday,5,1,12,13,daytime,human,62.92
43.352734,77.040132,2025-11-05T05:03:34+05:00,Wednesday,2,0,11,5,night,transport,63.02
43.249885,76.938176,2026-02-14T22:20:26+05:00,Saturday,5,1,2,22,late_evening,human,73.05
43.248436,76.860837,2026-03-30T23:23:03+05:00,Monday,0,0,3,23,late_evening,transport,68.69
43.284641,76.894031,2026-03-25T13:38:00+05:00,Wednesday,2,0,3,13,daytime,building_noise,69.4
43.280501,76.891221,2026-04-29T16:45:07+05:00,Wednesday,2,0,4,16,daytime,building_noise,70.92
43.219057,76.900594,2026-04-25T09:58:37+05:00,Saturday,5,1,4,9,morning,others,43.86
43.232706,76.975565,2025-11-27T16:54:55+05:00,Thursday,3,0,11,16,daytime,animals,42.49
43.216726,76.925574,2026-01-06T17:19:41+05:00,Tuesday,1,0,1,17,evening,transport,78.54
43.26551,76.926731,2026-04-30T08:45:12+05:00,Thursday,3,0,4,8,morning,human,65.51
43.261004,76.965829,2025-11-12T17:37:56+05:00,Wednesday,2,0,11,17,evening,animals,51.18
43.258548,76.973801,2025-12-13T21:07:36+05:00,Saturday,5,1,12,21,late_evening,animals,35.57
43.258083,76.966052,2026-02-02T22:17:17+05:00,Monday,0,0,2,22,late_evening,others,40.92
43.233164,76.978856,2025-12-21T12:23:28+05:00,Sunday,6,1,12,12,daytime,animals,47.6
43.353463,77.036885,2026-05-06T07:16:01+05:00,Wednesday,2,0,5,7,morning,transport,75.07
43.220887,76.899546,2026-05-10T09:02:22+05:00,Sunday,6,1,5,9,morning,others,52.02
43.265497,76.819536,2026-03-15T18:31:26+05:00,Sunday,6,1,3,18,evening,human,68.98
43.255323,76.945007,2026-02-21T22:19:55+05:00,Saturday,5,1,2,22,late_evening,human,73.65
43.259634,76.946486,2026-03-10T21:16:42+05:00,Tuesday,1,0,3,21,late_evening,human,62.13
43.224558,76.902985,2026-01-08T19:25:47+05:00,Thursday,3,0,1,19,evening,human,60.18
43.237858,76.929275,2025-11-18T08:06:55+05:00,Tuesday,1,0,11,8,morning,alert,74.94
43.236724,76.956971,2025-11-16T21:46:40+05:00,Sunday,6,1,11,21,late_evening,transport,67.81
43.263271,76.954196,2025-12-12T07:44:57+05:00,Friday,4,0,12,7,morning,others,48.64
43.246005,76.862459,2025-11-07T09:54:09+05:00,Friday,4,0,11,9,morning,transport,74.46
43.28262,76.894312,2026-05-06T01:58:03+05:00,Wednesday,2,0,5,1,night,transport,43.77
43.220321,76.930039,2025-12-28T01:13:37+05:00,Sunday,6,1,12,1,night,transport,51.08
43.237409,76.97552,2025-12-31T07:19:44+05:00,Wednesday,2,0,12,7,morning,others,47.04
43.252949,76.942611,2026-04-27T18:36:43+05:00,Monday,0,0,4,18,evening,human,63.61
43.281927,76.892822,2026-01-18T10:28:46+05:00,Sunday,6,1,1,10,morning,transport,62.38
43.286158,76.897552,2026-04-25T12:13:43+05:00,Saturday,5,1,4,12,daytime,building_noise,72.93
43.258884,76.965681,2026-01-07T19:11:36+05:00,Wednesday,2,0,1,19,evening,human,60.76
43.250026,76.940417,2026-05-08T20:21:56+05:00,Friday,4,0,5,20,evening,human,69.2
43.263012,76.954644,2025-12-16T07:36:18+05:00,Tuesday,1,0,12,7,morning,others,49.11
43.282925,76.903031,2025-11-10T13:58:52+05:00,Monday,0,0,11,13,daytime,building_noise,70.92
43.23513,76.973616,2025-11-08T12:25:58+05:00,Saturday,5,1,11,12,daytime,human,56.25
43.213952,76.928932,2026-01-28T16:05:25+05:00,Wednesday,2,0,1,16,daytime,transport,69.41
43.241392,76.931189,2026-03-12T09:51:53+05:00,Thursday,3,0,3,9,morning,alert,71.59
43.258646,76.974376,2025-11-05T18:35:22+05:00,Wednesday,2,0,11,18,evening,animals,51.89
43.233208,76.976521,2026-03-14T08:54:45+05:00,Saturday,5,1,3,8,morning,others,41.33
43.355885,77.039558,2026-01-15T13:19:28+05:00,Thursday,3,0,1,13,daytime,transport,65.6
43.23867,76.916814,2026-03-08T20:17:59+05:00,Sunday,6,1,3,20,evening,transport,59.84
43.257941,76.946033,2025-11-13T06:03:53+05:00,Thursday,3,0,11,6,morning,human,55.06
43.248836,76.946717,2026-04-06T08:30:38+05:00,Monday,0,0,4,8,morning,human,65.56
43.238798,76.921543,2026-02-14T21:50:05+05:00,Saturday,5,1,2,21,late_evening,building_noise,64.09
43.267745,76.818883,2026-05-02T18:05:28+05:00,Saturday,5,1,5,18,evening,human,71.76
43.248991,76.864039,2025-12-28T22:14:22+05:00,Sunday,6,1,12,22,late_evening,transport,65.61
43.257224,76.972069,2026-02-25T08:07:22+05:00,Wednesday,2,0,2,8,morning,animals,41.42
43.340248,76.951654,2026-02-14T17:11:39+05:00,Saturday,5,1,2,17,evening,transport,69.98
43.258634,76.947255,2026-01-08T22:14:00+05:00,Thursday,3,0,1,22,late_evening,human,63.83
43.220472,76.903153,2025-11-18T07:33:40+05:00,Tuesday,1,0,11,7,morning,others,47.85
43.248866,76.94002,2025-11-30T17:18:09+05:00,Sunday,6,1,11,17,evening,animals,51.49
43.262744,76.968275,2026-02-12T18:06:49+05:00,Thursday,3,0,2,18,evening,human,60.19
43.219531,76.928802,2026-03-21T13:41:31+05:00,Saturday,5,1,3,13,daytime,transport,68.19
43.238993,76.922917,2026-02-05T09:00:26+05:00,Thursday,3,0,2,9,morning,human,78.92
43.217704,76.925312,2025-12-22T12:32:19+05:00,Monday,0,0,12,12,daytime,others,66.28
43.238436,76.916267,2026-02-24T18:27:28+05:00,Tuesday,1,0,2,18,evening,transport,78.6
43.248992,76.856331,2026-02-18T09:13:19+05:00,Wednesday,2,0,2,9,morning,others,70.89
43.341992,76.949522,2025-12-03T18:27:40+05:00,Wednesday,2,0,12,18,evening,transport,72.86
43.337454,76.949064,2025-11-21T01:40:27+05:00,Friday,4,0,11,1,night,transport,52.7
43.263623,76.953576,2026-02-27T08:27:51+05:00,Friday,4,0,2,8,morning,others,53.2
43.25358,76.943784,2026-04-06T19:22:15+05:00,Monday,0,0,4,19,evening,human,66.66
43.237093,76.977144,2026-01-28T20:18:38+05:00,Wednesday,2,0,1,20,evening,others,43.74
43.256607,76.946656,2026-04-02T15:13:49+05:00,Thursday,3,0,4,15,daytime,human,57.46
43.258585,76.94583,2026-05-10T20:23:54+05:00,Sunday,6,1,5,20,evening,human,62.88
43.25659,76.972064,2026-01-29T13:44:16+05:00,Thursday,3,0,1,13,daytime,human,54.83
43.26007,76.970884,2026-04-19T23:11:29+05:00,Sunday,6,1,4,23,late_evening,animals,36.37
43.218003,76.927588,2026-01-31T21:42:04+05:00,Saturday,5,1,1,21,late_evening,transport,70.46
43.256658,76.972171,2026-01-06T07:53:55+05:00,Tuesday,1,0,1,7,morning,animals,41.66
43.257417,76.974022,2026-04-13T09:00:00+05:00,Monday,0,0,4,9,morning,others,47.57
43.21986,76.899466,2026-04-21T20:42:00+05:00,Tuesday,1,0,4,20,evening,building_noise,47.95
43.237154,76.929298,2026-04-24T08:22:02+05:00,Friday,4,0,4,8,morning,alert,80.45
43.223108,76.900422,2025-11-21T20:49:29+05:00,Friday,4,0,11,20,evening,others,48.61
43.219813,76.89999,2025-11-12T16:57:49+05:00,Wednesday,2,0,11,16,daytime,human,53.09
43.235342,76.957146,2026-01-25T12:38:51+05:00,Sunday,6,1,1,12,daytime,human,64.65
43.21952,76.898575,2026-01-20T16:10:09+05:00,Tuesday,1,0,1,16,daytime,human,57.61
43.221152,76.901043,2026-02-14T12:43:13+05:00,Saturday,5,1,2,12,daytime,human,58.22
43.254433,76.946802,2026-01-29T18:59:11+05:00,Thursday,3,0,1,18,evening,human,67.63
43.262208,76.966056,2026-04-09T06:17:36+05:00,Thursday,3,0,4,6,morning,animals,40.42
43.237505,76.916614,2025-12-10T17:35:52+05:00,Wednesday,2,0,12,17,evening,transport,68.83
43.253693,76.944792,2026-02-25T14:26:15+05:00,Wednesday,2,0,2,14,daytime,human,62.52
43.258482,76.964519,2026-01-23T00:05:25+05:00,Friday,4,0,1,0,night,others,35.0
43.233552,76.977586,2026-04-06T23:58:51+05:00,Monday,0,0,4,23,late_evening,others,42.5
43.24852,76.941243,2026-03-31T19:39:07+05:00,Tuesday,1,0,3,19,evening,human,69.06
43.235647,76.976288,2026-02-01T18:31:49+05:00,Sunday,6,1,2,18,evening,human,61.72
43.244213,76.860344,2026-04-11T11:42:47+05:00,Saturday,5,1,4,11,daytime,transport,58.43
43.224985,76.899326,2026-04-03T12:55:46+05:00,Friday,4,0,4,12,daytime,human,54.95
43.235536,76.953789,2026-04-04T09:40:45+05:00,Saturday,5,1,4,9,morning,human,67.53
43.28139,76.902128,2025-11-01T08:21:21+05:00,Saturday,5,1,11,8,morning,building_noise,73.02
43.222269,76.898801,2025-12-05T09:25:35+05:00,Friday,4,0,12,9,morning,others,48.7
43.23425,76.976969,2025-11-21T10:43:22+05:00,Friday,4,0,11,10,morning,building_noise,56.07
43.264648,76.821788,2025-12-11T10:37:31+05:00,Thursday,3,0,12,10,morning,others,51.01
43.224893,76.901142,2025-12-28T16:20:17+05:00,Sunday,6,1,12,16,daytime,human,52.27
43.238118,76.925712,2026-02-23T18:00:57+05:00,Monday,0,0,2,18,evening,transport,83.89
43.25356,76.944424,2026-04-15T07:14:54+05:00,Wednesday,2,0,4,7,morning,human,71.05
43.219097,76.900598,2026-04-25T09:58:37+05:00,Saturday,5,1,4,9,morning,others,46.58
43.258769,76.974694,2026-05-02T09:53:11+05:00,Saturday,5,1,5,9,morning,animals,47.21
43.2818,76.893825,2026-02-13T15:07:36+05:00,Friday,4,0,2,15,daytime,building_noise,75.51
43.25808,76.97338,2026-04-28T09:18:17+05:00,Tuesday,1,0,4,9,morning,animals,42.07
43.233713,76.91533,2026-04-04T18:11:45+05:00,Saturday,5,1,4,18,evening,transport,63.65
43.26296,76.969079,2025-12-05T21:36:16+05:00,Friday,4,0,12,21,late_evening,others,44.09
43.249431,76.857684,2026-04-06T09:57:40+05:00,Monday,0,0,4,9,morning,transport,78.15
43.337181,76.94612,2025-12-24T21:43:26+05:00,Wednesday,2,0,12,21,late_evening,alert,71.59
43.258957,76.944182,2026-02-26T21:02:08+05:00,Thursday,3,0,2,21,late_evening,human,66.82
43.262711,76.952592,2026-04-08T15:32:59+05:00,Wednesday,2,0,4,15,daytime,human,61.14
43.222749,76.901775,2026-01-21T08:37:05+05:00,Wednesday,2,0,1,8,morning,animals,43.44
43.261779,76.974182,2025-12-07T08:27:08+05:00,Sunday,6,1,12,8,morning,animals,37.54
43.222883,76.900012,2025-11-11T17:41:08+05:00,Tuesday,1,0,11,17,evening,animals,48.59
43.249271,76.938895,2026-02-21T02:57:33+05:00,Saturday,5,1,2,2,night,building_noise,63.99
43.220869,76.930709,2026-04-16T17:06:46+05:00,Thursday,3,0,4,17,evening,transport,82.02
43.263103,76.951599,2026-03-09T07:46:42+05:00,Monday,0,0,3,7,morning,others,53.74
43.339823,76.949386,2026-03-07T18:12:27+05:00,Saturday,5,1,3,18,evening,transport,75.64
43.262709,76.973638,2026-04-05T19:13:46+05:00,Sunday,6,1,4,19,evening,animals,50.19
43.253844,76.943523,2026-01-06T21:38:12+05:00,Tuesday,1,0,1,21,late_evening,human,67.02
43.246528,76.942932,2026-01-01T19:40:04+05:00,Thursday,3,0,1,19,evening,human,69.65
43.282125,76.894907,2025-11-16T16:34:30+05:00,Sunday,6,1,11,16,daytime,transport,65.24
43.247809,76.940285,2026-03-29T18:32:17+05:00,Sunday,6,1,3,18,evening,human,66.82
43.26323,76.953648,2026-01-02T07:23:34+05:00,Friday,4,0,1,7,morning,animals,43.57
43.239561,76.922015,2026-02-15T17:15:10+05:00,Sunday,6,1,2,17,evening,transport,73.34
43.278721,76.893915,2025-12-25T09:36:12+05:00,Thursday,3,0,12,9,morning,building_noise,77.35
43.284434,76.899943,2026-01-16T08:16:39+05:00,Friday,4,0,1,8,morning,building_noise,70.37
43.2358,76.915778,2026-04-30T18:38:14+05:00,Thursday,3,0,4,18,evening,animals,52.08
43.261905,76.970294,2026-02-14T08:12:09+05:00,Saturday,5,1,2,8,morning,animals,42.55
43.271092,76.892891,2026-03-19T22:08:39+05:00,Thursday,3,0,3,22,late_evening,transport,57.36
43.281933,76.892705,2026-04-05T12:03:28+05:00,Sunday,6,1,4,12,daytime,building_noise,60.37
43.237588,76.93018,2026-01-24T08:39:01+05:00,Saturday,5,1,1,8,morning,alert,70.86
43.339505,76.948355,2026-04-18T18:29:34+05:00,Saturday,5,1,4,18,evening,transport,74.09
43.258286,76.972831,2026-04-09T08:59:28+05:00,Thursday,3,0,4,8,morning,animals,43.77
43.240561,76.929333,2026-04-27T15:00:49+05:00,Monday,0,0,4,15,daytime,alert,68.07
43.248928,76.863552,2026-04-18T20:47:59+05:00,Saturday,5,1,4,20,evening,transport,67.79
43.333006,76.953619,2025-11-20T15:06:11+05:00,Thursday,3,0,11,15,daytime,transport,66.48
43.262766,76.953944,2025-11-11T15:09:37+05:00,Tuesday,1,0,11,15,daytime,human,67.23
43.265361,76.929654,2026-03-03T13:06:21+05:00,Tuesday,1,0,3,13,daytime,human,64.57
43.244129,76.860803,2026-03-30T17:04:10+05:00,Monday,0,0,3,17,evening,transport,77.54
43.263156,76.955112,2026-02-18T15:22:32+05:00,Wednesday,2,0,2,15,daytime,others,67.76
43.220639,76.929614,2026-03-13T22:33:27+05:00,Friday,4,0,3,22,late_evening,building_noise,72.84
43.232929,76.97645,2026-04-28T16:37:04+05:00,Tuesday,1,0,4,16,daytime,others,48.34
43.218357,76.929884,2025-11-25T13:39:55+05:00,Tuesday,1,0,11,13,daytime,transport,70.19
43.343714,76.951849,2026-03-17T18:14:01+05:00,Tuesday,1,0,3,18,evening,transport,75.98
43.281691,76.899367,2026-04-22T17:38:43+05:00,Wednesday,2,0,4,17,evening,building_noise,78.17
43.338029,76.950128,2025-11-04T09:18:31+05:00,Tuesday,1,0,11,9,morning,transport,72.95
43.252719,76.941883,2026-05-03T18:30:04+05:00,Sunday,6,1,5,18,evening,alert,74.41
43.26346,76.92575,2026-03-18T17:37:34+05:00,Wednesday,2,0,3,17,evening,human,66.55
43.263869,76.954745,2026-02-28T07:53:02+05:00,Saturday,5,1,2,7,morning,others,51.33
43.239002,76.930382,2025-12-15T08:31:22+05:00,Monday,0,0,12,8,morning,alert,67.92
43.245829,76.858357,2025-12-29T17:43:20+05:00,Monday,0,0,12,17,evening,transport,81.71
43.262051,76.951936,2025-12-17T14:47:26+05:00,Wednesday,2,0,12,14,daytime,human,67.4
43.253455,76.943443,2026-03-15T19:35:09+05:00,Sunday,6,1,3,19,evening,human,68.48
43.256462,76.972088,2026-01-06T08:03:55+05:00,Tuesday,1,0,1,8,morning,animals,41.29
43.254151,76.941798,2026-04-18T09:09:23+05:00,Saturday,5,1,4,9,morning,human,71.33
43.279289,76.894205,2026-04-14T11:59:54+05:00,Tuesday,1,0,4,11,daytime,building_noise,69.81
43.258671,76.94787,2026-05-08T15:24:50+05:00,Friday,4,0,5,15,daytime,human,60.01
43.282066,76.891388,2026-02-06T16:25:04+05:00,Friday,4,0,2,16,daytime,building_noise,75.66
43.236043,76.918063,2026-02-10T16:31:17+05:00,Tuesday,1,0,2,16,daytime,transport,62.5
43.219709,76.927872,2025-12-22T13:53:57+05:00,Monday,0,0,12,13,daytime,human,70.0
43.236392,76.92182,2026-02-06T19:22:01+05:00,Friday,4,0,2,19,evening,transport,62.6
43.351391,77.038962,2026-01-29T08:27:09+05:00,Thursday,3,0,1,8,morning,transport,77.84
43.261895,76.975076,2025-11-25T10:20:04+05:00,Tuesday,1,0,11,10,morning,human,51.66
43.282852,76.889934,2026-03-05T16:09:57+05:00,Thursday,3,0,3,16,daytime,building_noise,74.76
43.237294,76.91582,2026-02-01T19:51:04+05:00,Sunday,6,1,2,19,evening,transport,59.92
43.237748,76.915968,2026-02-11T23:40:00+05:00,Wednesday,2,0,2,23,late_evening,others,59.48
43.220398,76.927773,2026-02-04T08:25:04+05:00,Wednesday,2,0,2,8,morning,transport,80.92
43.259702,76.964894,2026-04-10T07:56:09+05:00,Friday,4,0,4,7,morning,others,45.57
43.264527,76.970271,2026-05-06T06:49:34+05:00,Wednesday,2,0,5,6,morning,others,38.5
43.218574,76.923311,2026-01-05T08:53:17+05:00,Monday,0,0,1,8,morning,transport,85.18
43.261093,76.946741,2026-02-02T13:02:30+05:00,Monday,0,0,2,13,daytime,human,52.46
43.247549,76.940191,2026-01-11T20:00:22+05:00,Sunday,6,1,1,20,evening,human,68.56
43.349397,77.045328,2026-01-23T22:50:38+05:00,Friday,4,0,1,22,late_evening,transport,68.67
43.256632,76.945635,2026-03-27T07:56:17+05:00,Friday,4,0,3,7,morning,human,62.32
43.255812,76.967214,2026-03-30T09:22:49+05:00,Monday,0,0,3,9,morning,others,47.05
43.238421,76.922203,2026-02-10T18:58:35+05:00,Tuesday,1,0,2,18,evening,transport,84.18
43.237013,76.919334,2026-03-22T11:13:35+05:00,Sunday,6,1,3,11,daytime,others,53.86
43.234565,76.976272,2025-11-16T17:44:35+05:00,Sunday,6,1,11,17,evening,human,59.97
43.262891,76.954409,2026-03-02T07:59:24+05:00,Monday,0,0,3,7,morning,others,52.03
43.217774,76.931948,2025-11-27T22:24:26+05:00,Thursday,3,0,11,22,late_evening,transport,71.72
43.257699,76.942783,2026-01-30T19:01:10+05:00,Friday,4,0,1,19,evening,human,62.2
43.253478,76.967686,2025-11-02T07:52:34+05:00,Sunday,6,1,11,7,morning,others,46.41
43.259404,76.971129,2026-02-18T08:42:59+05:00,Wednesday,2,0,2,8,morning,others,44.69
43.224082,76.899185,2025-11-14T10:02:56+05:00,Friday,4,0,11,10,morning,human,54.25
43.223991,76.900799,2026-03-26T08:00:52+05:00,Thursday,3,0,3,8,morning,others,49.13
43.240907,76.921055,2026-02-12T11:06:23+05:00,Thursday,3,0,2,11,daytime,alert,74.3
43.349177,77.037699,2026-04-18T03:37:00+05:00,Saturday,5,1,4,3,night,transport,53.35
43.258695,76.973671,2026-04-26T15:33:18+05:00,Sunday,6,1,4,15,daytime,human,49.8
43.257827,76.972455,2026-04-19T08:43:24+05:00,Sunday,6,1,4,8,morning,animals,43.58
43.262014,76.954722,2025-12-19T08:43:37+05:00,Friday,4,0,12,8,morning,others,53.31
43.237499,76.922278,2026-04-14T18:17:44+05:00,Tuesday,1,0,4,18,evening,transport,76.02
43.258967,76.945269,2026-03-14T20:14:38+05:00,Saturday,5,1,3,20,evening,human,73.67
43.261511,76.974954,2026-03-25T09:29:01+05:00,Wednesday,2,0,3,9,morning,animals,39.17
43.283686,76.892092,2026-04-18T08:35:52+05:00,Saturday,5,1,4,8,morning,building_noise,75.46
43.262361,76.927325,2026-01-16T19:20:55+05:00,Friday,4,0,1,19,evening,human,72.47
43.267285,76.822796,2026-03-14T14:05:38+05:00,Saturday,5,1,3,14,daytime,human,53.32
43.258998,76.97237,2026-03-30T08:44:58+05:00,Monday,0,0,3,8,morning,animals,35.24
43.215807,76.929955,2025-11-07T07:24:17+05:00,Friday,4,0,11,7,morning,transport,82.8
43.245718,76.941453,2026-01-06T18:32:29+05:00,Tuesday,1,0,1,18,evening,human,69.49
43.283077,76.891829,2025-12-19T20:22:57+05:00,Friday,4,0,12,20,evening,others,57.42
43.219732,76.928781,2026-03-10T22:47:49+05:00,Tuesday,1,0,3,22,late_evening,transport,71.83
43.244361,76.861236,2026-02-15T18:02:44+05:00,Sunday,6,1,2,18,evening,transport,69.13
43.245168,76.860533,2026-02-23T09:19:14+05:00,Monday,0,0,2,9,morning,transport,73.57
43.261572,76.97346,2026-02-25T08:59:40+05:00,Wednesday,2,0,2,8,morning,animals,49.96
43.285146,76.900801,2025-12-24T12:55:49+05:00,Wednesday,2,0,12,12,daytime,building_noise,74.6
43.215644,76.929182,2025-12-28T08:43:08+05:00,Sunday,6,1,12,8,morning,transport,71.13
43.345162,77.037965,2026-01-12T07:21:39+05:00,Monday,0,0,1,7,morning,transport,74.96
43.260186,76.97403,2026-01-20T19:58:09+05:00,Tuesday,1,0,1,19,evening,human,53.51
43.262939,76.954272,2026-01-28T07:19:54+05:00,Wednesday,2,0,1,7,morning,others,54.95
43.217254,76.928906,2026-03-30T19:21:29+05:00,Monday,0,0,3,19,evening,transport,81.34
43.220777,76.930488,2025-12-02T18:08:17+05:00,Tuesday,1,0,12,18,evening,transport,80.76
43.221695,76.899234,2026-01-17T21:03:19+05:00,Saturday,5,1,1,21,late_evening,others,44.17
43.258105,76.974511,2026-03-30T20:02:15+05:00,Monday,0,0,3,20,evening,animals,35.71
43.254137,76.944847,2025-11-18T23:35:36+05:00,Tuesday,1,0,11,23,late_evening,human,66.97
43.250833,76.943395,2025-12-08T17:29:43+05:00,Monday,0,0,12,17,evening,human,67.49
43.236628,76.915548,2026-04-15T22:15:34+05:00,Wednesday,2,0,4,22,late_evening,transport,57.25
43.24701,76.938575,2025-12-09T10:10:20+05:00,Tuesday,1,0,12,10,morning,building_noise,63.4
43.265632,76.929566,2026-05-07T21:05:45+05:00,Thursday,3,0,5,21,late_evening,human,65.84
43.249444,76.942042,2025-11-27T20:55:40+05:00,Thursday,3,0,11,20,evening,human,65.52
43.216292,76.927867,2026-01-08T18:55:14+05:00,Thursday,3,0,1,18,evening,transport,81.32
43.218546,76.898621,2025-11-18T19:31:12+05:00,Tuesday,1,0,11,19,evening,others,58.67
43.238127,76.929387,2025-11-26T17:32:00+05:00,Wednesday,2,0,11,17,evening,alert,75.6
43.223453,76.930055,2026-04-01T16:53:56+05:00,Wednesday,2,0,4,16,daytime,transport,69.14
43.217715,76.930868,2026-03-12T21:44:15+05:00,Thursday,3,0,3,21,late_evening,transport,73.91
43.232525,76.976295,2025-12-03T09:51:10+05:00,Wednesday,2,0,12,9,morning,alert,55.08
43.352379,77.047658,2025-11-02T08:25:03+05:00,Sunday,6,1,11,8,morning,transport,73.79
43.235811,76.957462,2026-04-19T16:42:26+05:00,Sunday,6,1,4,16,daytime,transport,67.16
43.255829,76.96982,2026-03-29T16:39:13+05:00,Sunday,6,1,3,16,daytime,human,54.44
43.225392,76.901385,2026-02-13T00:59:05+05:00,Friday,4,0,2,0,night,others,35.0
43.256142,76.943529,2026-04-27T11:28:46+05:00,Monday,0,0,4,11,daytime,human,59.21
43.261342,76.957281,2026-03-24T08:51:43+05:00,Tuesday,1,0,3,8,morning,others,58.38
43.260128,76.969932,2026-02-16T20:15:47+05:00,Monday,0,0,2,20,evening,animals,36.21
43.261225,76.972065,2025-11-03T16:29:55+05:00,Monday,0,0,11,16,daytime,human,58.81
43.234164,76.955884,2026-05-10T07:45:36+05:00,Sunday,6,1,5,7,morning,human,65.09
43.261764,76.952953,2026-01-20T18:27:12+05:00,Tuesday,1,0,1,18,evening,human,63.37
43.281508,76.889625,2026-04-27T19:22:50+05:00,Monday,0,0,4,19,evening,others,66.06
43.262167,76.967928,2026-01-10T18:07:13+05:00,Saturday,5,1,1,18,evening,human,64.94
43.219165,76.901304,2025-11-13T14:32:25+05:00,Thursday,3,0,11,14,daytime,human,54.87
43.219808,76.935973,2026-02-10T18:00:27+05:00,Tuesday,1,0,2,18,evening,transport,79.38
43.239003,76.929499,2026-01-22T19:00:30+05:00,Thursday,3,0,1,19,evening,alert,71.67
43.219159,76.925127,2026-02-04T11:54:15+05:00,Wednesday,2,0,2,11,daytime,transport,71.68
43.239458,76.931541,2026-04-09T19:13:59+05:00,Thursday,3,0,4,19,evening,alert,77.59
43.221229,76.92356,2026-03-29T15:51:16+05:00,Sunday,6,1,3,15,daytime,transport,67.05
43.25755,76.968367,2026-01-14T16:42:00+05:00,Wednesday,2,0,1,16,daytime,animals,47.31
43.225384,76.900538,2026-01-17T07:52:44+05:00,Saturday,5,1,1,7,morning,others,45.27
43.245737,76.860762,2026-04-20T19:15:47+05:00,Monday,0,0,4,19,evening,transport,79.41
43.260298,76.970024,2026-02-16T20:27:47+05:00,Monday,0,0,2,20,evening,animals,36.25
43.236522,76.957352,2025-11-15T09:48:06+05:00,Saturday,5,1,11,9,morning,others,64.33
43.236244,76.915694,2026-05-08T19:13:39+05:00,Friday,4,0,5,19,evening,transport,68.79
43.263143,76.953726,2026-05-01T19:45:24+05:00,Friday,4,0,5,19,evening,human,67.78
43.261691,76.954825,2026-05-06T07:58:53+05:00,Wednesday,2,0,5,7,morning,others,52.11
43.236323,76.958577,2025-12-09T15:44:39+05:00,Tuesday,1,0,12,15,daytime,human,60.53
43.255217,76.943331,2025-12-15T18:13:51+05:00,Monday,0,0,12,18,evening,human,64.0
43.219235,76.901211,2026-01-09T07:19:44+05:00,Friday,4,0,1,7,morning,others,47.91
43.281274,76.892503,2025-12-26T16:56:39+05:00,Friday,4,0,12,16,daytime,building_noise,78.24
43.26146,76.970379,2026-04-11T18:37:51+05:00,Saturday,5,1,4,18,evening,human,54.88
43.260273,76.96496,2026-01-05T04:08:16+05:00,Monday,0,0,1,4,night,others,35.0
43.213246,76.928309,2026-05-03T12:18:58+05:00,Sunday,6,1,5,12,daytime,transport,64.6
43.233752,76.974956,2026-01-08T20:09:40+05:00,Thursday,3,0,1,20,evening,others,42.3
43.221512,76.92982,2026-04-18T20:15:58+05:00,Saturday,5,1,4,20,evening,transport,72.79
43.280439,76.895954,2026-03-06T10:42:44+05:00,Friday,4,0,3,10,morning,building_noise,73.52
43.256175,76.944392,2025-11-07T12:48:58+05:00,Friday,4,0,11,12,daytime,human,59.33
43.353084,77.035704,2026-03-11T18:47:33+05:00,Wednesday,2,0,3,18,evening,others,76.75
43.341303,76.954137,2026-01-02T19:16:16+05:00,Friday,4,0,1,19,evening,animals,55.36
43.343689,76.94769,2025-12-06T14:29:27+05:00,Saturday,5,1,12,14,daytime,transport,66.29
43.258611,76.945339,2026-02-19T18:36:28+05:00,Thursday,3,0,2,18,evening,human,65.63
43.223062,76.899555,2026-02-09T21:50:28+05:00,Monday,0,0,2,21,late_evening,others,46.15
43.236534,76.926575,2026-03-07T16:58:44+05:00,Saturday,5,1,3,16,daytime,alert,76.25
43.249692,76.940409,2026-02-21T17:38:11+05:00,Saturday,5,1,2,17,evening,transport,72.54
43.236815,76.956737,2026-02-01T12:15:54+05:00,Sunday,6,1,2,12,daytime,human,60.98
43.239282,76.930736,2025-12-16T09:37:08+05:00,Tuesday,1,0,12,9,morning,alert,76.97
43.236056,76.957798,2026-03-14T20:03:55+05:00,Saturday,5,1,3,20,evening,human,66.41
43.255235,76.940469,2026-04-11T09:22:29+05:00,Saturday,5,1,4,9,morning,human,67.69
43.250854,76.936127,2026-01-19T21:04:51+05:00,Monday,0,0,1,21,late_evening,human,69.88
43.336633,76.949616,2025-12-09T07:22:02+05:00,Tuesday,1,0,12,7,morning,transport,81.44
43.279044,76.894277,2026-01-19T21:03:57+05:00,Monday,0,0,1,21,late_evening,building_noise,66.27
43.284141,76.89468,2026-03-22T09:01:35+05:00,Sunday,6,1,3,9,morning,transport,64.09
43.253276,76.947598,2026-04-02T12:23:33+05:00,Thursday,3,0,4,12,daytime,human,63.89
43.21829,76.926354,2026-03-09T18:40:05+05:00,Monday,0,0,3,18,evening,transport,79.62
43.238203,76.931759,2026-02-09T09:31:53+05:00,Monday,0,0,2,9,morning,alert,67.51
43.339584,76.952278,2025-12-02T18:09:28+05:00,Tuesday,1,0,12,18,evening,transport,78.88
43.236788,76.929622,2026-01-03T16:25:20+05:00,Saturday,5,1,1,16,daytime,alert,71.33
43.263461,76.953382,2026-01-02T07:33:34+05:00,Friday,4,0,1,7,morning,animals,42.6
43.236966,76.920926,2025-12-01T18:35:41+05:00,Monday,0,0,12,18,evening,transport,79.75
43.350088,77.041619,2026-01-20T22:44:53+05:00,Tuesday,1,0,1,22,late_evening,transport,76.18
43.233598,76.958648,2026-03-28T19:22:57+05:00,Saturday,5,1,3,19,evening,human,69.12
43.258358,76.971356,2026-05-01T06:11:27+05:00,Friday,4,0,5,6,morning,others,35.1
43.284534,76.89424,2026-03-07T18:54:40+05:00,Saturday,5,1,3,18,evening,building_noise,68.15
43.23765,76.918217,2026-03-22T07:39:50+05:00,Sunday,6,1,3,7,morning,transport,69.72
43.234739,76.975531,2025-12-16T08:04:08+05:00,Tuesday,1,0,12,8,morning,others,46.63
43.26298,76.954984,2025-12-21T20:41:37+05:00,Sunday,6,1,12,20,evening,others,48.69
43.26276,76.953618,2026-02-26T11:01:48+05:00,Thursday,3,0,2,11,daytime,human,62.89
43.220788,76.924722,2025-11-04T17:30:04+05:00,Tuesday,1,0,11,17,evening,transport,75.8
43.255386,76.975657,2026-01-30T10:17:56+05:00,Friday,4,0,1,10,morning,animals,42.54
43.234766,76.915511,2026-01-04T15:40:29+05:00,Sunday,6,1,1,15,daytime,others,55.23
43.237288,76.920426,2026-05-10T08:03:11+05:00,Sunday,6,1,5,8,morning,transport,72.18
43.255496,76.970962,2026-03-21T10:28:41+05:00,Saturday,5,1,3,10,morning,human,55.25
43.25976,76.975775,2026-04-03T20:56:13+05:00,Friday,4,0,4,20,evening,animals,35.57
43.267795,76.817724,2026-05-06T18:45:58+05:00,Wednesday,2,0,5,18,evening,human,61.28
43.217976,76.928935,2025-11-05T15:20:20+05:00,Wednesday,2,0,11,15,daytime,transport,72.18
43.258866,76.973402,2025-11-04T08:21:07+05:00,Tuesday,1,0,11,8,morning,animals,35.38
43.213399,76.928429,2026-04-17T19:12:39+05:00,Friday,4,0,4,19,evening,transport,81.09
43.337814,76.953955,2026-02-03T13:18:04+05:00,Tuesday,1,0,2,13,daytime,transport,71.4
43.217801,76.929607,2026-03-27T13:06:35+05:00,Friday,4,0,3,13,daytime,transport,68.76
43.264257,76.926427,2026-05-04T23:15:25+05:00,Monday,0,0,5,23,late_evening,others,56.57
43.235296,76.915992,2026-02-21T16:54:55+05:00,Saturday,5,1,2,16,daytime,transport,54.86
43.255354,76.945674,2025-11-17T02:34:04+05:00,Monday,0,0,11,2,night,human,55.16
43.247989,76.94224,2025-12-10T07:43:15+05:00,Wednesday,2,0,12,7,morning,others,62.04
43.234349,76.916993,2025-12-22T14:05:44+05:00,Monday,0,0,12,14,daytime,others,49.85
43.260172,76.94497,2026-03-19T13:31:17+05:00,Thursday,3,0,3,13,daytime,human,63.55
43.261482,76.972987,2026-02-01T08:46:55+05:00,Sunday,6,1,2,8,morning,animals,40.2
43.349191,77.04258,2026-03-12T17:25:07+05:00,Thursday,3,0,3,17,evening,transport,78.92
43.2381,76.930281,2026-03-31T20:18:30+05:00,Tuesday,1,0,3,20,evening,alert,69.79
43.237104,76.920451,2026-01-10T12:47:49+05:00,Saturday,5,1,1,12,daytime,transport,66.09
43.254665,76.941129,2025-12-01T19:40:33+05:00,Monday,0,0,12,19,evening,alert,69.99
43.254552,76.944966,2025-12-12T09:25:26+05:00,Friday,4,0,12,9,morning,others,63.1
43.219856,76.90319,2026-01-16T07:14:52+05:00,Friday,4,0,1,7,morning,others,52.49
43.261509,76.954744,2026-03-10T20:09:01+05:00,Tuesday,1,0,3,20,evening,others,53.19
43.239961,76.930006,2026-05-09T20:33:42+05:00,Saturday,5,1,5,20,evening,alert,65.71
43.279323,76.894881,2026-03-19T17:14:08+05:00,Thursday,3,0,3,17,evening,building_noise,78.87
43.222775,76.901032,2026-02-19T21:00:16+05:00,Thursday,3,0,2,21,late_evening,others,48.38
43.236449,76.918589,2026-02-13T10:31:52+05:00,Friday,4,0,2,10,morning,others,55.44
43.277916,76.893865,2026-01-05T17:07:13+05:00,Monday,0,0,1,17,evening,building_noise,79.2
43.257913,76.972647,2026-02-20T09:06:44+05:00,Friday,4,0,2,9,morning,animals,43.64
43.281368,76.89719,2026-01-29T08:25:27+05:00,Thursday,3,0,1,8,morning,building_noise,78.04
43.356372,77.045182,2026-05-04T06:57:45+05:00,Monday,0,0,5,6,morning,transport,60.0
43.261618,76.970785,2025-12-17T19:36:47+05:00,Wednesday,2,0,12,19,evening,transport,63.4
43.24131,76.930073,2025-11-17T12:45:52+05:00,Monday,0,0,11,12,daytime,transport,63.87
43.247409,76.941983,2026-03-18T08:04:37+05:00,Wednesday,2,0,3,8,morning,human,61.54
43.264446,76.929461,2026-04-14T16:38:35+05:00,Tuesday,1,0,4,16,daytime,human,65.27
43.22185,76.899997,2026-02-22T16:00:54+05:00,Sunday,6,1,2,16,daytime,human,60.18
43.25141,76.941853,2026-01-06T19:02:09+05:00,Tuesday,1,0,1,19,evening,others,68.31
43.263489,76.821879,2026-02-11T01:08:23+05:00,Wednesday,2,0,2,1,night,human,37.62
43.247695,76.86075,2026-03-01T22:34:52+05:00,Sunday,6,1,3,22,late_evening,transport,62.24
43.25826,76.967794,2026-01-13T08:56:05+05:00,Tuesday,1,0,1,8,morning,others,43.06
43.217262,76.928752,2026-01-06T11:48:33+05:00,Tuesday,1,0,1,11,daytime,transport,73.38
43.216559,76.930323,2026-02-22T14:43:07+05:00,Sunday,6,1,2,14,daytime,transport,63.46
43.278959,76.897455,2026-04-24T08:24:04+05:00,Friday,4,0,4,8,morning,building_noise,77.54
43.237874,76.956197,2026-04-12T15:54:11+05:00,Sunday,6,1,4,15,daytime,human,60.57
43.236237,76.919947,2025-12-17T19:38:12+05:00,Wednesday,2,0,12,19,evening,transport,72.5
43.34851,77.044588,2026-04-28T08:32:00+05:00,Tuesday,1,0,4,8,morning,transport,78.94
43.263223,76.955941,2026-04-29T20:41:06+05:00,Wednesday,2,0,4,20,evening,others,52.62
43.218219,76.92835,2026-03-10T11:03:36+05:00,Tuesday,1,0,3,11,daytime,transport,71.31
43.280561,76.887768,2025-11-19T10:46:52+05:00,Wednesday,2,0,11,10,morning,building_noise,70.58
43.25375,76.942011,2026-03-16T11:56:26+05:00,Monday,0,0,3,11,daytime,animals,53.29
43.236515,76.955969,2026-01-06T17:03:30+05:00,Tuesday,1,0,1,17,evening,transport,76.03
43.28359,76.893282,2026-02-28T09:00:44+05:00,Saturday,5,1,2,9,morning,building_noise,77.9
43.350503,77.034986,2025-11-25T11:53:51+05:00,Tuesday,1,0,11,11,daytime,alert,75.6
43.251098,76.941682,2026-01-21T06:54:20+05:00,Wednesday,2,0,1,6,morning,alert,62.29
43.260433,76.975915,2026-04-30T19:49:25+05:00,Thursday,3,0,4,19,evening,animals,52.66
43.216387,76.93215,2026-04-23T17:14:39+05:00,Thursday,3,0,4,17,evening,transport,83.82
43.265952,76.924956,2026-01-26T21:55:57+05:00,Monday,0,0,1,21,late_evening,human,61.91
43.226471,76.902625,2026-01-16T08:30:13+05:00,Friday,4,0,1,8,morning,others,48.41
43.283449,76.896244,2026-03-10T16:13:22+05:00,Tuesday,1,0,3,16,daytime,building_noise,73.79
43.261461,76.953017,2026-02-05T21:57:37+05:00,Thursday,3,0,2,21,late_evening,building_noise,56.83
43.263831,76.954291,2026-01-06T19:05:17+05:00,Tuesday,1,0,1,19,evening,human,66.38
43.238751,76.910406,2026-01-20T16:47:58+05:00,Tuesday,1,0,1,16,daytime,others,50.66
43.239581,76.922373,2026-01-12T20:54:40+05:00,Monday,0,0,1,20,evening,animals,52.53
43.278473,76.893418,2026-05-06T12:43:02+05:00,Wednesday,2,0,5,12,daytime,building_noise,73.98
43.249694,76.941755,2026-04-04T15:12:04+05:00,Saturday,5,1,4,15,daytime,animals,48.87
43.218536,76.930304,2026-04-28T16:10:05+05:00,Tuesday,1,0,4,16,daytime,building_noise,67.48
43.26024,76.953952,2026-01-01T03:02:23+05:00,Thursday,3,0,1,3,night,others,37.41
43.262492,76.972008,2026-03-27T09:37:38+05:00,Friday,4,0,3,9,morning,animals,35.61
43.245942,76.941617,2025-11-04T17:29:25+05:00,Tuesday,1,0,11,17,evening,human,70.18
43.265316,76.819812,2025-11-27T18:31:48+05:00,Thursday,3,0,11,18,evening,human,56.69
43.263398,76.928724,2026-04-27T12:39:41+05:00,Monday,0,0,4,12,daytime,human,65.58
43.24935,76.864692,2025-11-29T11:45:54+05:00,Saturday,5,1,11,11,daytime,building_noise,63.72
43.263695,76.955783,2025-12-11T15:27:33+05:00,Thursday,3,0,12,15,daytime,human,62.98
43.238509,76.922262,2026-02-24T07:56:34+05:00,Tuesday,1,0,2,7,morning,transport,76.33
43.35118,77.031232,2026-02-20T08:26:59+05:00,Friday,4,0,2,8,morning,transport,80.9
43.26354,76.925353,2026-04-22T06:31:05+05:00,Wednesday,2,0,4,6,morning,human,54.93
43.260678,76.974577,2025-11-27T08:17:17+05:00,Thursday,3,0,11,8,morning,animals,39.51
43.25797,76.97176,2026-02-23T21:07:52+05:00,Monday,0,0,2,21,late_evening,human,47.33
43.232662,76.957533,2026-02-07T20:04:36+05:00,Saturday,5,1,2,20,evening,human,75.07
43.255454,76.946726,2026-05-03T08:52:35+05:00,Sunday,6,1,5,8,morning,human,65.28
43.253702,76.941811,2026-04-19T23:28:58+05:00,Sunday,6,1,4,23,late_evening,human,67.17
43.23735,76.915052,2025-11-08T17:12:39+05:00,Saturday,5,1,11,17,evening,transport,66.62
43.274193,76.884335,2026-01-07T12:30:53+05:00,Wednesday,2,0,1,12,daytime,building_noise,72.89
43.25277,76.945137,2026-04-30T17:14:18+05:00,Thursday,3,0,4,17,evening,human,67.25
43.251715,76.941444,2025-12-24T08:59:37+05:00,Wednesday,2,0,12,8,morning,human,67.06
43.239697,76.928681,2026-03-20T09:11:17+05:00,Friday,4,0,3,9,morning,alert,74.02
43.280714,76.888941,2026-01-31T12:35:06+05:00,Saturday,5,1,1,12,daytime,building_noise,76.01
43.256007,76.970121,2025-11-14T16:47:56+05:00,Friday,4,0,11,16,daytime,human,56.53
43.253372,76.94464,2026-05-08T16:20:55+05:00,Friday,4,0,5,16,daytime,human,59.09
43.23613,76.922019,2026-02-03T21:42:50+05:00,Tuesday,1,0,2,21,late_evening,transport,72.58
43.237763,76.954043,2025-11-17T13:57:20+05:00,Monday,0,0,11,13,daytime,human,64.36
43.23636,76.977675,2026-03-19T00:19:53+05:00,Thursday,3,0,3,0,night,animals,35.0
43.283869,76.892297,2026-04-18T08:41:52+05:00,Saturday,5,1,4,8,morning,building_noise,75.74
43.24114,76.927374,2026-04-15T07:02:48+05:00,Wednesday,2,0,4,7,morning,transport,70.57
43.222855,76.900925,2026-02-14T17:59:11+05:00,Saturday,5,1,2,17,evening,human,63.11
43.247964,76.940228,2026-04-08T17:29:16+05:00,Wednesday,2,0,4,17,evening,human,64.98
43.287967,76.896576,2026-01-12T19:57:25+05:00,Monday,0,0,1,19,evening,alert,65.9
43.225273,76.903077,2025-11-09T09:30:22+05:00,Sunday,6,1,11,9,morning,others,43.26
43.24027,76.920549,2026-02-04T19:37:03+05:00,Wednesday,2,0,2,19,evening,transport,77.64
43.244043,76.860742,2025-11-09T18:38:42+05:00,Sunday,6,1,11,18,evening,transport,67.86
43.219204,76.923024,2025-11-09T12:41:39+05:00,Sunday,6,1,11,12,daytime,transport,69.63
43.241409,76.929812,2026-03-31T20:28:39+05:00,Tuesday,1,0,3,20,evening,alert,66.2
43.28208,76.897952,2026-01-15T08:49:49+05:00,Thursday,3,0,1,8,morning,building_noise,74.15
43.280715,76.893587,2026-02-17T09:53:47+05:00,Tuesday,1,0,2,9,morning,building_noise,80.2
43.285281,76.898441,2026-04-22T17:49:01+05:00,Wednesday,2,0,4,17,evening,building_noise,74.98
43.261955,76.970334,2026-02-14T08:19:09+05:00,Saturday,5,1,2,8,morning,animals,44.53
43.235258,76.952428,2026-01-23T22:33:19+05:00,Friday,4,0,1,22,late_evening,human,74.75
43.263772,76.955272,2026-02-15T13:01:53+05:00,Sunday,6,1,2,13,daytime,human,66.05
43.263202,76.954117,2026-02-05T16:45:32+05:00,Thursday,3,0,2,16,daytime,human,60.17
43.249133,76.860194,2026-03-16T08:26:54+05:00,Monday,0,0,3,8,morning,transport,79.34
43.254046,76.942075,2026-03-16T12:06:26+05:00,Monday,0,0,3,12,daytime,animals,51.18
43.261479,76.969205,2025-11-03T18:33:41+05:00,Monday,0,0,11,18,evening,animals,51.49
43.262733,76.927927,2025-11-18T16:12:56+05:00,Tuesday,1,0,11,16,daytime,building_noise,63.41
43.282232,76.896775,2026-02-25T17:52:00+05:00,Wednesday,2,0,2,17,evening,building_noise,77.89
43.223239,76.903609,2025-11-14T07:45:42+05:00,Friday,4,0,11,7,morning,building_noise,51.85
43.236025,76.977827,2025-12-02T07:23:14+05:00,Tuesday,1,0,12,7,morning,others,44.06
43.238969,76.929321,2025-11-15T09:14:49+05:00,Saturday,5,1,11,9,morning,transport,66.25
43.242068,76.924146,2026-04-03T17:40:42+05:00,Friday,4,0,4,17,evening,transport,75.9
43.237626,76.928891,2025-12-28T20:23:49+05:00,Sunday,6,1,12,20,evening,alert,69.92
43.238562,76.930045,2026-04-09T19:34:46+05:00,Thursday,3,0,4,19,evening,alert,73.49
43.259383,76.966012,2026-03-15T08:00:04+05:00,Sunday,6,1,3,8,morning,others,47.54
43.268775,76.823855,2025-11-19T07:17:14+05:00,Wednesday,2,0,11,7,morning,building_noise,53.99
43.254657,76.975314,2025-12-27T08:31:42+05:00,Saturday,5,1,12,8,morning,animals,39.21
43.218051,76.897538,2026-04-02T20:17:28+05:00,Thursday,3,0,4,20,evening,others,49.23
43.259599,76.944402,2026-04-10T16:16:10+05:00,Friday,4,0,4,16,daytime,human,59.86
43.259708,76.973067,2025-12-05T06:12:00+05:00,Friday,4,0,12,6,morning,human,38.44
43.236883,76.933016,2026-01-26T21:07:23+05:00,Monday,0,0,1,21,late_evening,alert,68.62
43.256224,76.97175,2025-12-01T07:10:01+05:00,Monday,0,0,12,7,morning,animals,41.58
43.237114,76.915763,2026-02-18T08:49:45+05:00,Wednesday,2,0,2,8,morning,transport,75.38
43.237621,76.921858,2025-12-15T20:49:19+05:00,Monday,0,0,12,20,evening,transport,64.65
43.241467,76.859091,2026-02-23T19:50:24+05:00,Monday,0,0,2,19,evening,building_noise,77.25
43.260656,76.944424,2025-11-19T15:43:05+05:00,Wednesday,2,0,11,15,daytime,human,60.43
43.254673,76.945176,2025-12-03T11:19:12+05:00,Wednesday,2,0,12,11,daytime,human,64.78
43.265427,76.928239,2026-03-09T13:06:16+05:00,Monday,0,0,3,13,daytime,transport,60.32
43.260415,76.954059,2026-03-03T08:05:15+05:00,Tuesday,1,0,3,8,morning,others,49.89
43.24889,76.937354,2026-03-24T10:43:10+05:00,Tuesday,1,0,3,10,morning,human,69.2
43.252671,76.944386,2026-01-02T18:47:12+05:00,Friday,4,0,1,18,evening,human,64.39
43.217328,76.92829,2026-03-24T07:26:11+05:00,Tuesday,1,0,3,7,morning,transport,78.48
43.249693,76.943151,2026-03-25T15:51:39+05:00,Wednesday,2,0,3,15,daytime,human,60.81
43.223229,76.89914,2026-01-11T22:03:52+05:00,Sunday,6,1,1,22,late_evening,others,40.91
43.267279,76.928258,2026-01-14T22:51:36+05:00,Wednesday,2,0,1,22,late_evening,others,52.65
43.253238,76.94709,2026-04-24T19:51:23+05:00,Friday,4,0,4,19,evening,human,66.48
43.233445,76.979146,2025-12-21T12:29:28+05:00,Sunday,6,1,12,12,daytime,animals,46.72
43.216501,76.928121,2026-04-30T09:12:23+05:00,Thursday,3,0,4,9,morning,transport,81.75
43.239756,76.929088,2026-01-31T18:55:28+05:00,Saturday,5,1,1,18,evening,alert,76.64
43.240233,76.922867,2026-02-15T17:25:23+05:00,Sunday,6,1,2,17,evening,transport,73.43
43.245411,76.940797,2026-01-08T15:50:26+05:00,Thursday,3,0,1,15,daytime,human,60.2
43.248479,76.860532,2026-01-29T17:33:56+05:00,Thursday,3,0,1,17,evening,alert,84.03
43.337077,76.945024,2026-01-02T08:23:37+05:00,Friday,4,0,1,8,morning,transport,72.24
43.251705,76.94665,2025-11-23T08:37:04+05:00,Sunday,6,1,11,8,morning,human,60.66
43.233031,76.958974,2025-12-04T09:11:02+05:00,Thursday,3,0,12,9,morning,transport,77.72
43.253298,76.941577,2025-12-07T20:20:18+05:00,Sunday,6,1,12,20,evening,human,61.18
43.341425,76.948157,2026-02-10T17:21:39+05:00,Tuesday,1,0,2,17,evening,transport,79.03
43.220681,76.929734,2026-02-28T14:17:35+05:00,Saturday,5,1,2,14,daytime,transport,69.41
43.235422,76.97708,2025-11-08T11:28:46+05:00,Saturday,5,1,11,11,daytime,others,51.78
43.239511,76.929889,2026-05-05T07:57:48+05:00,Tuesday,1,0,5,7,morning,alert,74.54
43.258404,76.945776,2026-01-15T08:59:13+05:00,Thursday,3,0,1,8,morning,human,59.26
43.239024,76.928408,2026-01-04T08:03:10+05:00,Sunday,6,1,1,8,morning,alert,74.06
43.220944,76.92858,2026-01-15T08:41:06+05:00,Thursday,3,0,1,8,morning,transport,82.68
43.239257,76.926374,2026-02-07T19:58:14+05:00,Saturday,5,1,2,19,evening,alert,77.24
43.252123,76.944149,2026-01-27T21:32:29+05:00,Tuesday,1,0,1,21,late_evening,human,67.41
43.221114,76.903168,2025-11-13T14:03:51+05:00,Thursday,3,0,11,14,daytime,human,48.11
43.3446,76.949745,2026-05-05T19:03:51+05:00,Tuesday,1,0,5,19,evening,transport,76.71
43.238079,76.91777,2026-04-13T01:05:18+05:00,Monday,0,0,4,1,night,transport,46.65
43.260147,76.973466,2026-02-14T02:15:18+05:00,Saturday,5,1,2,2,night,animals,35.34
43.261861,76.95295,2025-12-11T16:52:54+05:00,Thursday,3,0,12,16,daytime,human,64.31
43.288861,76.889212,2026-04-06T18:22:35+05:00,Monday,0,0,4,18,evening,building_noise,80.73
43.255351,76.948497,2025-12-13T22:42:54+05:00,Saturday,5,1,12,22,late_evening,human,71.75
43.23775,76.918345,2026-01-17T17:53:40+05:00,Saturday,5,1,1,17,evening,transport,65.21
43.255535,76.945313,2025-11-14T00:10:57+05:00,Friday,4,0,11,0,night,human,55.6
43.23268,76.974901,2026-05-03T10:32:03+05:00,Sunday,6,1,5,10,morning,animals,39.88
43.256693,76.947151,2026-04-27T22:47:15+05:00,Monday,0,0,4,22,late_evening,human,65.15
43.232428,76.917398,2025-12-28T10:45:57+05:00,Sunday,6,1,12,10,morning,transport,57.7
43.233946,76.955869,2026-04-03T22:10:00+05:00,Friday,4,0,4,22,late_evening,human,71.28
43.241078,76.929065,2026-04-21T17:18:49+05:00,Tuesday,1,0,4,17,evening,alert,72.81
43.248823,76.94278,2025-11-28T17:18:34+05:00,Friday,4,0,11,17,evening,human,68.13
43.250292,76.938875,2026-04-22T12:35:55+05:00,Wednesday,2,0,4,12,daytime,human,64.4
43.243432,76.860332,2026-03-26T08:04:57+05:00,Thursday,3,0,3,8,morning,alert,79.82
43.247132,76.939578,2026-02-10T07:58:42+05:00,Tuesday,1,0,2,7,morning,human,68.04
43.257017,76.975212,2026-03-04T07:25:29+05:00,Wednesday,2,0,3,7,morning,animals,43.04
43.234435,76.974932,2026-03-11T13:34:37+05:00,Wednesday,2,0,3,13,daytime,human,54.18
43.265482,76.925264,2025-12-26T14:20:44+05:00,Friday,4,0,12,14,daytime,human,60.65
43.239138,76.933083,2026-04-01T23:24:43+05:00,Wednesday,2,0,4,23,late_evening,human,62.46
43.262671,76.953268,2026-02-16T08:37:53+05:00,Monday,0,0,2,8,morning,others,49.99
43.280367,76.887001,2025-11-19T10:48:52+05:00,Wednesday,2,0,11,10,morning,building_noise,72.22
43.220965,76.923699,2026-04-18T15:41:12+05:00,Saturday,5,1,4,15,daytime,transport,68.81
43.262716,76.973784,2026-04-05T19:22:46+05:00,Sunday,6,1,4,19,evening,animals,50.36
43.232259,76.960192,2026-01-28T20:08:33+05:00,Wednesday,2,0,1,20,evening,human,64.94
43.288408,76.890431,2025-12-04T10:36:44+05:00,Thursday,3,0,12,10,morning,building_noise,75.65
43.25126,76.865271,2025-11-14T19:40:26+05:00,Friday,4,0,11,19,evening,human,75.51
43.233228,76.958199,2025-11-25T10:57:35+05:00,Tuesday,1,0,11,10,morning,human,60.46
43.350641,77.044553,2026-03-09T06:53:59+05:00,Monday,0,0,3,6,morning,transport,61.71
43.219456,76.929598,2026-03-02T20:46:21+05:00,Monday,0,0,3,20,evening,transport,68.36
43.240835,76.923744,2026-02-07T17:10:54+05:00,Saturday,5,1,2,17,evening,transport,69.87
43.250608,76.943481,2026-03-31T09:45:41+05:00,Tuesday,1,0,3,9,morning,human,68.2
43.34409,77.037638,2025-12-03T17:53:46+05:00,Wednesday,2,0,12,17,evening,transport,80.6
43.263138,76.953594,2025-11-03T17:35:20+05:00,Monday,0,0,11,17,evening,human,56.65
43.260366,76.973898,2026-02-14T02:19:18+05:00,Saturday,5,1,2,2,night,animals,35.71
43.259225,76.963189,2025-12-01T09:35:12+05:00,Monday,0,0,12,9,morning,transport,49.96
43.249621,76.936401,2026-03-07T14:37:07+05:00,Saturday,5,1,3,14,daytime,others,59.19
43.260063,76.975283,2026-01-28T09:45:24+05:00,Wednesday,2,0,1,9,morning,animals,42.85
43.219642,76.927575,2025-11-12T14:05:17+05:00,Wednesday,2,0,11,14,daytime,transport,72.23
43.237427,76.912486,2026-03-10T22:05:25+05:00,Tuesday,1,0,3,22,late_evening,transport,58.43
43.263954,76.953057,2025-12-14T15:42:25+05:00,Sunday,6,1,12,15,daytime,human,66.69
43.235455,76.916756,2026-01-03T13:53:26+05:00,Saturday,5,1,1,13,daytime,transport,57.96
43.246868,76.861843,2026-04-12T14:55:42+05:00,Sunday,6,1,4,14,daytime,transport,69.63
43.235567,76.955898,2025-12-04T13:53:39+05:00,Thursday,3,0,12,13,daytime,others,62.62
43.222626,76.902913,2026-01-11T22:38:35+05:00,Sunday,6,1,1,22,late_evening,others,41.98
43.280861,76.889168,2025-12-08T09:20:52+05:00,Monday,0,0,12,9,morning,building_noise,73.9
43.259643,76.970349,2026-04-19T23:06:29+05:00,Sunday,6,1,4,23,late_evening,animals,37.37
43.265333,76.927015,2026-04-01T08:54:01+05:00,Wednesday,2,0,4,8,morning,human,60.89
43.254339,76.942536,2026-02-25T08:23:12+05:00,Wednesday,2,0,2,8,morning,human,68.26
43.342224,76.951438,2026-02-22T13:35:35+05:00,Sunday,6,1,2,13,daytime,transport,67.9
43.252145,76.945311,2025-12-22T08:07:00+05:00,Monday,0,0,12,8,morning,human,62.7
43.260158,76.967884,2026-02-18T22:05:21+05:00,Wednesday,2,0,2,22,late_evening,others,45.92
43.250122,76.943217,2026-04-27T20:03:47+05:00,Monday,0,0,4,20,evening,transport,66.8
43.221919,76.899808,2026-04-12T02:04:29+05:00,Sunday,6,1,4,2,night,others,35.0
43.282754,76.89699,2025-11-20T09:02:25+05:00,Thursday,3,0,11,9,morning,building_noise,77.88
43.234571,76.958779,2026-04-20T07:35:43+05:00,Monday,0,0,4,7,morning,transport,80.06
43.238799,76.928686,2025-12-29T19:26:17+05:00,Monday,0,0,12,19,evening,alert,77.21
43.236005,76.954697,2026-04-28T08:53:41+05:00,Tuesday,1,0,4,8,morning,building_noise,79.45
43.256148,76.946412,2026-03-21T12:19:32+05:00,Saturday,5,1,3,12,daytime,human,56.55
43.238267,76.952729,2026-01-31T07:40:30+05:00,Saturday,5,1,1,7,morning,human,65.91
43.246996,76.859305,2025-12-09T09:36:16+05:00,Tuesday,1,0,12,9,morning,transport,77.99
43.280693,76.897871,2026-04-25T08:35:22+05:00,Saturday,5,1,4,8,morning,building_noise,75.68
43.235326,76.920191,2026-04-08T15:59:50+05:00,Wednesday,2,0,4,15,daytime,building_noise,68.51
43.341707,76.949676,2025-11-29T00:03:22+05:00,Saturday,5,1,11,0,night,transport,55.33
43.266868,76.822407,2026-05-01T18:17:48+05:00,Friday,4,0,5,18,evening,human,68.82
43.217113,76.928954,2026-05-04T10:21:28+05:00,Monday,0,0,5,10,morning,transport,69.37
43.258729,76.973915,2026-04-28T09:05:17+05:00,Tuesday,1,0,4,9,morning,animals,41.09
43.260978,76.951509,2025-11-20T21:57:17+05:00,Thursday,3,0,11,21,late_evening,others,47.05
43.250706,76.938072,2026-02-05T14:20:18+05:00,Thursday,3,0,2,14,daytime,human,61.56
43.259993,76.952778,2026-03-06T22:52:33+05:00,Friday,4,0,3,22,late_evening,others,47.71
43.2611,76.822809,2026-04-07T11:26:30+05:00,Tuesday,1,0,4,11,daytime,human,57.86
43.250254,76.939451,2025-12-08T20:52:03+05:00,Monday,0,0,12,20,evening,transport,65.55
43.240052,76.956838,2026-02-14T21:39:55+05:00,Saturday,5,1,2,21,late_evening,human,71.93
43.278573,76.892248,2026-01-07T17:47:43+05:00,Wednesday,2,0,1,17,evening,building_noise,77.12
43.242321,76.930538,2026-04-24T19:21:20+05:00,Friday,4,0,4,19,evening,alert,70.72
43.239754,76.929914,2026-04-14T09:16:25+05:00,Tuesday,1,0,4,9,morning,alert,70.13
43.26316,76.956254,2025-11-06T07:52:01+05:00,Thursday,3,0,11,7,morning,others,53.28
43.221725,76.928287,2025-11-08T08:12:08+05:00,Saturday,5,1,11,8,morning,human,70.28
43.239338,76.928514,2025-11-14T17:36:27+05:00,Friday,4,0,11,17,evening,human,65.49
43.259509,76.947363,2026-03-30T19:20:21+05:00,Monday,0,0,3,19,evening,others,60.72
43.248707,76.940982,2026-01-29T11:26:23+05:00,Thursday,3,0,1,11,daytime,human,57.31
43.252953,76.943981,2025-11-22T01:44:13+05:00,Saturday,5,1,11,1,night,human,53.56
43.231886,76.956094,2026-04-17T13:29:15+05:00,Friday,4,0,4,13,daytime,transport,69.53
43.249919,76.939973,2026-03-11T08:24:23+05:00,Wednesday,2,0,3,8,morning,human,65.69
43.260653,76.965955,2026-03-02T18:09:07+05:00,Monday,0,0,3,18,evening,human,61.67
43.265484,76.92685,2025-11-20T18:08:12+05:00,Thursday,3,0,11,18,evening,human,70.46
43.244775,76.940709,2026-01-31T08:13:28+05:00,Saturday,5,1,1,8,morning,human,72.59
43.234793,76.976101,2025-12-16T07:49:08+05:00,Tuesday,1,0,12,7,morning,others,46.85
43.21394,76.928056,2026-02-18T07:56:00+05:00,Wednesday,2,0,2,7,morning,transport,80.11
43.290064,76.893539,2025-12-12T18:15:14+05:00,Friday,4,0,12,18,evening,building_noise,77.25
43.233713,76.973677,2025-11-23T15:20:41+05:00,Sunday,6,1,11,15,daytime,transport,57.0
43.259885,76.953064,2025-12-12T16:08:16+05:00,Friday,4,0,12,16,daytime,human,61.43
43.28384,76.891468,2026-01-12T11:13:32+05:00,Monday,0,0,1,11,daytime,building_noise,73.97
43.264826,76.92796,2026-01-22T19:51:39+05:00,Thursday,3,0,1,19,evening,human,70.39
43.261196,76.966203,2025-11-21T09:19:41+05:00,Friday,4,0,11,9,morning,others,48.11
43.279398,76.89113,2026-04-13T09:59:22+05:00,Monday,0,0,4,9,morning,building_noise,76.24
43.337782,76.953641,2026-03-10T06:19:11+05:00,Tuesday,1,0,3,6,morning,building_noise,65.37
43.261956,76.955731,2026-03-17T16:07:04+05:00,Tuesday,1,0,3,16,daytime,transport,69.71
43.283962,76.888159,2025-11-15T13:47:14+05:00,Saturday,5,1,11,13,daytime,building_noise,77.21
43.266697,76.820971,2026-02-14T19:24:08+05:00,Saturday,5,1,2,19,evening,human,69.37
43.232205,76.978151,2025-11-24T20:15:31+05:00,Monday,0,0,11,20,evening,others,42.53
43.252345,76.943831,2026-05-08T20:43:36+05:00,Friday,4,0,5,20,evening,human,74.29
43.257736,76.945126,2026-03-20T07:53:27+05:00,Friday,4,0,3,7,morning,building_noise,61.51
43.263825,76.82334,2025-11-04T05:06:19+05:00,Tuesday,1,0,11,5,night,human,36.45
43.263585,76.953394,2026-04-18T17:52:35+05:00,Saturday,5,1,4,17,evening,human,67.65
43.261003,76.969973,2025-12-28T17:20:46+05:00,Sunday,6,1,12,17,evening,human,61.61
43.257524,76.972936,2025-12-11T16:19:29+05:00,Thursday,3,0,12,16,daytime,human,54.58
43.231667,76.976969,2026-04-28T08:39:27+05:00,Tuesday,1,0,4,8,morning,others,46.34
43.252925,76.943368,2026-03-19T08:03:51+05:00,Thursday,3,0,3,8,morning,human,66.68
43.26174,76.953307,2025-11-01T17:49:35+05:00,Saturday,5,1,11,17,evening,human,68.24
43.335962,76.940332,2026-01-25T17:28:46+05:00,Sunday,6,1,1,17,evening,transport,73.85
43.246146,76.861587,2026-02-10T08:38:12+05:00,Tuesday,1,0,2,8,morning,transport,74.38
43.225192,76.900811,2026-03-25T14:38:09+05:00,Wednesday,2,0,3,14,daytime,human,50.96
43.258425,76.973952,2026-03-20T21:55:08+05:00,Friday,4,0,3,21,late_evening,others,42.53
43.264735,76.820258,2026-04-01T07:53:43+05:00,Wednesday,2,0,4,7,morning,transport,53.47
43.246402,76.862044,2026-01-31T12:51:34+05:00,Saturday,5,1,1,12,daytime,alert,75.5
43.241047,76.924033,2026-01-08T17:40:26+05:00,Thursday,3,0,1,17,evening,transport,76.56
43.255704,76.969906,2025-11-11T10:11:20+05:00,Tuesday,1,0,11,10,morning,animals,46.54
43.222369,76.904192,2026-04-08T09:34:40+05:00,Wednesday,2,0,4,9,morning,others,47.72
43.262589,76.953472,2025-12-05T02:49:58+05:00,Friday,4,0,12,2,night,transport,44.57
43.257175,76.943972,2025-11-27T22:20:49+05:00,Thursday,3,0,11,22,late_evening,human,62.79
43.238753,76.927572,2026-04-10T18:45:28+05:00,Friday,4,0,4,18,evening,alert,75.89
43.247658,76.940198,2026-01-15T22:51:51+05:00,Thursday,3,0,1,22,late_evening,human,70.09
43.25659,76.943991,2026-03-20T08:01:27+05:00,Friday,4,0,3,8,morning,building_noise,61.65
43.342112,76.946488,2026-01-21T07:50:53+05:00,Wednesday,2,0,1,7,morning,transport,76.48
43.256111,76.974999,2026-03-30T12:10:13+05:00,Monday,0,0,3,12,daytime,human,56.03
43.357116,77.036803,2026-03-21T06:16:33+05:00,Saturday,5,1,3,6,morning,alert,66.1
43.239184,76.930702,2025-12-11T15:52:48+05:00,Thursday,3,0,12,15,daytime,transport,57.67
43.218305,76.930311,2026-01-24T17:39:40+05:00,Saturday,5,1,1,17,evening,animals,53.35
43.257522,76.971481,2026-02-06T22:50:45+05:00,Friday,4,0,2,22,late_evening,animals,37.89
43.232528,76.971967,2026-02-20T17:46:17+05:00,Friday,4,0,2,17,evening,human,52.86
43.252816,76.945005,2026-01-29T20:03:32+05:00,Thursday,3,0,1,20,evening,building_noise,71.57
43.262095,76.965511,2026-01-03T14:22:58+05:00,Saturday,5,1,1,14,daytime,human,58.81
43.246923,76.856522,2026-01-06T08:41:47+05:00,Tuesday,1,0,1,8,morning,transport,73.65
43.281662,76.897791,2026-01-15T08:47:49+05:00,Thursday,3,0,1,8,morning,building_noise,74.54
43.284879,76.895231,2026-01-11T16:11:19+05:00,Sunday,6,1,1,16,daytime,transport,59.05
43.261154,76.955994,2026-02-19T22:29:42+05:00,Thursday,3,0,2,22,late_evening,others,46.31
43.262032,76.822134,2025-12-11T09:39:41+05:00,Thursday,3,0,12,9,morning,human,63.15
43.267267,76.954905,2025-12-17T21:16:23+05:00,Wednesday,2,0,12,21,late_evening,others,46.64
43.24299,76.858328,2025-11-07T18:06:14+05:00,Friday,4,0,11,18,evening,transport,79.27
43.239545,76.929667,2025-11-26T17:24:00+05:00,Wednesday,2,0,11,17,evening,alert,72.95
43.254045,76.947184,2026-03-19T23:56:26+05:00,Thursday,3,0,3,23,late_evening,others,66.59
43.2395,76.929779,2026-03-31T21:52:18+05:00,Tuesday,1,0,3,21,late_evening,alert,71.84
43.2797,76.894924,2026-03-19T17:02:08+05:00,Thursday,3,0,3,17,evening,building_noise,79.58
43.259027,76.946556,2026-04-13T22:01:17+05:00,Monday,0,0,4,22,late_evening,others,59.27
43.218826,76.925316,2026-04-01T20:01:53+05:00,Wednesday,2,0,4,20,evening,transport,69.23
43.236595,76.919724,2025-12-22T18:45:29+05:00,Monday,0,0,12,18,evening,transport,78.99
43.253102,76.942177,2026-02-09T17:23:29+05:00,Monday,0,0,2,17,evening,human,64.71
43.263907,76.926747,2026-01-06T07:53:51+05:00,Tuesday,1,0,1,7,morning,human,63.42
43.263261,76.953551,2025-12-04T17:41:21+05:00,Thursday,3,0,12,17,evening,human,72.64
43.254565,76.944172,2025-12-04T06:24:19+05:00,Thursday,3,0,12,6,morning,human,56.34
43.25311,76.942777,2026-01-01T10:57:16+05:00,Thursday,3,0,1,10,morning,human,57.97
43.239003,76.932325,2025-12-22T08:01:21+05:00,Monday,0,0,12,8,morning,alert,78.51
43.252217,76.944569,2025-11-07T13:54:27+05:00,Friday,4,0,11,13,daytime,human,64.87
43.265164,76.823436,2025-12-15T13:05:29+05:00,Monday,0,0,12,13,daytime,human,58.9
43.246807,76.940217,2025-12-09T17:13:28+05:00,Tuesday,1,0,12,17,evening,human,68.52
43.257208,76.965864,2025-12-13T18:53:01+05:00,Saturday,5,1,12,18,evening,human,61.31
43.2324,76.918368,2025-11-13T17:30:56+05:00,Thursday,3,0,11,17,evening,transport,70.98
43.259784,76.973464,2026-01-14T19:37:12+05:00,Wednesday,2,0,1,19,evening,human,53.44
43.262267,76.925816,2026-04-01T15:35:31+05:00,Wednesday,2,0,4,15,daytime,human,60.28
43.221916,76.93221,2026-03-12T20:45:05+05:00,Thursday,3,0,3,20,evening,transport,67.84
43.214862,76.927526,2026-04-15T18:30:59+05:00,Wednesday,2,0,4,18,evening,transport,78.98
43.221729,76.926358,2026-01-31T07:39:34+05:00,Saturday,5,1,1,7,morning,transport,71.37
43.351886,77.037757,2026-01-19T18:54:07+05:00,Monday,0,0,1,18,evening,transport,78.29
43.257497,76.973253,2026-05-01T15:29:52+05:00,Friday,4,0,5,15,daytime,human,51.75
43.236451,76.928962,2026-02-18T06:12:17+05:00,Wednesday,2,0,2,6,morning,transport,54.21
43.259575,76.94545,2025-12-10T21:11:47+05:00,Wednesday,2,0,12,21,late_evening,human,60.85
43.257409,76.972797,2025-11-21T08:05:41+05:00,Friday,4,0,11,8,morning,others,46.42
43.244547,76.861135,2026-01-08T17:19:54+05:00,Thursday,3,0,1,17,evening,transport,79.99
43.284307,76.893734,2026-02-12T23:37:10+05:00,Thursday,3,0,2,23,late_evening,transport,58.37
43.217531,76.90116,2026-04-03T22:47:14+05:00,Friday,4,0,4,22,late_evening,others,47.36
43.339585,76.951131,2026-03-12T19:47:03+05:00,Thursday,3,0,3,19,evening,transport,78.52
43.278184,76.896564,2025-12-12T20:46:36+05:00,Friday,4,0,12,20,evening,transport,64.02
43.250178,76.858355,2026-04-01T08:14:30+05:00,Wednesday,2,0,4,8,morning,transport,75.66
43.232053,76.977194,2026-02-22T10:40:35+05:00,Sunday,6,1,2,10,morning,others,49.42
43.251942,76.942563,2025-11-08T11:39:21+05:00,Saturday,5,1,11,11,daytime,human,58.23
43.237642,76.956647,2025-11-03T23:48:49+05:00,Monday,0,0,11,23,late_evening,human,70.58
43.257855,76.974218,2026-04-07T20:13:15+05:00,Tuesday,1,0,4,20,evening,animals,40.71
43.279985,76.899911,2026-04-20T10:11:46+05:00,Monday,0,0,4,10,morning,building_noise,74.94
43.257139,76.945523,2026-04-28T08:32:14+05:00,Tuesday,1,0,4,8,morning,human,64.2
43.214738,76.928101,2026-04-30T08:48:46+05:00,Thursday,3,0,4,8,morning,transport,78.42
43.338034,76.947827,2026-05-08T22:21:54+05:00,Friday,4,0,5,22,late_evening,others,61.03
43.236466,76.953066,2026-04-16T17:41:44+05:00,Thursday,3,0,4,17,evening,alert,82.63
43.261124,76.947231,2025-11-24T08:43:24+05:00,Monday,0,0,11,8,morning,others,61.99
43.235492,76.923991,2025-12-10T09:38:41+05:00,Wednesday,2,0,12,9,morning,transport,77.32
43.24696,76.938535,2026-04-19T20:43:27+05:00,Sunday,6,1,4,20,evening,human,66.17
43.238415,76.931675,2026-03-24T07:27:58+05:00,Tuesday,1,0,3,7,morning,others,58.43
43.338847,76.948498,2026-03-28T08:46:06+05:00,Saturday,5,1,3,8,morning,building_noise,72.78
43.240197,76.922594,2026-01-12T20:51:40+05:00,Monday,0,0,1,20,evening,animals,51.57
43.25546,76.948562,2026-03-25T20:45:59+05:00,Wednesday,2,0,3,20,evening,others,67.34
43.250735,76.94324,2025-12-12T18:35:03+05:00,Friday,4,0,12,18,evening,building_noise,70.08
43.255489,76.942856,2026-01-19T18:31:18+05:00,Monday,0,0,1,18,evening,others,68.57
43.339955,76.947707,2026-03-04T18:14:56+05:00,Wednesday,2,0,3,18,evening,transport,80.53
43.281657,76.892,2025-12-26T17:05:39+05:00,Friday,4,0,12,17,evening,building_noise,77.98
43.261778,76.955299,2025-11-26T18:42:59+05:00,Wednesday,2,0,11,18,evening,building_noise,73.95
43.260341,76.968078,2025-11-11T13:06:29+05:00,Tuesday,1,0,11,13,daytime,human,52.74
43.257926,76.967965,2026-01-03T19:37:57+05:00,Saturday,5,1,1,19,evening,animals,53.61
43.218528,76.933576,2025-11-03T18:39:41+05:00,Monday,0,0,11,18,evening,transport,87.1
43.264828,76.82097,2026-01-29T09:05:31+05:00,Thursday,3,0,1,9,morning,human,62.08
43.239755,76.920495,2026-02-05T11:06:43+05:00,Thursday,3,0,2,11,daytime,alert,78.03
43.221679,76.9318,2026-02-27T09:04:46+05:00,Friday,4,0,2,9,morning,transport,80.44
43.262984,76.952081,2026-03-25T09:58:31+05:00,Wednesday,2,0,3,9,morning,human,66.13
43.258122,76.973351,2025-11-05T18:50:22+05:00,Wednesday,2,0,11,18,evening,animals,51.35
43.240535,76.925587,2026-05-09T22:25:44+05:00,Saturday,5,1,5,22,late_evening,transport,66.48
43.339976,76.948396,2025-11-23T00:48:52+05:00,Sunday,6,1,11,0,night,transport,47.24
43.222191,76.901612,2026-02-06T20:53:03+05:00,Friday,4,0,2,20,evening,others,40.49
43.256216,76.946336,2026-05-04T15:52:28+05:00,Monday,0,0,5,15,daytime,human,58.07
43.236102,76.974969,2026-04-07T19:55:36+05:00,Tuesday,1,0,4,19,evening,human,62.65
43.282,76.896481,2026-02-10T09:11:45+05:00,Tuesday,1,0,2,9,morning,building_noise,74.29
43.28265,76.898236,2025-12-15T16:41:02+05:00,Monday,0,0,12,16,daytime,building_noise,73.6
43.236188,76.921905,2026-01-17T07:35:50+05:00,Saturday,5,1,1,7,morning,transport,68.29
43.240685,76.863671,2026-04-16T19:06:05+05:00,Thursday,3,0,4,19,evening,transport,80.64
43.242309,76.930722,2026-04-24T19:10:20+05:00,Friday,4,0,4,19,evening,alert,69.44
43.252809,76.943605,2026-03-21T21:12:52+05:00,Saturday,5,1,3,21,late_evening,human,72.66
43.237155,76.920883,2026-04-07T09:40:42+05:00,Tuesday,1,0,4,9,morning,transport,77.16
43.254805,76.94495,2026-02-26T20:18:43+05:00,Thursday,3,0,2,20,evening,human,66.61
43.353949,77.035904,2026-02-12T23:57:24+05:00,Thursday,3,0,2,23,late_evening,transport,70.17
43.245684,76.859827,2026-02-03T14:18:12+05:00,Tuesday,1,0,2,14,daytime,others,59.44
43.217656,76.899457,2026-02-14T20:22:14+05:00,Saturday,5,1,2,20,evening,others,46.93
43.349483,77.041856,2026-03-07T17:34:11+05:00,Saturday,5,1,3,17,evening,transport,72.0
43.219065,76.929227,2025-12-10T07:56:51+05:00,Wednesday,2,0,12,7,morning,transport,80.58
43.240179,76.920648,2026-03-08T16:16:59+05:00,Sunday,6,1,3,16,daytime,transport,67.13
43.247857,76.863376,2026-04-15T08:55:07+05:00,Wednesday,2,0,4,8,morning,transport,76.0
43.284686,76.891996,2025-11-10T22:43:30+05:00,Monday,0,0,11,22,late_evening,transport,58.68
43.263259,76.927431,2025-12-14T15:23:30+05:00,Sunday,6,1,12,15,daytime,human,60.45
43.237344,76.921917,2026-02-25T14:09:47+05:00,Wednesday,2,0,2,14,daytime,building_noise,66.23
43.265555,76.820372,2025-11-08T07:30:10+05:00,Saturday,5,1,11,7,morning,human,54.88
43.264861,76.927107,2025-11-08T13:09:26+05:00,Saturday,5,1,11,13,daytime,human,65.85
43.242114,76.921221,2026-04-13T13:16:50+05:00,Monday,0,0,4,13,daytime,transport,69.27
43.221881,76.898683,2025-11-29T11:59:26+05:00,Saturday,5,1,11,11,daytime,human,51.26
43.24802,76.940645,2025-12-18T18:55:24+05:00,Thursday,3,0,12,18,evening,human,66.84
43.236285,76.920236,2026-01-30T22:45:16+05:00,Friday,4,0,1,22,late_evening,transport,70.36
43.257784,76.968156,2026-04-18T17:13:39+05:00,Saturday,5,1,4,17,evening,animals,52.91
43.354495,77.0424,2026-04-28T08:14:36+05:00,Tuesday,1,0,4,8,morning,transport,78.04
43.249774,76.938407,2026-04-29T21:05:39+05:00,Wednesday,2,0,4,21,late_evening,human,66.65
43.240357,76.916432,2026-02-17T18:27:01+05:00,Tuesday,1,0,2,18,evening,transport,69.07
43.239426,76.915081,2026-03-05T08:21:15+05:00,Thursday,3,0,3,8,morning,others,67.76
43.25711,76.974017,2026-01-08T21:48:52+05:00,Thursday,3,0,1,21,late_evening,animals,35.26
43.238147,76.958071,2026-03-01T19:54:52+05:00,Sunday,6,1,3,19,evening,human,67.13
43.261795,76.956075,2026-04-19T12:53:39+05:00,Sunday,6,1,4,12,daytime,human,66.7
43.237772,76.92891,2025-11-18T08:10:55+05:00,Tuesday,1,0,11,8,morning,alert,74.52
43.2466,76.862939,2026-03-22T12:41:04+05:00,Sunday,6,1,3,12,daytime,building_noise,64.35
43.238474,76.921943,2025-11-15T21:27:16+05:00,Saturday,5,1,11,21,late_evening,transport,67.74
43.22249,76.926607,2026-01-12T12:59:41+05:00,Monday,0,0,1,12,daytime,transport,71.04
43.26043,76.943026,2025-11-05T00:58:20+05:00,Wednesday,2,0,11,0,night,human,50.54
43.239244,76.922193,2026-02-09T10:10:34+05:00,Monday,0,0,2,10,morning,transport,67.89
43.260782,76.946058,2026-01-02T20:27:41+05:00,Friday,4,0,1,20,evening,human,66.26
43.239538,76.928263,2025-11-17T09:32:04+05:00,Monday,0,0,11,9,morning,alert,78.48
43.253174,76.946582,2026-03-07T15:29:32+05:00,Saturday,5,1,3,15,daytime,human,60.25
43.257165,76.972198,2026-01-06T07:41:55+05:00,Tuesday,1,0,1,7,morning,animals,41.34
43.209849,76.9263,2025-11-08T16:11:05+05:00,Saturday,5,1,11,16,daytime,building_noise,71.42
43.348406,77.041021,2026-05-08T09:54:09+05:00,Friday,4,0,5,9,morning,transport,77.54
43.235272,76.955952,2025-11-08T08:50:30+05:00,Saturday,5,1,11,8,morning,human,63.46
43.255824,76.970044,2025-11-11T10:12:20+05:00,Tuesday,1,0,11,10,morning,animals,47.79
43.258742,76.96791,2025-11-04T10:57:33+05:00,Tuesday,1,0,11,10,morning,human,49.33
43.279584,76.894622,2025-12-01T09:37:03+05:00,Monday,0,0,12,9,morning,alert,81.69
43.215382,76.931626,2025-11-14T08:45:32+05:00,Friday,4,0,11,8,morning,human,80.31
43.236915,76.957141,2026-05-05T17:54:25+05:00,Tuesday,1,0,5,17,evening,others,74.76
43.281373,76.902439,2026-04-08T15:40:46+05:00,Wednesday,2,0,4,15,daytime,building_noise,77.75
43.254937,76.944308,2026-02-22T15:19:48+05:00,Sunday,6,1,2,15,daytime,human,66.19
43.219102,76.929067,2026-01-01T10:43:51+05:00,Thursday,3,0,1,10,morning,transport,71.29
43.260811,76.968975,2025-11-11T16:40:32+05:00,Tuesday,1,0,11,16,daytime,human,55.18
43.235972,76.918203,2026-01-29T19:25:29+05:00,Thursday,3,0,1,19,evening,human,64.59
43.221044,76.899027,2025-12-25T08:23:43+05:00,Thursday,3,0,12,8,morning,others,44.17
43.259617,76.967599,2026-02-17T13:43:46+05:00,Tuesday,1,0,2,13,daytime,animals,46.96
43.262343,76.968998,2026-04-19T18:44:57+05:00,Sunday,6,1,4,18,evening,human,60.34
43.239635,76.931614,2026-03-21T10:06:23+05:00,Saturday,5,1,3,10,morning,alert,68.75
43.25718,76.946806,2026-03-07T20:05:56+05:00,Saturday,5,1,3,20,evening,human,74.42
43.237406,76.917996,2026-01-20T19:33:58+05:00,Tuesday,1,0,1,19,evening,transport,65.98
43.286598,76.895274,2026-01-19T14:40:50+05:00,Monday,0,0,1,14,daytime,building_noise,74.83
43.253968,76.943437,2026-04-01T21:55:10+05:00,Wednesday,2,0,4,21,late_evening,human,66.58
43.280208,76.895291,2026-01-05T17:19:58+05:00,Monday,0,0,1,17,evening,building_noise,84.13
43.279643,76.892181,2026-01-09T08:45:54+05:00,Friday,4,0,1,8,morning,building_noise,76.69
43.260618,76.954463,2025-11-04T22:25:08+05:00,Tuesday,1,0,11,22,late_evening,others,44.65
43.233055,76.956129,2026-02-18T09:28:50+05:00,Wednesday,2,0,2,9,morning,transport,74.76
43.354319,77.040211,2026-02-19T07:57:52+05:00,Thursday,3,0,2,7,morning,transport,78.59
43.250847,76.944255,2026-04-29T20:49:13+05:00,Wednesday,2,0,4,20,evening,human,63.6
43.25324,76.943189,2026-03-01T22:56:17+05:00,Sunday,6,1,3,22,late_evening,others,67.06
43.361439,77.043703,2026-01-07T08:08:18+05:00,Wednesday,2,0,1,8,morning,transport,79.6
43.259088,76.817013,2026-03-20T23:07:15+05:00,Friday,4,0,3,23,late_evening,human,66.63
43.358103,77.042542,2026-02-28T15:36:13+05:00,Saturday,5,1,2,15,daytime,transport,72.74
43.259011,76.947085,2026-02-07T16:05:51+05:00,Saturday,5,1,2,16,daytime,human,60.24
43.239092,76.956835,2026-04-03T11:56:44+05:00,Friday,4,0,4,11,daytime,alert,68.37
43.249702,76.945111,2026-01-22T17:48:15+05:00,Thursday,3,0,1,17,evening,human,69.11
43.246483,76.858096,2026-03-16T22:41:57+05:00,Monday,0,0,3,22,late_evening,transport,66.65
43.258043,76.968769,2026-01-22T15:40:57+05:00,Thursday,3,0,1,15,daytime,animals,47.78
43.240047,76.922133,2026-01-17T14:18:29+05:00,Saturday,5,1,1,14,daytime,transport,71.36
43.25204,76.939795,2026-03-30T12:55:29+05:00,Monday,0,0,3,12,daytime,human,65.57
43.252162,76.941527,2026-01-06T18:50:09+05:00,Tuesday,1,0,1,18,evening,others,68.96
43.258895,76.94661,2025-12-28T19:12:01+05:00,Sunday,6,1,12,19,evening,human,72.02
43.237783,76.920411,2025-12-29T20:45:11+05:00,Monday,0,0,12,20,evening,transport,66.28
43.219999,76.928369,2026-02-23T13:11:25+05:00,Monday,0,0,2,13,daytime,transport,70.08
43.260397,76.970039,2026-02-16T20:35:47+05:00,Monday,0,0,2,20,evening,animals,37.41
43.236556,76.925451,2026-04-26T09:15:51+05:00,Sunday,6,1,4,9,morning,transport,70.03
43.25816,76.964983,2026-02-08T12:31:20+05:00,Sunday,6,1,2,12,daytime,human,56.59
43.219421,76.90201,2025-11-02T07:14:13+05:00,Sunday,6,1,11,7,morning,others,46.1
43.23868,76.957054,2026-01-01T21:40:53+05:00,Thursday,3,0,1,21,late_evening,human,67.86
43.284876,76.891341,2026-04-27T16:54:49+05:00,Monday,0,0,4,16,daytime,building_noise,79.69
43.260007,76.963512,2026-03-22T18:39:34+05:00,Sunday,6,1,3,18,evening,animals,54.29
43.239026,76.918803,2026-04-28T08:11:11+05:00,Tuesday,1,0,4,8,morning,transport,75.48
43.257533,76.972121,2026-02-25T08:05:22+05:00,Wednesday,2,0,2,8,morning,animals,40.86
43.237769,76.959566,2026-01-10T00:56:29+05:00,Saturday,5,1,1,0,night,human,61.51
43.240513,76.955227,2026-01-08T13:52:14+05:00,Thursday,3,0,1,13,daytime,human,64.41
43.236628,76.921335,2026-03-18T13:55:35+05:00,Wednesday,2,0,3,13,daytime,transport,67.71
43.239477,76.929535,2026-04-14T09:14:25+05:00,Tuesday,1,0,4,9,morning,alert,70.42
43.281603,76.898255,2025-11-15T17:49:25+05:00,Saturday,5,1,11,17,evening,building_noise,73.08
43.255551,76.944894,2026-01-06T18:17:42+05:00,Tuesday,1,0,1,18,evening,human,69.65
43.236583,76.974655,2026-03-04T11:31:25+05:00,Wednesday,2,0,3,11,daytime,animals,46.4
43.280744,76.894974,2025-12-01T13:17:14+05:00,Monday,0,0,12,13,daytime,building_noise,71.23
43.217719,76.928695,2026-04-23T18:57:00+05:00,Thursday,3,0,4,18,evening,transport,82.31
43.264769,76.953323,2026-04-06T07:13:36+05:00,Monday,0,0,4,7,morning,others,55.58
43.274614,76.889964,2026-03-22T18:11:45+05:00,Sunday,6,1,3,18,evening,transport,63.89
43.239481,76.919306,2026-04-17T21:43:56+05:00,Friday,4,0,4,21,late_evening,transport,60.24
43.359721,77.028174,2025-11-21T17:26:12+05:00,Friday,4,0,11,17,evening,transport,75.61
43.351582,77.037989,2026-01-16T07:09:52+05:00,Friday,4,0,1,7,morning,transport,76.77
43.266239,76.818778,2026-05-01T21:03:26+05:00,Friday,4,0,5,21,late_evening,human,65.92
43.236293,76.930811,2025-11-28T18:34:26+05:00,Friday,4,0,11,18,evening,alert,80.13
43.222046,76.901749,2026-02-06T20:59:03+05:00,Friday,4,0,2,20,evening,others,42.7
43.23312,76.973786,2026-04-26T06:37:04+05:00,Sunday,6,1,4,6,morning,others,38.25
43.238912,76.920207,2025-11-15T22:03:59+05:00,Saturday,5,1,11,22,late_evening,alert,76.77
43.259301,76.973335,2025-11-04T08:23:07+05:00,Tuesday,1,0,11,8,morning,animals,35.0
43.224131,76.901437,2025-11-10T09:02:14+05:00,Monday,0,0,11,9,morning,others,51.01
43.280922,76.893929,2026-02-13T15:02:18+05:00,Friday,4,0,2,15,daytime,building_noise,75.55
43.242995,76.866817,2026-01-06T17:58:00+05:00,Tuesday,1,0,1,17,evening,building_noise,83.11
43.250785,76.94252,2025-11-15T14:35:17+05:00,Saturday,5,1,11,14,daytime,human,63.71
43.240312,76.921245,2025-12-26T19:21:06+05:00,Friday,4,0,12,19,evening,transport,81.7
43.357955,77.036726,2026-02-15T17:37:21+05:00,Sunday,6,1,2,17,evening,alert,80.09
43.266432,76.824967,2026-01-28T17:36:29+05:00,Wednesday,2,0,1,17,evening,human,60.57
43.218432,76.902525,2026-03-09T09:33:26+05:00,Monday,0,0,3,9,morning,others,49.23
43.25364,76.945437,2026-04-20T13:43:38+05:00,Monday,0,0,4,13,daytime,human,60.74
43.28826,76.891432,2026-01-06T18:38:06+05:00,Tuesday,1,0,1,18,evening,building_noise,79.44
43.358766,77.038312,2025-12-23T09:07:57+05:00,Tuesday,1,0,12,9,morning,transport,77.4
43.337356,76.947823,2026-01-04T09:34:21+05:00,Sunday,6,1,1,9,morning,animals,54.51
43.25875,76.972687,2026-04-29T07:18:20+05:00,Wednesday,2,0,4,7,morning,animals,40.69
43.337559,76.951543,2025-11-05T17:31:55+05:00,Wednesday,2,0,11,17,evening,alert,90.99
43.259568,76.971971,2026-02-21T11:42:34+05:00,Saturday,5,1,2,11,daytime,human,57.92
43.253562,76.94148,2025-12-12T18:23:50+05:00,Friday,4,0,12,18,evening,building_noise,75.13
43.268335,76.821752,2026-02-04T08:18:59+05:00,Wednesday,2,0,2,8,morning,human,58.45
43.262459,76.95766,2026-04-01T17:02:32+05:00,Wednesday,2,0,4,17,evening,human,72.29
43.240548,76.917621,2025-12-30T03:57:35+05:00,Tuesday,1,0,12,3,night,transport,43.45
43.343383,76.94362,2025-12-31T12:50:35+05:00,Wednesday,2,0,12,12,daytime,transport,69.12
43.284383,76.895552,2025-12-16T16:27:41+05:00,Tuesday,1,0,12,16,daytime,building_noise,77.16
43.222766,76.90475,2025-11-28T20:51:28+05:00,Friday,4,0,11,20,evening,others,43.5
43.237171,76.929848,2026-04-24T08:35:02+05:00,Friday,4,0,4,8,morning,alert,80.05
43.240823,76.931775,2026-02-18T08:27:37+05:00,Wednesday,2,0,2,8,morning,animals,50.95
43.240673,76.921337,2026-03-03T08:30:58+05:00,Tuesday,1,0,3,8,morning,transport,74.95
43.238158,76.931849,2025-12-26T08:43:52+05:00,Friday,4,0,12,8,morning,alert,73.04
43.261614,76.965719,2025-11-15T23:23:00+05:00,Saturday,5,1,11,23,late_evening,others,50.69
43.234019,76.978261,2026-01-31T08:58:36+05:00,Saturday,5,1,1,8,morning,others,46.9
43.259465,76.819561,2026-01-04T18:38:40+05:00,Sunday,6,1,1,18,evening,human,63.58
43.256701,76.944278,2025-12-04T17:12:51+05:00,Thursday,3,0,12,17,evening,human,65.24
43.214246,76.931098,2026-01-10T13:17:09+05:00,Saturday,5,1,1,13,daytime,transport,69.07
43.236893,76.954563,2025-11-05T21:49:52+05:00,Wednesday,2,0,11,21,late_evening,human,69.69
43.262089,76.965394,2025-12-07T20:06:17+05:00,Sunday,6,1,12,20,evening,others,42.0
43.238704,76.914552,2026-04-07T19:03:42+05:00,Tuesday,1,0,4,19,evening,transport,69.23
43.264163,76.825251,2025-12-31T17:30:02+05:00,Wednesday,2,0,12,17,evening,human,56.71
43.221109,76.901449,2025-11-27T12:23:15+05:00,Thursday,3,0,11,12,daytime,human,52.96
43.223374,76.901298,2026-03-28T08:22:44+05:00,Saturday,5,1,3,8,morning,others,46.36
43.235467,76.955227,2026-03-01T10:34:11+05:00,Sunday,6,1,3,10,morning,others,59.83
43.221398,76.900541,2025-11-08T19:13:58+05:00,Saturday,5,1,11,19,evening,human,58.38
43.212807,76.930516,2026-02-22T19:27:38+05:00,Sunday,6,1,2,19,evening,transport,75.73
43.259953,76.968883,2026-03-22T20:37:25+05:00,Sunday,6,1,3,20,evening,others,46.69
43.260056,76.947544,2026-04-01T10:56:56+05:00,Wednesday,2,0,4,10,morning,human,57.1
43.21838,76.929891,2026-02-16T18:44:27+05:00,Monday,0,0,2,18,evening,transport,82.17
43.256082,76.976174,2026-04-24T00:06:13+05:00,Friday,4,0,4,0,night,animals,35.0
43.232935,76.972797,2025-11-06T07:44:22+05:00,Thursday,3,0,11,7,morning,others,47.19
43.24836,76.859025,2026-01-14T20:21:20+05:00,Wednesday,2,0,1,20,evening,transport,63.93
43.289538,76.896,2025-12-18T13:17:49+05:00,Thursday,3,0,12,13,daytime,building_noise,70.9
43.352776,77.041112,2026-04-23T10:23:39+05:00,Thursday,3,0,4,10,morning,transport,66.08
43.255806,76.971457,2025-12-13T22:26:29+05:00,Saturday,5,1,12,22,late_evening,animals,39.76
43.247201,76.943861,2026-04-16T21:17:37+05:00,Thursday,3,0,4,21,late_evening,transport,69.12
43.238943,76.929455,2025-12-08T11:15:02+05:00,Monday,0,0,12,11,daytime,alert,65.62
43.239548,76.924374,2026-04-05T14:14:10+05:00,Sunday,6,1,4,14,daytime,transport,62.79
43.259952,76.975367,2025-11-29T20:42:34+05:00,Saturday,5,1,11,20,evening,animals,35.0
43.219548,76.928305,2026-03-20T07:43:05+05:00,Friday,4,0,3,7,morning,transport,77.44
43.236425,76.954304,2026-04-16T17:45:44+05:00,Thursday,3,0,4,17,evening,alert,81.46
43.221471,76.926198,2025-12-05T06:24:32+05:00,Friday,4,0,12,6,morning,transport,62.47
43.260526,76.953882,2026-02-09T17:56:24+05:00,Monday,0,0,2,17,evening,human,58.41
43.256864,76.948356,2025-11-30T09:46:20+05:00,Sunday,6,1,11,9,morning,others,62.93
43.352726,77.032314,2026-04-23T19:17:10+05:00,Thursday,3,0,4,19,evening,transport,81.03
43.251884,76.94728,2026-01-07T17:36:23+05:00,Wednesday,2,0,1,17,evening,human,63.35
43.251129,76.941553,2026-01-21T06:56:20+05:00,Wednesday,2,0,1,6,morning,alert,61.25
43.352966,77.040617,2026-02-15T20:03:15+05:00,Sunday,6,1,2,20,evening,transport,65.68
43.343527,76.95139,2026-04-17T11:32:01+05:00,Friday,4,0,4,11,daytime,alert,80.33
43.25966,76.974367,2025-11-04T11:43:46+05:00,Tuesday,1,0,11,11,daytime,human,52.6
43.262783,76.954079,2026-02-15T15:14:23+05:00,Sunday,6,1,2,15,daytime,human,65.36
43.239987,76.931746,2026-03-31T08:51:36+05:00,Tuesday,1,0,3,8,morning,alert,74.02
43.257249,76.974671,2026-03-04T07:13:29+05:00,Wednesday,2,0,3,7,morning,animals,41.44
43.263158,76.957149,2026-03-09T07:31:01+05:00,Monday,0,0,3,7,morning,alert,61.2
43.260587,76.967301,2026-02-17T13:30:46+05:00,Tuesday,1,0,2,13,daytime,animals,48.37
43.258939,76.971443,2026-04-26T07:00:08+05:00,Sunday,6,1,4,7,morning,animals,44.77
43.263504,76.954242,2025-12-12T07:43:57+05:00,Friday,4,0,12,7,morning,others,48.6
43.263415,76.954412,2025-12-21T07:25:01+05:00,Sunday,6,1,12,7,morning,others,52.33
43.2549,76.943131,2025-12-20T21:44:51+05:00,Saturday,5,1,12,21,late_evening,human,70.56
43.34546,76.948719,2026-03-03T06:09:39+05:00,Tuesday,1,0,3,6,morning,human,63.0
43.261785,76.965065,2025-11-26T21:30:06+05:00,Wednesday,2,0,11,21,late_evening,others,46.39
43.21994,76.927536,2026-05-04T08:08:20+05:00,Monday,0,0,5,8,morning,transport,80.95
43.258948,76.949303,2026-02-07T20:51:50+05:00,Saturday,5,1,2,20,evening,others,67.28
43.282995,76.893537,2025-11-13T09:53:26+05:00,Thursday,3,0,11,9,morning,human,72.18
43.239872,76.921788,2026-01-22T17:13:18+05:00,Thursday,3,0,1,17,evening,transport,82.59
43.2638,76.953467,2026-03-29T08:20:02+05:00,Sunday,6,1,3,8,morning,others,51.88
43.25995,76.969229,2026-04-06T22:43:52+05:00,Monday,0,0,4,22,late_evening,building_noise,48.79
43.236472,76.918072,2026-04-19T08:06:41+05:00,Sunday,6,1,4,8,morning,others,59.94
43.239253,76.928092,2025-12-29T19:49:17+05:00,Monday,0,0,12,19,evening,alert,77.27
43.284975,76.892816,2026-04-02T12:37:42+05:00,Thursday,3,0,4,12,daytime,building_noise,68.19
43.236226,76.954172,2026-04-27T08:05:27+05:00,Monday,0,0,4,8,morning,transport,77.48
43.245844,76.941084,2026-04-25T22:05:17+05:00,Saturday,5,1,4,22,late_evening,human,73.26
43.264697,76.928333,2026-01-13T22:26:49+05:00,Tuesday,1,0,1,22,late_evening,others,60.86
43.282189,76.887433,2025-12-25T12:45:31+05:00,Thursday,3,0,12,12,daytime,building_noise,73.68
43.253696,76.944441,2025-11-14T07:55:58+05:00,Friday,4,0,11,7,morning,building_noise,72.68
43.240226,76.922584,2026-01-19T22:16:42+05:00,Monday,0,0,1,22,late_evening,transport,72.04
43.254681,76.939079,2025-12-31T18:30:47+05:00,Wednesday,2,0,12,18,evening,transport,77.31
43.216983,76.930479,2026-03-27T13:16:59+05:00,Friday,4,0,3,13,daytime,transport,72.25
43.338661,76.950507,2026-04-02T08:20:16+05:00,Thursday,3,0,4,8,morning,transport,77.22
43.238042,76.929582,2025-12-03T22:48:35+05:00,Wednesday,2,0,12,22,late_evening,alert,72.15
43.257969,76.966321,2025-12-21T00:31:14+05:00,Sunday,6,1,12,0,night,others,35.0
43.260342,76.82308,2026-02-20T18:41:02+05:00,Friday,4,0,2,18,evening,human,69.81
43.260156,76.967413,2026-04-28T07:40:30+05:00,Tuesday,1,0,4,7,morning,others,47.72
43.262785,76.819143,2026-01-25T00:48:27+05:00,Sunday,6,1,1,0,night,human,42.08
43.236047,76.956971,2026-01-05T07:33:52+05:00,Monday,0,0,1,7,morning,transport,72.14
43.337971,76.947172,2026-04-03T17:04:07+05:00,Friday,4,0,4,17,evening,alert,85.54
43.224276,76.901512,2026-01-01T06:43:50+05:00,Thursday,3,0,1,6,morning,others,39.24
43.260365,76.965252,2025-11-14T23:58:53+05:00,Friday,4,0,11,23,late_evening,others,41.63
43.266465,76.928783,2025-11-27T23:57:52+05:00,Thursday,3,0,11,23,late_evening,others,57.29
43.233841,76.957481,2026-04-06T03:38:57+05:00,Monday,0,0,4,3,night,human,46.58
43.244924,76.938775,2026-04-02T21:02:52+05:00,Thursday,3,0,4,21,late_evening,human,64.03
43.235239,76.957994,2026-03-14T23:50:14+05:00,Saturday,5,1,3,23,late_evening,transport,73.76
43.277302,76.888735,2026-04-30T12:09:21+05:00,Thursday,3,0,4,12,daytime,building_noise,73.68
43.263685,76.821632,2025-12-20T08:49:00+05:00,Saturday,5,1,12,8,morning,building_noise,59.18
43.261448,76.954353,2026-02-10T14:57:25+05:00,Tuesday,1,0,2,14,daytime,human,63.14
43.260045,76.978207,2025-12-12T07:25:30+05:00,Friday,4,0,12,7,morning,others,46.9
43.282046,76.889791,2025-12-17T13:11:33+05:00,Wednesday,2,0,12,13,daytime,building_noise,75.83
43.246525,76.865766,2026-04-03T17:18:11+05:00,Friday,4,0,4,17,evening,transport,82.7
43.21688,76.925601,2026-04-03T15:00:41+05:00,Friday,4,0,4,15,daytime,transport,69.39
43.238416,76.921201,2025-12-20T21:06:49+05:00,Saturday,5,1,12,21,late_evening,transport,68.23
43.238817,76.929897,2026-02-03T20:30:57+05:00,Tuesday,1,0,2,20,evening,alert,67.58
43.28248,76.890705,2025-11-09T12:05:57+05:00,Sunday,6,1,11,12,daytime,animals,51.1
43.234126,76.958415,2026-03-16T17:48:03+05:00,Monday,0,0,3,17,evening,transport,74.4
43.261734,76.944085,2025-12-14T15:58:16+05:00,Sunday,6,1,12,15,daytime,human,57.15
43.252599,76.946595,2026-05-04T01:39:19+05:00,Monday,0,0,5,1,night,human,55.09
43.247301,76.940092,2026-02-13T20:08:41+05:00,Friday,4,0,2,20,evening,human,71.63
43.3399,76.952903,2026-01-20T00:15:38+05:00,Tuesday,1,0,1,0,night,human,54.43
43.258454,76.970119,2025-12-15T20:31:13+05:00,Monday,0,0,12,20,evening,others,45.81
43.219741,76.927389,2026-04-15T17:59:15+05:00,Wednesday,2,0,4,17,evening,transport,78.88
43.262251,76.928704,2026-04-16T20:20:31+05:00,Thursday,3,0,4,20,evening,human,63.4
43.215323,76.931342,2026-04-22T09:34:38+05:00,Wednesday,2,0,4,9,morning,transport,82.11
43.286856,76.898842,2026-02-17T15:46:27+05:00,Tuesday,1,0,2,15,daytime,building_noise,71.73
43.234652,76.954615,2026-01-18T17:28:10+05:00,Sunday,6,1,1,17,evening,human,67.9
43.222598,76.898998,2025-11-11T01:19:51+05:00,Tuesday,1,0,11,1,night,others,35.0
43.265978,76.821535,2025-12-01T11:16:37+05:00,Monday,0,0,12,11,daytime,human,51.5
43.261792,76.956322,2026-02-19T22:23:42+05:00,Thursday,3,0,2,22,late_evening,others,45.89
43.26067,76.968795,2026-04-09T08:15:58+05:00,Thursday,3,0,4,8,morning,others,48.14
43.265138,76.92776,2025-12-22T17:49:00+05:00,Monday,0,0,12,17,evening,human,68.16
43.216967,76.927713,2026-01-10T07:28:42+05:00,Saturday,5,1,1,7,morning,transport,72.54
43.253418,76.94536,2026-03-23T19:41:41+05:00,Monday,0,0,3,19,evening,transport,66.27
43.218041,76.903203,2026-01-30T15:42:31+05:00,Friday,4,0,1,15,daytime,human,51.01
43.238823,76.957022,2026-01-29T08:21:02+05:00,Thursday,3,0,1,8,morning,transport,74.23
43.218504,76.930435,2025-11-14T08:58:36+05:00,Friday,4,0,11,8,morning,transport,81.64
43.33859,76.951354,2026-03-04T09:24:07+05:00,Wednesday,2,0,3,9,morning,transport,77.25
43.24615,76.85897,2026-01-03T16:17:12+05:00,Saturday,5,1,1,16,daytime,transport,66.52
43.262786,76.927017,2026-02-13T19:11:48+05:00,Friday,4,0,2,19,evening,human,64.81
43.219968,76.929247,2025-11-15T08:30:32+05:00,Saturday,5,1,11,8,morning,transport,71.36
43.250305,76.940908,2026-01-29T17:58:58+05:00,Thursday,3,0,1,17,evening,human,71.04
43.250423,76.859803,2026-02-02T18:45:26+05:00,Monday,0,0,2,18,evening,transport,74.66
43.338372,76.951846,2026-03-06T09:37:16+05:00,Friday,4,0,3,9,morning,transport,76.81
43.259549,76.966002,2025-11-29T13:25:29+05:00,Saturday,5,1,11,13,daytime,human,63.14
43.246821,76.860743,2026-05-07T18:06:30+05:00,Thursday,3,0,5,18,evening,transport,72.52
43.249801,76.941568,2026-02-28T12:18:52+05:00,Saturday,5,1,2,12,daytime,human,60.35
43.350468,77.035089,2025-11-25T12:04:51+05:00,Tuesday,1,0,11,12,daytime,alert,75.96
43.25888,76.943421,2025-11-14T09:49:05+05:00,Friday,4,0,11,9,morning,others,54.03
43.263735,76.953762,2026-01-02T07:40:34+05:00,Friday,4,0,1,7,morning,animals,43.44
43.267655,76.92659,2025-11-06T23:27:10+05:00,Thursday,3,0,11,23,late_evening,others,65.05
43.281963,76.889739,2026-04-27T19:05:50+05:00,Monday,0,0,4,19,evening,others,63.87
43.231712,76.955761,2026-01-16T23:20:54+05:00,Friday,4,0,1,23,late_evening,human,75.76
43.287898,76.893001,2026-04-02T14:54:09+05:00,Thursday,3,0,4,14,daytime,building_noise,80.09
43.355377,77.041981,2026-03-17T17:43:07+05:00,Tuesday,1,0,3,17,evening,transport,85.74
43.262433,76.823653,2026-04-02T05:59:26+05:00,Thursday,3,0,4,5,night,others,35.0
43.237455,76.930662,2026-03-31T20:26:30+05:00,Tuesday,1,0,3,20,evening,alert,70.36
43.235797,76.973297,2026-04-28T07:51:57+05:00,Tuesday,1,0,4,7,morning,others,42.84
43.257118,76.964334,2026-02-11T14:42:58+05:00,Wednesday,2,0,2,14,daytime,human,51.92
43.239153,76.93097,2025-12-16T09:32:08+05:00,Tuesday,1,0,12,9,morning,alert,76.46
43.250243,76.866145,2026-04-25T08:21:29+05:00,Saturday,5,1,4,8,morning,transport,67.47
43.23766,76.932075,2025-11-15T14:18:56+05:00,Saturday,5,1,11,14,daytime,transport,62.13
43.234286,76.958241,2025-12-16T09:23:14+05:00,Tuesday,1,0,12,9,morning,transport,74.72
43.247803,76.942101,2025-11-26T15:19:06+05:00,Wednesday,2,0,11,15,daytime,human,64.35
43.238685,76.929824,2026-05-05T08:25:54+05:00,Tuesday,1,0,5,8,morning,alert,72.32
43.219051,76.926656,2025-12-07T15:35:05+05:00,Sunday,6,1,12,15,daytime,transport,68.7
43.252216,76.935668,2026-04-01T22:24:24+05:00,Wednesday,2,0,4,22,late_evening,human,70.81
43.213426,76.933095,2025-11-10T09:55:01+05:00,Monday,0,0,11,9,morning,transport,80.52
43.217713,76.930656,2026-03-20T15:40:07+05:00,Friday,4,0,3,15,daytime,transport,73.4
43.238929,76.920946,2026-03-13T10:24:33+05:00,Friday,4,0,3,10,morning,transport,69.3
43.236011,76.916254,2026-04-14T09:01:07+05:00,Tuesday,1,0,4,9,morning,transport,68.69
43.259646,76.974693,2026-04-26T18:54:11+05:00,Sunday,6,1,4,18,evening,human,59.86
43.260895,76.971144,2025-12-20T18:55:31+05:00,Saturday,5,1,12,18,evening,human,59.31
43.251197,76.944315,2025-11-15T21:40:14+05:00,Saturday,5,1,11,21,late_evening,transport,74.92
43.240307,76.922862,2026-01-23T19:17:07+05:00,Friday,4,0,1,19,evening,transport,81.68
43.249801,76.858893,2026-01-18T23:57:31+05:00,Sunday,6,1,1,23,late_evening,transport,67.85
43.24233,76.931219,2026-03-14T19:52:38+05:00,Saturday,5,1,3,19,evening,alert,75.18
43.275911,76.898146,2026-02-25T10:13:29+05:00,Wednesday,2,0,2,10,morning,building_noise,74.37
43.239478,76.928395,2026-01-05T22:43:05+05:00,Monday,0,0,1,22,late_evening,alert,70.48
43.221518,76.898838,2025-12-27T04:50:14+05:00,Saturday,5,1,12,4,night,others,35.0
43.23366,76.975118,2025-12-18T20:00:14+05:00,Thursday,3,0,12,20,evening,others,41.52
43.277021,76.898427,2025-12-31T09:51:15+05:00,Wednesday,2,0,12,9,morning,building_noise,75.24
43.26323,76.95306,2026-03-09T22:34:09+05:00,Monday,0,0,3,22,late_evening,others,46.1
43.255672,76.970828,2025-11-11T10:21:20+05:00,Tuesday,1,0,11,10,morning,animals,47.71
43.280932,76.888785,2026-04-20T10:35:29+05:00,Monday,0,0,4,10,morning,building_noise,74.31
43.218979,76.896671,2025-12-01T00:08:11+05:00,Monday,0,0,12,0,night,others,35.0
43.243567,76.941297,2026-01-29T20:17:17+05:00,Thursday,3,0,1,20,evening,human,67.66
43.264663,76.925117,2026-03-27T20:35:47+05:00,Friday,4,0,3,20,evening,building_noise,63.74
43.23378,76.957192,2025-11-02T17:46:54+05:00,Sunday,6,1,11,17,evening,human,65.43
43.261505,76.953285,2026-02-20T20:57:01+05:00,Friday,4,0,2,20,evening,others,55.8
43.238269,76.914606,2025-11-04T14:57:44+05:00,Tuesday,1,0,11,14,daytime,transport,58.56
43.251014,76.944268,2026-01-13T19:28:23+05:00,Tuesday,1,0,1,19,evening,human,64.62
43.236163,76.976108,2026-01-26T07:45:05+05:00,Monday,0,0,1,7,morning,others,46.06
43.25343,76.947974,2026-05-08T20:25:17+05:00,Friday,4,0,5,20,evening,human,71.46
43.223161,76.902763,2026-04-03T19:13:18+05:00,Friday,4,0,4,19,evening,human,53.63
43.23904,76.929931,2026-01-22T18:58:30+05:00,Thursday,3,0,1,18,evening,alert,71.37
43.266694,76.925164,2025-11-20T08:08:33+05:00,Thursday,3,0,11,8,morning,building_noise,67.98
43.262524,76.955191,2026-01-09T07:53:04+05:00,Friday,4,0,1,7,morning,others,52.56
43.265298,76.926217,2026-01-19T13:32:18+05:00,Monday,0,0,1,13,daytime,human,63.51
43.341094,76.953915,2026-04-03T09:34:44+05:00,Friday,4,0,4,9,morning,transport,74.95
43.236403,76.91575,2025-12-09T00:01:35+05:00,Tuesday,1,0,12,0,night,others,35.62
43.264239,76.821125,2026-05-02T21:50:53+05:00,Saturday,5,1,5,21,late_evening,human,69.3
43.260265,76.966932,2026-02-12T06:45:41+05:00,Thursday,3,0,2,6,morning,others,36.28
43.239551,76.921396,2026-02-17T07:07:54+05:00,Tuesday,1,0,2,7,morning,transport,80.03
43.238139,76.930731,2026-05-01T19:25:07+05:00,Friday,4,0,5,19,evening,alert,72.71
43.340655,76.950912,2026-04-20T08:21:50+05:00,Monday,0,0,4,8,morning,transport,77.88
43.246473,76.861563,2026-01-31T12:59:34+05:00,Saturday,5,1,1,12,daytime,alert,76.25
43.259681,76.973117,2025-11-08T17:21:44+05:00,Saturday,5,1,11,17,evening,others,55.14
43.25829,76.974841,2025-12-20T20:30:58+05:00,Saturday,5,1,12,20,evening,animals,36.47
43.23325,76.956399,2026-01-25T17:01:32+05:00,Sunday,6,1,1,17,evening,human,73.48
43.235777,76.979025,2026-04-06T16:17:23+05:00,Monday,0,0,4,16,daytime,human,57.24
43.216209,76.925198,2026-04-30T08:54:15+05:00,Thursday,3,0,4,8,morning,transport,75.62
43.239729,76.93009,2026-03-13T18:05:14+05:00,Friday,4,0,3,18,evening,alert,75.75
43.281424,76.895182,2026-02-21T13:58:48+05:00,Saturday,5,1,2,13,daytime,building_noise,76.54
43.260981,76.967926,2026-01-26T22:11:20+05:00,Monday,0,0,1,22,late_evening,others,44.79
43.237897,76.917194,2026-01-16T09:27:28+05:00,Friday,4,0,1,9,morning,transport,72.06
43.266786,76.926665,2026-03-21T08:37:05+05:00,Saturday,5,1,3,8,morning,others,60.61
43.279417,76.893281,2026-03-16T10:23:25+05:00,Monday,0,0,3,10,morning,building_noise,69.13
43.234264,76.976492,2026-02-27T19:29:18+05:00,Friday,4,0,2,19,evening,human,59.8
43.24363,76.933479,2025-11-24T08:25:40+05:00,Monday,0,0,11,8,morning,alert,67.07
43.257569,76.972763,2026-04-27T08:48:40+05:00,Monday,0,0,4,8,morning,animals,42.09
43.259636,76.968729,2025-11-27T01:02:41+05:00,Thursday,3,0,11,1,night,others,35.0
43.247846,76.858262,2026-03-07T21:48:59+05:00,Saturday,5,1,3,21,late_evening,building_noise,73.25
43.232176,76.958989,2026-02-05T19:00:10+05:00,Thursday,3,0,2,19,evening,transport,75.73
43.238952,76.930528,2025-12-20T19:16:42+05:00,Saturday,5,1,12,19,evening,alert,70.0
43.23651,76.931188,2026-01-08T08:01:07+05:00,Thursday,3,0,1,8,morning,alert,76.55
43.340076,76.952489,2026-03-01T09:49:55+05:00,Sunday,6,1,3,9,morning,alert,76.07
43.351857,77.038346,2025-12-11T12:51:27+05:00,Thursday,3,0,12,12,daytime,alert,77.55
43.230753,76.978138,2026-04-07T08:00:08+05:00,Tuesday,1,0,4,8,morning,others,42.71
43.219378,76.927261,2026-04-04T07:44:08+05:00,Saturday,5,1,4,7,morning,transport,72.78
43.246427,76.865813,2026-03-15T18:57:01+05:00,Sunday,6,1,3,18,evening,transport,71.13
43.257254,76.975794,2026-01-25T22:01:11+05:00,Sunday,6,1,1,22,late_evening,animals,37.99
43.261192,76.97318,2025-12-28T23:58:34+05:00,Sunday,6,1,12,23,late_evening,animals,37.5
43.233502,76.955798,2026-02-01T09:43:07+05:00,Sunday,6,1,2,9,morning,transport,65.62
43.243874,76.921978,2026-04-04T17:28:10+05:00,Saturday,5,1,4,17,evening,transport,68.88
43.238681,76.91449,2026-03-16T17:49:38+05:00,Monday,0,0,3,17,evening,transport,69.95
43.238905,76.919317,2026-03-06T09:20:29+05:00,Friday,4,0,3,9,morning,transport,78.14
43.261955,76.953321,2025-11-26T19:23:28+05:00,Wednesday,2,0,11,19,evening,human,74.04
43.25055,76.86082,2026-03-08T08:53:26+05:00,Sunday,6,1,3,8,morning,transport,65.98
43.263581,76.954677,2025-12-22T18:15:40+05:00,Monday,0,0,12,18,evening,human,56.99
43.237298,76.956997,2026-03-07T17:02:24+05:00,Saturday,5,1,3,17,evening,human,72.01
43.236268,76.922566,2025-12-10T19:42:07+05:00,Wednesday,2,0,12,19,evening,transport,81.88
43.261215,76.952027,2026-03-27T17:41:25+05:00,Friday,4,0,3,17,evening,human,65.85
43.283927,76.890797,2026-03-30T11:06:23+05:00,Monday,0,0,3,11,daytime,building_noise,76.79
43.236203,76.917087,2026-03-21T17:36:31+05:00,Saturday,5,1,3,17,evening,alert,72.04
43.284045,76.891747,2026-03-31T10:37:15+05:00,Tuesday,1,0,3,10,morning,building_noise,76.05
43.263587,76.924178,2026-04-19T13:05:42+05:00,Sunday,6,1,4,13,daytime,human,64.79
43.220424,76.902896,2025-11-22T07:47:32+05:00,Saturday,5,1,11,7,morning,others,50.38
43.349965,77.04047,2025-12-11T18:33:19+05:00,Thursday,3,0,12,18,evening,transport,78.08
43.243711,76.859191,2026-01-06T03:51:16+05:00,Tuesday,1,0,1,3,night,transport,47.92
43.260657,76.97493,2025-11-27T08:37:17+05:00,Thursday,3,0,11,8,morning,animals,39.43
43.287805,76.899605,2026-04-22T09:39:40+05:00,Wednesday,2,0,4,9,morning,building_noise,69.84
43.234907,76.959847,2025-11-18T10:59:44+05:00,Tuesday,1,0,11,10,morning,human,61.28
43.221151,76.899235,2026-04-09T19:18:21+05:00,Thursday,3,0,4,19,evening,human,57.48
43.253677,76.944843,2026-02-24T13:24:47+05:00,Tuesday,1,0,2,13,daytime,human,58.91
43.235699,76.956134,2026-03-03T17:29:07+05:00,Tuesday,1,0,3,17,evening,transport,78.1
43.239995,76.922752,2026-03-24T11:40:58+05:00,Tuesday,1,0,3,11,daytime,building_noise,75.51
43.261523,76.974231,2026-03-25T09:39:01+05:00,Wednesday,2,0,3,9,morning,animals,39.29
43.265962,76.928176,2026-01-27T18:25:19+05:00,Tuesday,1,0,1,18,evening,human,65.2
43.259927,76.96664,2026-04-21T10:12:58+05:00,Tuesday,1,0,4,10,morning,animals,44.83
43.256605,76.946696,2025-11-25T18:01:20+05:00,Tuesday,1,0,11,18,evening,human,68.8
43.237535,76.931028,2026-01-24T20:06:26+05:00,Saturday,5,1,1,20,evening,alert,69.43
43.358626,77.041016,2025-12-24T15:51:44+05:00,Wednesday,2,0,12,15,daytime,transport,66.61
43.219635,76.927433,2026-03-09T20:58:50+05:00,Monday,0,0,3,20,evening,transport,72.79
43.23843,76.957103,2026-04-06T21:11:23+05:00,Monday,0,0,4,21,late_evening,human,63.19
43.261803,76.95371,2025-12-23T07:32:24+05:00,Tuesday,1,0,12,7,morning,alert,68.0
43.2628,76.953745,2026-02-24T21:24:07+05:00,Tuesday,1,0,2,21,late_evening,others,45.82
43.255318,76.943787,2026-01-02T17:47:40+05:00,Friday,4,0,1,17,evening,others,63.52
43.280323,76.889264,2025-12-23T14:02:41+05:00,Tuesday,1,0,12,14,daytime,building_noise,73.16
43.235949,76.954628,2026-02-25T10:44:54+05:00,Wednesday,2,0,2,10,morning,human,63.29
43.251927,76.945084,2025-11-16T06:41:52+05:00,Sunday,6,1,11,6,morning,human,52.94
43.259318,76.945296,2026-03-29T21:50:51+05:00,Sunday,6,1,3,21,late_evening,human,69.12
43.259665,76.975512,2026-03-08T07:03:28+05:00,Sunday,6,1,3,7,morning,animals,41.7
43.281472,76.894577,2025-12-11T11:07:30+05:00,Thursday,3,0,12,11,daytime,building_noise,70.03
43.285187,76.891617,2026-02-22T14:58:14+05:00,Sunday,6,1,2,14,daytime,transport,67.43
43.239768,76.921557,2025-12-10T16:50:29+05:00,Wednesday,2,0,12,16,daytime,transport,71.03
43.264032,76.925005,2026-03-27T20:47:47+05:00,Friday,4,0,3,20,evening,building_noise,65.51
43.236424,76.929664,2025-12-07T08:16:24+05:00,Sunday,6,1,12,8,morning,transport,63.0
43.251465,76.941715,2026-01-07T22:54:39+05:00,Wednesday,2,0,1,22,late_evening,human,74.54
43.262792,76.954932,2026-02-23T18:43:03+05:00,Monday,0,0,2,18,evening,human,54.53
43.261664,76.969689,2025-11-01T11:19:14+05:00,Saturday,5,1,11,11,daytime,human,58.86
43.218455,76.930086,2026-04-28T16:17:05+05:00,Tuesday,1,0,4,16,daytime,building_noise,68.36
43.256052,76.948934,2026-03-23T19:43:57+05:00,Monday,0,0,3,19,evening,human,66.68
43.264251,76.955394,2025-12-27T19:12:15+05:00,Saturday,5,1,12,19,evening,human,69.81
43.237028,76.952891,2025-12-13T22:34:53+05:00,Saturday,5,1,12,22,late_evening,human,68.41
43.238385,76.933432,2026-04-03T13:17:47+05:00,Friday,4,0,4,13,daytime,transport,65.45
43.340399,76.950628,2025-11-10T08:09:05+05:00,Monday,0,0,11,8,morning,transport,79.64
43.249436,76.942759,2026-03-20T13:39:55+05:00,Friday,4,0,3,13,daytime,human,62.93
43.345678,77.043717,2026-02-07T11:57:33+05:00,Saturday,5,1,2,11,daytime,transport,74.28
43.263748,76.953281,2026-05-08T08:14:25+05:00,Friday,4,0,5,8,morning,others,52.57
43.222176,76.899978,2026-03-24T20:03:29+05:00,Tuesday,1,0,3,20,evening,others,46.25
43.238137,76.921452,2025-12-15T07:48:26+05:00,Monday,0,0,12,7,morning,transport,79.03
43.24926,76.859013,2026-03-15T08:23:06+05:00,Sunday,6,1,3,8,morning,building_noise,73.15
43.232295,76.977785,2025-11-02T12:28:08+05:00,Sunday,6,1,11,12,daytime,human,57.06
43.260574,76.95414,2025-12-01T11:41:52+05:00,Monday,0,0,12,11,daytime,human,47.67
43.279559,76.893739,2026-01-19T21:03:57+05:00,Monday,0,0,1,21,late_evening,building_noise,65.37
43.257277,76.971135,2026-03-01T17:51:13+05:00,Sunday,6,1,3,17,evening,animals,53.93
43.262553,76.9548,2025-12-21T13:49:42+05:00,Sunday,6,1,12,13,daytime,human,63.26
43.347587,77.039558,2025-12-23T09:06:08+05:00,Tuesday,1,0,12,9,morning,transport,76.03
43.2574,76.97296,2026-02-14T00:34:14+05:00,Saturday,5,1,2,0,night,animals,35.0
43.240153,76.929056,2026-04-29T07:22:11+05:00,Wednesday,2,0,4,7,morning,alert,80.53
43.257343,76.971636,2025-11-06T07:47:56+05:00,Thursday,3,0,11,7,morning,animals,43.43
43.240493,76.918386,2026-01-15T20:33:40+05:00,Thursday,3,0,1,20,evening,transport,58.82
43.261964,76.951812,2026-03-19T04:06:29+05:00,Thursday,3,0,3,4,night,others,35.52
43.225082,76.90074,2026-01-17T07:57:44+05:00,Saturday,5,1,1,7,morning,others,45.95
43.245453,76.860615,2026-01-03T19:50:23+05:00,Saturday,5,1,1,19,evening,transport,74.08
43.236175,76.924072,2025-11-10T06:08:37+05:00,Monday,0,0,11,6,morning,building_noise,63.26
43.231049,76.975173,2026-04-08T13:11:16+05:00,Wednesday,2,0,4,13,daytime,human,52.64
43.279667,76.893583,2026-03-16T10:18:25+05:00,Monday,0,0,3,10,morning,building_noise,68.73
43.224674,76.900129,2025-12-16T10:00:36+05:00,Tuesday,1,0,12,10,morning,animals,45.84
43.26544,76.924473,2026-01-05T12:33:28+05:00,Monday,0,0,1,12,daytime,human,60.53
43.263676,76.955087,2026-02-17T22:52:24+05:00,Tuesday,1,0,2,22,late_evening,others,48.36
43.239205,76.929656,2026-01-13T21:24:23+05:00,Tuesday,1,0,1,21,late_evening,alert,67.83
43.222866,76.900749,2025-11-11T17:39:08+05:00,Tuesday,1,0,11,17,evening,animals,50.89
43.238336,76.918967,2026-02-23T17:18:50+05:00,Monday,0,0,2,17,evening,transport,70.3
43.341299,76.95383,2026-01-02T19:33:16+05:00,Friday,4,0,1,19,evening,animals,55.55
43.220382,76.931341,2025-11-18T12:44:53+05:00,Tuesday,1,0,11,12,daytime,transport,69.04
43.265184,76.825906,2026-04-03T18:05:20+05:00,Friday,4,0,4,18,evening,human,69.06
43.266624,76.930442,2026-01-19T13:21:04+05:00,Monday,0,0,1,13,daytime,human,61.59
43.254558,76.943832,2025-11-03T11:35:56+05:00,Monday,0,0,11,11,daytime,human,61.92
43.263476,76.819913,2026-01-31T16:06:23+05:00,Saturday,5,1,1,16,daytime,others,60.32
43.260489,76.956103,2026-03-23T16:00:47+05:00,Monday,0,0,3,16,daytime,human,52.41
43.256918,76.946579,2026-02-25T16:55:44+05:00,Wednesday,2,0,2,16,daytime,human,68.47
43.239853,76.932053,2026-03-31T08:50:36+05:00,Tuesday,1,0,3,8,morning,alert,73.33
43.237643,76.930329,2026-01-09T21:05:06+05:00,Friday,4,0,1,21,late_evening,alert,74.25
43.234433,76.922467,2025-11-22T09:08:11+05:00,Saturday,5,1,11,9,morning,alert,79.0
43.243126,76.861737,2025-12-10T05:58:28+05:00,Wednesday,2,0,12,5,night,transport,56.84
43.357371,77.047311,2025-12-21T14:02:25+05:00,Sunday,6,1,12,14,daytime,transport,68.66
43.257405,76.946534,2025-11-19T08:18:34+05:00,Wednesday,2,0,11,8,morning,human,69.06
43.283381,76.892323,2026-04-18T08:36:52+05:00,Saturday,5,1,4,8,morning,building_noise,75.15
43.259245,76.971926,2025-12-07T21:21:46+05:00,Sunday,6,1,12,21,late_evening,animals,35.87
43.287099,76.897389,2025-12-22T14:34:31+05:00,Monday,0,0,12,14,daytime,building_noise,70.5
43.215996,76.926252,2026-01-24T10:48:11+05:00,Saturday,5,1,1,10,morning,alert,75.29
43.23841,76.931579,2026-02-12T19:34:01+05:00,Thursday,3,0,2,19,evening,alert,72.45
43.25324,76.946635,2026-01-25T21:18:18+05:00,Sunday,6,1,1,21,late_evening,human,66.0
43.237296,76.918232,2026-02-13T10:37:52+05:00,Friday,4,0,2,10,morning,others,55.06
43.247562,76.862011,2026-03-03T09:26:26+05:00,Tuesday,1,0,3,9,morning,transport,74.08
43.262889,76.927861,2025-11-18T16:30:56+05:00,Tuesday,1,0,11,16,daytime,building_noise,64.41
43.257194,76.94193,2026-04-10T20:39:32+05:00,Friday,4,0,4,20,evening,human,67.42
43.262367,76.971269,2026-03-27T09:37:38+05:00,Friday,4,0,3,9,morning,animals,35.0
43.2425,76.862125,2026-02-28T20:31:14+05:00,Saturday,5,1,2,20,evening,transport,72.21
43.238834,76.931954,2026-02-10T22:49:26+05:00,Tuesday,1,0,2,22,late_evening,alert,78.02
43.257419,76.973264,2025-11-23T12:44:53+05:00,Sunday,6,1,11,12,daytime,human,54.37
43.265268,76.925445,2026-01-07T18:03:21+05:00,Wednesday,2,0,1,18,evening,human,69.22
43.281521,76.895904,2026-05-10T19:39:24+05:00,Sunday,6,1,5,19,evening,alert,76.29
43.343534,76.949425,2025-11-14T17:44:38+05:00,Friday,4,0,11,17,evening,transport,75.95
43.239716,76.931384,2026-01-23T07:23:23+05:00,Friday,4,0,1,7,morning,transport,67.2
43.264658,76.927612,2026-04-22T19:01:23+05:00,Wednesday,2,0,4,19,evening,human,72.83
43.235537,76.916198,2026-04-03T08:20:44+05:00,Friday,4,0,4,8,morning,building_noise,65.71
43.217459,76.927884,2026-03-08T07:30:55+05:00,Sunday,6,1,3,7,morning,transport,68.0
43.343634,76.947003,2026-04-25T07:18:29+05:00,Saturday,5,1,4,7,morning,others,71.13
43.25758,76.948494,2026-03-30T08:51:51+05:00,Monday,0,0,3,8,morning,human,67.76
43.256587,76.945381,2026-04-05T18:04:48+05:00,Sunday,6,1,4,18,evening,human,64.06
43.257074,76.945845,2026-03-18T16:17:07+05:00,Wednesday,2,0,3,16,daytime,building_noise,64.62
43.259408,76.94656,2026-03-14T22:08:48+05:00,Saturday,5,1,3,22,late_evening,human,66.89
43.232211,76.974745,2025-12-17T08:46:36+05:00,Wednesday,2,0,12,8,morning,others,48.25
43.260732,76.967541,2025-12-11T08:43:36+05:00,Thursday,3,0,12,8,morning,others,49.08
43.349924,77.047713,2026-01-17T12:09:17+05:00,Saturday,5,1,1,12,daytime,transport,69.23
43.266312,76.827104,2026-01-08T20:28:57+05:00,Thursday,3,0,1,20,evening,human,56.59
43.221752,76.901653,2026-01-07T22:55:21+05:00,Wednesday,2,0,1,22,late_evening,animals,35.0
43.237827,76.928731,2026-02-23T09:51:02+05:00,Monday,0,0,2,9,morning,alert,74.16
43.25791,76.973259,2026-04-28T09:22:17+05:00,Tuesday,1,0,4,9,morning,animals,42.29
43.221716,76.900124,2026-03-20T06:47:58+05:00,Friday,4,0,3,6,morning,others,36.0
43.2513,76.943208,2026-03-26T19:18:35+05:00,Thursday,3,0,3,19,evening,human,66.49
43.233714,76.973224,2026-02-27T07:03:42+05:00,Friday,4,0,2,7,morning,others,36.32
43.268628,76.823214,2025-11-19T07:23:14+05:00,Wednesday,2,0,11,7,morning,building_noise,53.67
43.222438,76.904544,2026-02-11T15:10:10+05:00,Wednesday,2,0,2,15,daytime,human,57.19
43.220249,76.927996,2026-03-30T19:07:24+05:00,Monday,0,0,3,19,evening,human,79.08
43.25426,76.941315,2026-01-06T14:42:10+05:00,Tuesday,1,0,1,14,daytime,human,63.28
43.255188,76.975171,2026-02-14T19:19:49+05:00,Saturday,5,1,2,19,evening,human,55.42
43.240154,76.922287,2025-12-13T11:19:16+05:00,Saturday,5,1,12,11,daytime,transport,64.65
43.249928,76.939695,2026-04-27T06:23:27+05:00,Monday,0,0,4,6,morning,human,57.13
43.240928,76.92753,2026-03-15T02:11:50+05:00,Sunday,6,1,3,2,night,transport,45.93
43.217657,76.926381,2026-03-26T21:20:16+05:00,Thursday,3,0,3,21,late_evening,transport,70.39
43.35333,77.037257,2025-12-26T15:42:26+05:00,Friday,4,0,12,15,daytime,alert,74.26
43.257365,76.967076,2026-01-13T08:54:05+05:00,Tuesday,1,0,1,8,morning,others,43.79
43.240062,76.93107,2025-12-11T00:02:51+05:00,Thursday,3,0,12,0,night,transport,45.44
43.233056,76.97689,2026-03-12T07:07:43+05:00,Thursday,3,0,3,7,morning,others,46.53
43.240219,76.93149,2026-03-20T18:31:09+05:00,Friday,4,0,3,18,evening,transport,62.46
43.261993,76.952475,2026-04-24T22:40:51+05:00,Friday,4,0,4,22,late_evening,others,45.39
43.258097,76.965851,2025-11-30T06:55:26+05:00,Sunday,6,1,11,6,morning,others,35.94
43.258469,76.975239,2025-12-14T21:55:27+05:00,Sunday,6,1,12,21,late_evening,animals,37.17
43.264861,76.92701,2026-02-19T20:49:32+05:00,Thursday,3,0,2,20,evening,human,60.98
43.338287,76.951588,2025-12-11T08:46:29+05:00,Thursday,3,0,12,8,morning,transport,74.89
43.255999,76.943676,2025-11-14T08:16:07+05:00,Friday,4,0,11,8,morning,human,64.65
43.218605,76.92828,2025-11-19T18:08:04+05:00,Wednesday,2,0,11,18,evening,transport,80.72
43.23927,76.93,2026-05-04T08:40:04+05:00,Monday,0,0,5,8,morning,alert,76.27
43.23859,76.916811,2026-05-08T07:33:26+05:00,Friday,4,0,5,7,morning,transport,65.96
43.238562,76.960225,2026-04-19T06:24:59+05:00,Sunday,6,1,4,6,morning,alert,65.09
43.35126,77.038923,2025-12-13T09:21:48+05:00,Saturday,5,1,12,9,morning,transport,68.66
43.238271,76.921008,2026-01-03T06:16:38+05:00,Saturday,5,1,1,6,morning,transport,62.8
43.26243,76.953721,2026-01-04T08:13:39+05:00,Sunday,6,1,1,8,morning,others,52.59
43.250797,76.938688,2026-03-12T10:40:58+05:00,Thursday,3,0,3,10,morning,human,68.77
43.258082,76.969716,2026-01-24T09:13:31+05:00,Saturday,5,1,1,9,morning,others,47.38
43.23521,76.979283,2026-02-26T21:58:19+05:00,Thursday,3,0,2,21,late_evening,others,45.91
43.245903,76.862133,2026-02-11T09:15:10+05:00,Wednesday,2,0,2,9,morning,transport,73.46
43.239263,76.957083,2026-03-03T09:15:33+05:00,Tuesday,1,0,3,9,morning,transport,75.0
43.262871,76.95662,2025-12-01T18:05:18+05:00,Monday,0,0,12,18,evening,human,54.7
43.235692,76.955529,2026-03-21T01:47:55+05:00,Saturday,5,1,3,1,night,transport,58.65
43.222419,76.900986,2026-03-08T07:43:17+05:00,Sunday,6,1,3,7,morning,building_noise,53.9
43.219316,76.928224,2025-12-22T12:37:55+05:00,Monday,0,0,12,12,daytime,transport,69.71
43.235742,76.982604,2026-05-05T09:45:21+05:00,Tuesday,1,0,5,9,morning,others,46.65
43.252496,76.945553,2026-01-29T19:58:32+05:00,Thursday,3,0,1,19,evening,building_noise,71.23
43.264701,76.926745,2025-12-13T13:21:03+05:00,Saturday,5,1,12,13,daytime,human,61.39
43.336946,76.947839,2026-01-04T09:37:21+05:00,Sunday,6,1,1,9,morning,animals,54.68
43.355741,77.046446,2026-04-27T11:05:48+05:00,Monday,0,0,4,11,daytime,transport,69.92
43.262141,76.95427,2026-02-14T07:36:57+05:00,Saturday,5,1,2,7,morning,others,52.46
43.259435,76.972735,2026-02-14T17:34:58+05:00,Saturday,5,1,2,17,evening,human,64.57
43.239581,76.929369,2026-02-25T21:46:19+05:00,Wednesday,2,0,2,21,late_evening,alert,70.62
43.243069,76.92182,2026-03-08T15:47:38+05:00,Sunday,6,1,3,15,daytime,transport,65.65
43.264778,76.924928,2026-04-08T07:07:04+05:00,Wednesday,2,0,4,7,morning,human,62.97
43.258733,76.971481,2026-02-15T23:23:20+05:00,Sunday,6,1,2,23,late_evening,others,41.6
43.259182,76.972105,2025-11-16T21:01:55+05:00,Sunday,6,1,11,21,late_evening,animals,40.33
43.238036,76.929948,2025-12-06T21:51:26+05:00,Saturday,5,1,12,21,late_evening,alert,67.1
43.257793,76.973368,2026-04-28T09:13:17+05:00,Tuesday,1,0,4,9,morning,animals,42.12
43.234027,76.977903,2026-01-05T20:01:44+05:00,Monday,0,0,1,20,evening,others,43.15
43.238613,76.926663,2026-04-02T17:04:49+05:00,Thursday,3,0,4,17,evening,alert,72.07
43.221972,76.927364,2026-04-08T15:20:54+05:00,Wednesday,2,0,4,15,daytime,others,66.75
43.337835,76.945594,2026-01-03T21:09:48+05:00,Saturday,5,1,1,21,late_evening,human,68.37
43.262191,76.953413,2025-12-24T22:45:25+05:00,Wednesday,2,0,12,22,late_evening,others,49.24
43.217224,76.926757,2026-04-17T00:44:43+05:00,Friday,4,0,4,0,night,transport,58.06
43.259249,76.943966,2026-04-07T20:20:12+05:00,Tuesday,1,0,4,20,evening,human,68.69
43.220621,76.92853,2026-04-03T17:32:22+05:00,Friday,4,0,4,17,evening,alert,88.45
43.257343,76.968094,2026-02-02T20:09:53+05:00,Monday,0,0,2,20,evening,others,48.14
43.219706,76.905966,2026-04-30T07:58:18+05:00,Thursday,3,0,4,7,morning,others,49.19
43.339447,76.947828,2026-04-08T18:00:29+05:00,Wednesday,2,0,4,18,evening,transport,75.14
43.248545,76.860116,2025-12-16T18:30:00+05:00,Tuesday,1,0,12,18,evening,transport,80.65
43.261989,76.819641,2025-11-23T08:26:37+05:00,Sunday,6,1,11,8,morning,human,61.12
43.27926,76.892002,2026-05-04T15:10:02+05:00,Monday,0,0,5,15,daytime,building_noise,74.35
43.220293,76.900349,2026-04-21T20:31:00+05:00,Tuesday,1,0,4,20,evening,building_noise,47.83
43.239037,76.932337,2026-02-02T20:36:38+05:00,Monday,0,0,2,20,evening,alert,69.56
43.26314,76.95571,2026-01-01T07:52:19+05:00,Thursday,3,0,1,7,morning,building_noise,56.75
43.234436,76.922995,2025-11-03T09:30:53+05:00,Monday,0,0,11,9,morning,transport,83.06
43.239628,76.931735,2025-11-02T16:11:19+05:00,Sunday,6,1,11,16,daytime,transport,63.11
43.25587,76.94625,2026-01-02T05:02:07+05:00,Friday,4,0,1,5,night,human,48.63
43.217172,76.92614,2025-12-12T18:53:24+05:00,Friday,4,0,12,18,evening,transport,79.17
43.246855,76.943234,2026-03-04T20:47:36+05:00,Wednesday,2,0,3,20,evening,human,62.58
43.261081,76.95466,2025-12-19T16:16:52+05:00,Friday,4,0,12,16,daytime,human,64.84
43.237628,76.919439,2026-03-22T11:13:35+05:00,Sunday,6,1,3,11,daytime,others,52.96
43.238544,76.93164,2025-11-22T15:07:05+05:00,Saturday,5,1,11,15,daytime,others,54.82
43.260459,76.974787,2026-04-16T13:48:25+05:00,Thursday,3,0,4,13,daytime,human,55.19
43.261178,76.972551,2026-02-10T22:25:59+05:00,Tuesday,1,0,2,22,late_evening,others,50.32
43.262559,76.953593,2025-11-13T20:29:07+05:00,Thursday,3,0,11,20,evening,others,49.3
43.23978,76.930662,2026-05-02T18:30:34+05:00,Saturday,5,1,5,18,evening,alert,73.21
43.25905,76.945235,2026-01-19T20:04:47+05:00,Monday,0,0,1,20,evening,human,68.73
43.259141,76.966289,2026-04-21T10:12:58+05:00,Tuesday,1,0,4,10,morning,animals,43.84
43.267876,76.926783,2026-02-28T18:13:50+05:00,Saturday,5,1,2,18,evening,human,73.18
43.239644,76.926741,2026-05-04T18:24:22+05:00,Monday,0,0,5,18,evening,alert,75.18
43.238702,76.930419,2025-12-17T20:13:24+05:00,Wednesday,2,0,12,20,evening,alert,67.97
43.236289,76.976101,2026-01-26T07:46:05+05:00,Monday,0,0,1,7,morning,others,45.94
43.213976,76.929875,2026-05-04T21:55:50+05:00,Monday,0,0,5,21,late_evening,transport,74.91
43.262235,76.972371,2025-12-14T10:40:09+05:00,Sunday,6,1,12,10,morning,human,56.69
43.263462,76.952707,2026-02-21T15:24:34+05:00,Saturday,5,1,2,15,daytime,human,66.16
43.284727,76.897346,2026-02-19T09:24:30+05:00,Thursday,3,0,2,9,morning,building_noise,76.97
43.252276,76.941272,2026-05-06T22:30:11+05:00,Wednesday,2,0,5,22,late_evening,human,67.07
43.239478,76.929953,2026-01-16T12:54:46+05:00,Friday,4,0,1,12,daytime,transport,59.75
43.260808,76.969513,2026-02-16T20:31:47+05:00,Monday,0,0,2,20,evening,animals,35.66
43.26559,76.971181,2025-11-06T10:33:27+05:00,Thursday,3,0,11,10,morning,human,52.18
43.214993,76.930953,2026-02-06T15:43:36+05:00,Friday,4,0,2,15,daytime,human,70.9
43.280191,76.897573,2025-11-10T15:00:50+05:00,Monday,0,0,11,15,daytime,building_noise,77.68
43.338179,76.946647,2026-05-04T18:51:00+05:00,Monday,0,0,5,18,evening,transport,75.78
43.238584,76.922508,2026-01-27T19:48:35+05:00,Tuesday,1,0,1,19,evening,transport,78.58
43.250854,76.939561,2026-04-30T19:10:58+05:00,Thursday,3,0,4,19,evening,human,67.88
43.234376,76.955164,2026-03-10T17:06:28+05:00,Tuesday,1,0,3,17,evening,transport,78.8
43.261201,76.976155,2026-01-26T07:44:18+05:00,Monday,0,0,1,7,morning,animals,43.71
43.265059,76.823878,2026-01-10T18:19:58+05:00,Saturday,5,1,1,18,evening,human,66.44
43.34251,76.952433,2025-12-31T21:14:02+05:00,Wednesday,2,0,12,21,late_evening,transport,65.37
43.221556,76.930204,2025-11-30T19:26:44+05:00,Sunday,6,1,11,19,evening,transport,67.83
43.239982,76.929752,2026-04-14T09:17:25+05:00,Tuesday,1,0,4,9,morning,alert,71.18
43.246214,76.857332,2025-12-13T15:08:47+05:00,Saturday,5,1,12,15,daytime,transport,66.08
43.280128,76.89411,2026-03-19T17:13:08+05:00,Thursday,3,0,3,17,evening,building_noise,79.01
43.236952,76.957297,2026-01-23T19:45:29+05:00,Friday,4,0,1,19,evening,transport,73.82
43.258593,76.974329,2025-12-28T07:36:22+05:00,Sunday,6,1,12,7,morning,animals,37.3
43.276972,76.891577,2025-12-16T10:04:33+05:00,Tuesday,1,0,12,10,morning,building_noise,75.81
43.264683,76.956697,2026-03-11T15:29:59+05:00,Wednesday,2,0,3,15,daytime,human,64.56
43.236164,76.917305,2026-05-01T08:56:40+05:00,Friday,4,0,5,8,morning,transport,68.05
43.246026,76.863532,2025-12-15T18:09:21+05:00,Monday,0,0,12,18,evening,alert,85.16
43.249198,76.863496,2025-11-08T13:36:00+05:00,Saturday,5,1,11,13,daytime,transport,70.24
43.278118,76.892698,2025-12-15T10:54:36+05:00,Monday,0,0,12,10,morning,building_noise,80.28
43.255292,76.975859,2025-12-27T08:43:42+05:00,Saturday,5,1,12,8,morning,animals,38.44
43.238979,76.930589,2026-03-05T17:27:25+05:00,Thursday,3,0,3,17,evening,alert,75.03
43.238481,76.921214,2025-12-24T17:36:50+05:00,Wednesday,2,0,12,17,evening,transport,80.72
43.240062,76.928415,2026-02-12T07:10:28+05:00,Thursday,3,0,2,7,morning,transport,63.14
43.259192,76.969701,2026-04-19T13:45:11+05:00,Sunday,6,1,4,13,daytime,human,56.17
43.240279,76.929766,2026-04-14T09:12:25+05:00,Tuesday,1,0,4,9,morning,alert,70.96
43.260501,76.975871,2026-01-28T09:51:24+05:00,Wednesday,2,0,1,9,morning,animals,42.12
43.279284,76.89382,2026-04-14T12:11:54+05:00,Tuesday,1,0,4,12,daytime,building_noise,71.36
43.261649,76.968125,2026-01-24T21:11:35+05:00,Saturday,5,1,1,21,late_evening,others,46.91
43.262219,76.953355,2025-12-11T06:09:07+05:00,Thursday,3,0,12,6,morning,others,45.73
43.23741,76.954137,2026-01-09T08:30:48+05:00,Friday,4,0,1,8,morning,transport,71.03
43.264765,76.821019,2025-11-25T22:42:32+05:00,Tuesday,1,0,11,22,late_evening,human,59.86
43.237988,76.930203,2026-01-30T11:39:22+05:00,Friday,4,0,1,11,daytime,alert,70.4
43.287435,76.900795,2026-02-17T08:18:02+05:00,Tuesday,1,0,2,8,morning,building_noise,75.78
43.25672,76.94288,2026-02-15T13:59:03+05:00,Sunday,6,1,2,13,daytime,others,53.93
43.282414,76.892439,2026-01-08T08:08:11+05:00,Thursday,3,0,1,8,morning,building_noise,76.36
43.263076,76.953676,2026-04-09T04:52:47+05:00,Thursday,3,0,4,4,night,others,35.55
43.220006,76.926013,2026-02-05T17:41:05+05:00,Thursday,3,0,2,17,evening,transport,79.7
43.263519,76.955435,2025-12-04T18:57:11+05:00,Thursday,3,0,12,18,evening,human,71.65
43.256879,76.946044,2026-01-18T12:41:45+05:00,Sunday,6,1,1,12,daytime,human,67.02
43.215288,76.932279,2025-11-23T22:40:37+05:00,Sunday,6,1,11,22,late_evening,transport,64.24
43.260865,76.966164,2025-11-13T07:48:34+05:00,Thursday,3,0,11,7,morning,others,54.78
43.220873,76.900211,2026-02-18T03:45:14+05:00,Wednesday,2,0,2,3,night,others,35.0
43.280711,76.888675,2025-12-15T11:10:15+05:00,Monday,0,0,12,11,daytime,building_noise,69.0
43.238061,76.920152,2026-05-08T16:48:35+05:00,Friday,4,0,5,16,daytime,transport,74.25
43.360945,77.044229,2025-12-06T18:37:30+05:00,Saturday,5,1,12,18,evening,others,67.34
43.257391,76.944716,2026-05-07T11:51:37+05:00,Thursday,3,0,5,11,daytime,others,57.24
43.251198,76.944079,2026-01-06T16:51:27+05:00,Tuesday,1,0,1,16,daytime,others,59.37
43.240898,76.930547,2026-02-18T17:20:47+05:00,Wednesday,2,0,2,17,evening,alert,71.77
43.283922,76.890539,2025-12-26T17:25:10+05:00,Friday,4,0,12,17,evening,building_noise,74.19
43.221361,76.900903,2025-12-13T22:13:24+05:00,Saturday,5,1,12,22,late_evening,animals,37.56
43.239148,76.92784,2026-03-10T08:14:47+05:00,Tuesday,1,0,3,8,morning,alert,74.4
43.254589,76.949447,2026-03-07T10:49:50+05:00,Saturday,5,1,3,10,morning,human,60.93
43.266815,76.822938,2025-12-15T19:16:26+05:00,Monday,0,0,12,19,evening,human,59.51
43.237171,76.956321,2026-03-10T13:17:23+05:00,Tuesday,1,0,3,13,daytime,human,61.46
43.236195,76.954846,2025-12-09T19:31:59+05:00,Tuesday,1,0,12,19,evening,transport,75.01
43.253622,76.941143,2026-05-08T21:04:01+05:00,Friday,4,0,5,21,late_evening,human,75.6
43.23317,76.975666,2026-01-04T09:40:13+05:00,Sunday,6,1,1,9,morning,others,43.7
43.350724,77.048831,2026-04-14T18:42:32+05:00,Tuesday,1,0,4,18,evening,transport,76.77
43.214521,76.927485,2026-05-02T17:13:08+05:00,Saturday,5,1,5,17,evening,transport,75.94
43.234804,76.975406,2026-02-01T12:44:33+05:00,Sunday,6,1,2,12,daytime,human,52.97
43.255293,76.942272,2026-02-21T17:15:29+05:00,Saturday,5,1,2,17,evening,others,63.82
43.264055,76.930352,2025-12-17T23:02:49+05:00,Wednesday,2,0,12,23,late_evening,human,61.74
43.248518,76.942389,2025-12-12T09:07:22+05:00,Friday,4,0,12,9,morning,human,63.02
43.240929,76.919902,2026-03-18T12:13:20+05:00,Wednesday,2,0,3,12,daytime,transport,67.44
43.265694,76.821082,2026-04-05T18:40:44+05:00,Sunday,6,1,4,18,evening,human,70.79
43.239404,76.929282,2025-11-01T11:33:57+05:00,Saturday,5,1,11,11,daytime,alert,67.84
43.24943,76.937261,2025-11-14T21:51:40+05:00,Friday,4,0,11,21,late_evening,human,75.44
43.251558,76.944988,2025-11-25T18:51:23+05:00,Tuesday,1,0,11,18,evening,human,61.3
43.239105,76.9568,2026-04-03T12:01:44+05:00,Friday,4,0,4,12,daytime,alert,68.35
43.264098,76.925404,2026-03-12T21:11:58+05:00,Thursday,3,0,3,21,late_evening,human,63.67
43.25921,76.945956,2025-11-20T13:00:16+05:00,Thursday,3,0,11,13,daytime,human,67.08
43.252473,76.944929,2026-01-22T19:43:07+05:00,Thursday,3,0,1,19,evening,human,69.4
43.221648,76.928285,2026-02-27T08:07:36+05:00,Friday,4,0,2,8,morning,transport,80.65
43.247069,76.943523,2026-02-10T09:39:51+05:00,Tuesday,1,0,2,9,morning,others,69.26
43.261583,76.96909,2025-11-03T18:28:41+05:00,Monday,0,0,11,18,evening,animals,49.49
43.258076,76.971691,2025-12-22T09:18:03+05:00,Monday,0,0,12,9,morning,others,47.99
43.236148,76.953861,2026-03-13T09:21:18+05:00,Friday,4,0,3,9,morning,transport,70.13
43.249104,76.938693,2025-11-23T13:30:35+05:00,Sunday,6,1,11,13,daytime,transport,66.1
43.222469,76.899153,2025-11-11T01:14:51+05:00,Tuesday,1,0,11,1,night,others,35.0
43.219747,76.898951,2026-05-04T07:10:08+05:00,Monday,0,0,5,7,morning,others,49.41
43.264991,76.927698,2026-04-06T10:28:30+05:00,Monday,0,0,4,10,morning,human,63.03
43.261357,76.954068,2026-02-14T07:32:11+05:00,Saturday,5,1,2,7,morning,others,50.56
43.225424,76.901319,2026-02-13T00:51:05+05:00,Friday,4,0,2,0,night,others,36.52
43.248057,76.939676,2026-01-03T13:35:00+05:00,Saturday,5,1,1,13,daytime,alert,77.15
43.221125,76.90246,2025-11-22T07:45:32+05:00,Saturday,5,1,11,7,morning,others,48.7
43.253923,76.941503,2026-05-03T18:49:04+05:00,Sunday,6,1,5,18,evening,alert,74.42
43.23792,76.918532,2025-12-10T18:20:36+05:00,Wednesday,2,0,12,18,evening,transport,71.3
43.35183,77.035165,2026-02-04T17:44:16+05:00,Wednesday,2,0,2,17,evening,transport,81.16
43.262104,76.954811,2026-01-16T12:24:51+05:00,Friday,4,0,1,12,daytime,human,63.78
43.258705,76.945423,2026-04-17T22:17:36+05:00,Friday,4,0,4,22,late_evening,human,71.29
43.239589,76.927927,2026-03-01T06:06:24+05:00,Sunday,6,1,3,6,morning,transport,58.25
43.219947,76.929381,2026-02-04T08:16:23+05:00,Wednesday,2,0,2,8,morning,transport,79.27
43.235363,76.919859,2026-01-14T12:01:00+05:00,Wednesday,2,0,1,12,daytime,others,62.52
43.258211,76.965234,2026-01-21T09:09:26+05:00,Wednesday,2,0,1,9,morning,animals,40.98
43.222588,76.901688,2025-12-30T04:02:24+05:00,Tuesday,1,0,12,4,night,others,35.0
43.261138,76.969482,2025-11-03T18:14:41+05:00,Monday,0,0,11,18,evening,animals,49.49
43.21801,76.930213,2025-12-28T17:43:19+05:00,Sunday,6,1,12,17,evening,transport,73.25
43.245611,76.861797,2026-03-30T16:17:42+05:00,Monday,0,0,3,16,daytime,transport,64.78
43.249687,76.941463,2026-01-16T15:03:01+05:00,Friday,4,0,1,15,daytime,human,66.63
43.237357,76.922435,2026-02-25T13:59:47+05:00,Wednesday,2,0,2,13,daytime,building_noise,65.78
43.347037,77.039745,2025-11-19T17:57:36+05:00,Wednesday,2,0,11,17,evening,transport,83.02
43.253293,76.944166,2026-04-30T09:38:55+05:00,Thursday,3,0,4,9,morning,transport,62.81
43.284727,76.895802,2026-03-09T09:31:35+05:00,Monday,0,0,3,9,morning,building_noise,71.97
43.237832,76.928976,2026-01-27T17:45:03+05:00,Tuesday,1,0,1,17,evening,alert,74.15
43.26302,76.820642,2025-11-07T01:35:22+05:00,Friday,4,0,11,1,night,human,38.06
43.348762,77.038579,2026-03-06T19:33:20+05:00,Friday,4,0,3,19,evening,transport,83.88
43.250883,76.945169,2025-11-29T15:52:10+05:00,Saturday,5,1,11,15,daytime,human,66.38
43.238211,76.929942,2026-04-09T19:33:46+05:00,Thursday,3,0,4,19,evening,alert,72.59
43.246376,76.940447,2026-05-10T12:16:56+05:00,Sunday,6,1,5,12,daytime,human,63.2
43.254439,76.942585,2026-02-25T18:25:10+05:00,Wednesday,2,0,2,18,evening,human,65.51
43.218961,76.926478,2026-02-27T18:04:30+05:00,Friday,4,0,2,18,evening,transport,81.0
43.253439,76.944901,2025-11-18T14:17:52+05:00,Tuesday,1,0,11,14,daytime,human,57.73
43.238814,76.929826,2025-12-16T17:27:43+05:00,Tuesday,1,0,12,17,evening,alert,73.01
43.27806,76.895319,2026-02-08T11:17:46+05:00,Sunday,6,1,2,11,daytime,others,54.97
43.234133,76.957323,2026-01-17T09:05:48+05:00,Saturday,5,1,1,9,morning,human,67.58
43.254635,76.943757,2026-01-02T17:46:40+05:00,Friday,4,0,1,17,evening,others,63.89
43.237702,76.922316,2025-11-15T17:11:48+05:00,Saturday,5,1,11,17,evening,transport,71.77
43.284767,76.896417,2026-02-14T16:38:17+05:00,Saturday,5,1,2,16,daytime,building_noise,73.39
43.222238,76.903519,2026-01-26T19:15:56+05:00,Monday,0,0,1,19,evening,human,59.92
43.259991,76.946201,2026-03-14T13:10:55+05:00,Saturday,5,1,3,13,daytime,human,58.69
43.22323,76.901883,2026-01-21T16:21:16+05:00,Wednesday,2,0,1,16,daytime,transport,58.74
43.2391,76.922608,2026-04-24T18:49:50+05:00,Friday,4,0,4,18,evening,transport,76.95
43.253074,76.945818,2026-04-23T21:12:46+05:00,Thursday,3,0,4,21,late_evening,human,65.45
43.238621,76.917122,2026-01-27T19:51:54+05:00,Tuesday,1,0,1,19,evening,transport,72.61
43.262069,76.952563,2026-03-16T23:45:32+05:00,Monday,0,0,3,23,late_evening,others,46.61
43.248136,76.859045,2025-12-06T18:01:42+05:00,Saturday,5,1,12,18,evening,transport,71.85
43.26319,76.820865,2026-04-30T12:17:51+05:00,Thursday,3,0,4,12,daytime,human,58.82
43.258726,76.974297,2026-02-02T08:41:48+05:00,Monday,0,0,2,8,morning,animals,41.29
43.25764,76.974398,2026-03-12T11:13:31+05:00,Thursday,3,0,3,11,daytime,human,51.31
43.223,76.899383,2026-04-16T14:27:06+05:00,Thursday,3,0,4,14,daytime,others,52.68
43.342774,76.949446,2026-04-15T07:41:17+05:00,Wednesday,2,0,4,7,morning,transport,80.72
43.256977,76.941926,2026-02-04T16:38:07+05:00,Wednesday,2,0,2,16,daytime,human,67.1
43.233489,76.978634,2025-12-21T12:31:28+05:00,Sunday,6,1,12,12,daytime,animals,46.08
43.264683,76.952353,2026-04-09T18:04:38+05:00,Thursday,3,0,4,18,evening,human,70.51
43.234356,76.975206,2025-11-28T21:19:23+05:00,Friday,4,0,11,21,late_evening,others,41.61
43.255263,76.944614,2026-03-04T18:10:38+05:00,Wednesday,2,0,3,18,evening,human,69.3
43.233069,76.977118,2026-04-01T23:11:40+05:00,Wednesday,2,0,4,23,late_evening,others,43.46
43.28381,76.89745,2026-02-14T18:36:11+05:00,Saturday,5,1,2,18,evening,others,73.91
43.257492,76.973001,2025-11-05T17:36:00+05:00,Wednesday,2,0,11,17,evening,human,59.3
43.23812,76.919155,2026-03-12T18:52:15+05:00,Thursday,3,0,3,18,evening,transport,66.51
43.260737,76.944545,2025-11-28T23:12:10+05:00,Friday,4,0,11,23,late_evening,human,64.75
43.234078,76.975778,2026-03-10T00:12:33+05:00,Tuesday,1,0,3,0,night,others,35.0
43.348298,77.040316,2025-11-16T11:12:52+05:00,Sunday,6,1,11,11,daytime,transport,69.2
43.252228,76.94464,2026-03-02T13:13:28+05:00,Monday,0,0,3,13,daytime,building_noise,61.65
43.250482,76.944521,2025-11-28T23:58:13+05:00,Friday,4,0,11,23,late_evening,human,75.58
43.239197,76.92139,2025-11-17T18:31:05+05:00,Monday,0,0,11,18,evening,transport,79.41
43.251779,76.941156,2025-12-03T08:43:58+05:00,Wednesday,2,0,12,8,morning,human,64.91
43.237008,76.924062,2026-05-06T14:16:21+05:00,Wednesday,2,0,5,14,daytime,human,69.74
43.26007,76.972315,2025-11-21T07:19:39+05:00,Friday,4,0,11,7,morning,animals,41.6
43.235136,76.920809,2026-01-27T18:42:59+05:00,Tuesday,1,0,1,18,evening,transport,79.52
43.245802,76.856433,2025-11-25T09:39:42+05:00,Tuesday,1,0,11,9,morning,transport,80.24
43.22239,76.899921,2025-11-10T16:01:40+05:00,Monday,0,0,11,16,daytime,human,54.66
43.255029,76.945635,2026-02-26T01:35:04+05:00,Thursday,3,0,2,1,night,human,56.9
43.262212,76.925525,2025-12-14T14:41:07+05:00,Sunday,6,1,12,14,daytime,others,62.76
43.254341,76.944847,2026-02-26T18:53:30+05:00,Thursday,3,0,2,18,evening,transport,66.87
43.281118,76.898436,2025-12-24T08:35:52+05:00,Wednesday,2,0,12,8,morning,building_noise,73.49
43.236477,76.922917,2025-12-05T11:00:33+05:00,Friday,4,0,12,11,daytime,transport,75.14
43.220987,76.902654,2025-11-22T07:36:32+05:00,Saturday,5,1,11,7,morning,others,48.51
43.255271,76.943044,2026-04-14T19:33:14+05:00,Tuesday,1,0,4,19,evening,human,66.16
43.266331,76.820527,2026-04-28T16:15:43+05:00,Tuesday,1,0,4,16,daytime,human,55.6
43.25039,76.943037,2026-03-17T16:14:48+05:00,Tuesday,1,0,3,16,daytime,human,65.76
43.26557,76.929197,2025-11-14T11:55:41+05:00,Friday,4,0,11,11,daytime,human,62.57
43.248467,76.939944,2026-02-12T19:41:44+05:00,Thursday,3,0,2,19,evening,human,68.71
43.25693,76.947532,2026-01-05T17:41:20+05:00,Monday,0,0,1,17,evening,human,63.23
43.257886,76.964783,2025-11-30T13:34:05+05:00,Sunday,6,1,11,13,daytime,human,56.06
43.253806,76.937519,2026-02-09T18:37:31+05:00,Monday,0,0,2,18,evening,alert,75.59
43.219351,76.925924,2025-12-04T07:48:09+05:00,Thursday,3,0,12,7,morning,transport,77.62
43.289183,76.897979,2026-04-26T06:52:15+05:00,Sunday,6,1,4,6,morning,transport,56.98
43.246964,76.858473,2025-11-14T18:04:47+05:00,Friday,4,0,11,18,evening,transport,77.73
43.258638,76.975046,2026-02-19T10:09:46+05:00,Thursday,3,0,2,10,morning,human,49.49
43.240029,76.925585,2026-04-07T18:28:31+05:00,Tuesday,1,0,4,18,evening,transport,81.62
43.267212,76.926151,2026-01-24T09:54:32+05:00,Saturday,5,1,1,9,morning,others,64.01
43.265196,76.817231,2026-03-03T17:59:01+05:00,Tuesday,1,0,3,17,evening,human,58.61
43.248181,76.941377,2026-03-29T22:01:06+05:00,Sunday,6,1,3,22,late_evening,human,63.39
43.257499,76.946044,2026-04-11T19:15:21+05:00,Saturday,5,1,4,19,evening,human,68.78
43.219392,76.901416,2026-05-02T21:49:49+05:00,Saturday,5,1,5,21,late_evening,others,47.69
43.238528,76.930039,2025-12-16T17:37:43+05:00,Tuesday,1,0,12,17,evening,alert,72.89
43.255169,76.969351,2025-11-11T10:00:20+05:00,Tuesday,1,0,11,10,morning,animals,47.47
43.262678,76.955763,2025-12-10T15:40:23+05:00,Wednesday,2,0,12,15,daytime,human,64.52
43.240075,76.932275,2026-03-05T11:09:27+05:00,Thursday,3,0,3,11,daytime,transport,61.1
43.261507,76.954884,2026-04-08T18:07:51+05:00,Wednesday,2,0,4,18,evening,human,66.38
43.233517,76.957615,2026-02-02T10:29:09+05:00,Monday,0,0,2,10,morning,human,60.27
43.263807,76.964229,2025-12-28T20:21:57+05:00,Sunday,6,1,12,20,evening,others,46.65
43.240128,76.927525,2026-03-15T07:43:50+05:00,Sunday,6,1,3,7,morning,transport,72.64
43.264008,76.931629,2025-11-15T00:44:15+05:00,Saturday,5,1,11,0,night,human,50.14
43.285306,76.900596,2025-12-24T12:47:49+05:00,Wednesday,2,0,12,12,daytime,building_noise,75.23
43.259749,76.965842,2026-04-21T01:18:52+05:00,Tuesday,1,0,4,1,night,others,35.0
43.262662,76.954885,2025-12-26T13:55:24+05:00,Friday,4,0,12,13,daytime,human,65.92
43.263422,76.955945,2026-04-22T21:01:59+05:00,Wednesday,2,0,4,21,late_evening,others,45.38
43.251155,76.938362,2026-02-08T01:54:06+05:00,Sunday,6,1,2,1,night,human,54.75
43.284664,76.900247,2026-01-16T08:25:39+05:00,Friday,4,0,1,8,morning,building_noise,70.71
43.232919,76.977687,2025-11-16T04:57:52+05:00,Sunday,6,1,11,4,night,others,35.0
43.274653,76.896938,2025-11-07T18:31:29+05:00,Friday,4,0,11,18,evening,human,78.42
43.240731,76.930951,2026-02-18T08:19:37+05:00,Wednesday,2,0,2,8,morning,animals,50.77
43.239311,76.923906,2026-04-03T13:09:21+05:00,Friday,4,0,4,13,daytime,transport,72.58
43.221035,76.900419,2026-05-07T16:09:50+05:00,Thursday,3,0,5,16,daytime,animals,46.13
43.342091,76.954492,2026-01-05T17:06:53+05:00,Monday,0,0,1,17,evening,transport,73.6
43.223125,76.899814,2026-03-23T18:49:40+05:00,Monday,0,0,3,18,evening,human,58.67
43.252456,76.943445,2025-11-21T22:02:19+05:00,Friday,4,0,11,22,late_evening,human,74.17
43.236901,76.952458,2026-01-09T09:31:02+05:00,Friday,4,0,1,9,morning,transport,73.53
43.236832,76.929849,2025-11-12T18:43:03+05:00,Wednesday,2,0,11,18,evening,alert,71.41
43.253128,76.944522,2026-04-20T21:26:42+05:00,Monday,0,0,4,21,late_evening,human,64.89
43.236661,76.918878,2025-12-16T07:05:45+05:00,Tuesday,1,0,12,7,morning,transport,82.07
43.224007,76.902838,2026-04-08T20:04:08+05:00,Wednesday,2,0,4,20,evening,others,41.93
43.216703,76.928444,2026-01-15T10:12:01+05:00,Thursday,3,0,1,10,morning,building_noise,79.2
43.238637,76.928628,2026-01-28T09:38:18+05:00,Wednesday,2,0,1,9,morning,alert,73.79
43.34345,76.950693,2026-04-17T11:26:01+05:00,Friday,4,0,4,11,daytime,alert,79.05
43.247383,76.860423,2025-11-01T19:27:33+05:00,Saturday,5,1,11,19,evening,transport,68.22
43.24812,76.861069,2026-04-24T18:40:54+05:00,Friday,4,0,4,18,evening,transport,77.58
43.248277,76.937925,2025-12-05T17:29:06+05:00,Friday,4,0,12,17,evening,human,72.13
43.257895,76.970845,2026-02-19T08:19:47+05:00,Thursday,3,0,2,8,morning,animals,38.69
43.262794,76.973661,2026-04-05T19:27:46+05:00,Sunday,6,1,4,19,evening,animals,51.33
43.265176,76.93157,2026-01-13T08:32:54+05:00,Tuesday,1,0,1,8,morning,human,65.14
43.260162,76.954224,2026-03-24T06:59:31+05:00,Tuesday,1,0,3,6,morning,others,39.8
43.239274,76.928353,2026-01-31T19:09:28+05:00,Saturday,5,1,1,19,evening,alert,73.82
43.263331,76.953515,2026-01-02T07:34:34+05:00,Friday,4,0,1,7,morning,animals,43.53
43.238855,76.929696,2025-12-03T23:00:35+05:00,Wednesday,2,0,12,23,late_evening,alert,71.79
43.2221,76.900248,2026-04-10T15:37:56+05:00,Friday,4,0,4,15,daytime,human,57.74
43.257969,76.947327,2026-01-09T17:13:47+05:00,Friday,4,0,1,17,evening,human,66.65
43.221843,76.929411,2026-01-28T11:11:57+05:00,Wednesday,2,0,1,11,daytime,transport,76.46
43.218287,76.905204,2026-05-07T14:15:14+05:00,Thursday,3,0,5,14,daytime,human,53.09
43.259105,76.962054,2026-02-01T09:16:49+05:00,Sunday,6,1,2,9,morning,building_noise,57.36
43.263407,76.92986,2025-12-14T14:30:47+05:00,Sunday,6,1,12,14,daytime,human,65.09
43.220498,76.929816,2025-11-13T07:43:44+05:00,Thursday,3,0,11,7,morning,transport,81.07
43.233298,76.955588,2025-12-31T07:45:43+05:00,Wednesday,2,0,12,7,morning,transport,78.05
43.232478,76.974304,2026-02-16T08:58:49+05:00,Monday,0,0,2,8,morning,others,43.75
43.258404,76.973065,2025-11-22T16:41:29+05:00,Saturday,5,1,11,16,daytime,human,52.09
43.267572,76.926977,2026-01-03T08:15:21+05:00,Saturday,5,1,1,8,morning,others,64.96
43.23629,76.955202,2026-04-09T07:40:22+05:00,Thursday,3,0,4,7,morning,transport,67.92
43.235785,76.953529,2026-01-28T20:04:51+05:00,Wednesday,2,0,1,20,evening,human,70.14
43.238624,76.924524,2026-01-27T20:48:34+05:00,Tuesday,1,0,1,20,evening,transport,73.85
43.238205,76.91541,2026-03-24T07:26:17+05:00,Tuesday,1,0,3,7,morning,transport,66.22
43.233709,76.925571,2026-04-15T01:55:39+05:00,Wednesday,2,0,4,1,night,transport,54.86
43.263699,76.821378,2026-04-30T22:39:59+05:00,Thursday,3,0,4,22,late_evening,alert,68.43
43.263497,76.956437,2025-12-10T08:34:12+05:00,Wednesday,2,0,12,8,morning,others,46.49
43.251541,76.860365,2025-11-01T17:31:45+05:00,Saturday,5,1,11,17,evening,transport,77.84
43.220973,76.902094,2026-04-14T09:01:27+05:00,Tuesday,1,0,4,9,morning,human,50.26
43.357114,77.040919,2026-04-27T15:04:05+05:00,Monday,0,0,4,15,daytime,transport,72.81
43.2576,76.968008,2026-01-14T16:39:00+05:00,Wednesday,2,0,1,16,daytime,animals,47.41
43.356366,77.041283,2026-01-23T11:52:00+05:00,Friday,4,0,1,11,daytime,others,66.14
43.260662,76.975181,2025-11-29T20:25:34+05:00,Saturday,5,1,11,20,evening,animals,35.0
43.2568,76.972571,2026-01-01T11:26:43+05:00,Thursday,3,0,1,11,daytime,human,58.48
43.239955,76.915509,2025-12-15T20:15:34+05:00,Monday,0,0,12,20,evening,transport,58.39
43.262013,76.925707,2025-12-20T19:30:59+05:00,Saturday,5,1,12,19,evening,human,66.99
43.238327,76.919605,2026-03-01T08:44:33+05:00,Sunday,6,1,3,8,morning,transport,64.7
43.253037,76.944724,2026-02-01T18:56:19+05:00,Sunday,6,1,2,18,evening,human,68.1
43.280659,76.894008,2026-02-03T15:59:22+05:00,Tuesday,1,0,2,15,daytime,building_noise,73.02
43.238171,76.923443,2026-05-01T09:49:18+05:00,Friday,4,0,5,9,morning,transport,79.16
43.260173,76.946763,2026-01-15T19:06:25+05:00,Thursday,3,0,1,19,evening,human,63.93
43.353733,77.039391,2025-12-18T09:53:08+05:00,Thursday,3,0,12,9,morning,transport,83.95
43.264364,76.823637,2026-02-06T14:34:09+05:00,Friday,4,0,2,14,daytime,others,52.25
43.250465,76.862564,2025-12-28T18:07:32+05:00,Sunday,6,1,12,18,evening,transport,72.44
43.266788,76.927994,2025-11-29T10:02:15+05:00,Saturday,5,1,11,10,morning,human,61.16
43.250554,76.943382,2026-04-20T09:25:32+05:00,Monday,0,0,4,9,morning,human,64.36
43.217709,76.926344,2026-02-03T08:18:58+05:00,Tuesday,1,0,2,8,morning,transport,79.54
43.215752,76.928761,2026-01-31T07:24:13+05:00,Saturday,5,1,1,7,morning,transport,73.36
43.217608,76.930326,2026-04-07T11:06:32+05:00,Tuesday,1,0,4,11,daytime,transport,70.54
43.238529,76.925104,2025-12-18T17:21:38+05:00,Thursday,3,0,12,17,evening,transport,80.26
43.249029,76.943134,2026-04-25T22:00:15+05:00,Saturday,5,1,4,22,late_evening,human,76.1
43.25821,76.973056,2025-12-21T20:34:40+05:00,Sunday,6,1,12,20,evening,animals,39.7
43.250329,76.945508,2026-04-22T20:19:57+05:00,Wednesday,2,0,4,20,evening,human,65.82
43.263324,76.925856,2026-01-21T07:54:06+05:00,Wednesday,2,0,1,7,morning,human,67.83
43.242566,76.919913,2025-11-02T21:21:29+05:00,Sunday,6,1,11,21,late_evening,transport,73.01
43.262638,76.954373,2026-03-07T14:33:44+05:00,Saturday,5,1,3,14,daytime,human,67.05
43.219441,76.903073,2025-11-26T18:13:48+05:00,Wednesday,2,0,11,18,evening,others,49.4
43.258227,76.972322,2026-04-29T07:28:20+05:00,Wednesday,2,0,4,7,morning,animals,42.65
43.218144,76.927557,2026-02-19T09:43:07+05:00,Thursday,3,0,2,9,morning,transport,83.57
43.235543,76.954414,2026-04-28T08:56:41+05:00,Tuesday,1,0,4,8,morning,building_noise,78.44
43.217307,76.928879,2026-01-15T10:09:01+05:00,Thursday,3,0,1,10,morning,building_noise,76.4
43.239559,76.925997,2026-02-07T19:58:14+05:00,Saturday,5,1,2,19,evening,alert,77.89
43.251126,76.94151,2026-01-09T17:05:20+05:00,Friday,4,0,1,17,evening,human,66.78
43.220514,76.930481,2026-02-20T09:01:46+05:00,Friday,4,0,2,9,morning,transport,79.75
43.247051,76.860011,2025-11-30T22:29:00+05:00,Sunday,6,1,11,22,late_evening,transport,68.34
43.354801,77.040738,2025-12-30T23:49:42+05:00,Tuesday,1,0,12,23,late_evening,transport,65.32
43.252827,76.947488,2026-05-02T10:33:10+05:00,Saturday,5,1,5,10,morning,alert,71.28
43.235699,76.959193,2025-11-09T00:40:35+05:00,Sunday,6,1,11,0,night,human,52.64
43.236304,76.916722,2025-12-19T16:04:02+05:00,Friday,4,0,12,16,daytime,transport,56.38
43.279821,76.89083,2026-04-08T17:03:08+05:00,Wednesday,2,0,4,17,evening,building_noise,75.33
43.258045,76.9462,2025-11-14T21:00:58+05:00,Friday,4,0,11,21,late_evening,human,73.93
43.224586,76.901754,2026-05-05T08:33:22+05:00,Tuesday,1,0,5,8,morning,others,51.43
43.219804,76.92758,2026-04-15T08:26:40+05:00,Wednesday,2,0,4,8,morning,transport,79.4
43.277856,76.895348,2026-01-29T11:22:42+05:00,Thursday,3,0,1,11,daytime,building_noise,73.34
43.259563,76.972902,2026-01-15T14:27:21+05:00,Thursday,3,0,1,14,daytime,human,50.68
43.279813,76.89294,2026-01-09T09:04:54+05:00,Friday,4,0,1,9,morning,building_noise,75.97
43.231351,76.976189,2026-04-02T18:35:18+05:00,Thursday,3,0,4,18,evening,human,58.82
43.256997,76.942717,2025-12-08T19:51:38+05:00,Monday,0,0,12,19,evening,building_noise,67.22
43.254381,76.944916,2025-12-18T11:48:16+05:00,Thursday,3,0,12,11,daytime,human,64.86
43.240162,76.932159,2025-12-21T21:37:12+05:00,Sunday,6,1,12,21,late_evening,alert,61.76
43.267224,76.928405,2026-01-14T22:54:36+05:00,Wednesday,2,0,1,22,late_evening,others,52.37
43.234009,76.954036,2025-12-13T18:55:08+05:00,Saturday,5,1,12,18,evening,human,65.89
43.21664,76.928991,2026-04-24T15:55:51+05:00,Friday,4,0,4,15,daytime,transport,70.34
43.25153,76.943425,2026-03-11T20:25:34+05:00,Wednesday,2,0,3,20,evening,human,70.98
43.246961,76.94277,2025-12-13T20:30:37+05:00,Saturday,5,1,12,20,evening,human,71.04
43.246816,76.861488,2026-04-30T07:27:29+05:00,Thursday,3,0,4,7,morning,human,70.87
43.240049,76.923016,2025-12-13T21:29:52+05:00,Saturday,5,1,12,21,late_evening,transport,69.36
43.346739,77.031829,2026-02-09T16:17:10+05:00,Monday,0,0,2,16,daytime,transport,66.76
43.258337,76.945774,2026-05-10T07:23:18+05:00,Sunday,6,1,5,7,morning,human,63.5
43.248547,76.863394,2026-02-11T13:51:21+05:00,Wednesday,2,0,2,13,daytime,transport,67.26
43.237685,76.933098,2026-04-29T09:00:52+05:00,Wednesday,2,0,4,9,morning,alert,72.17
43.261196,76.968644,2026-02-24T16:13:40+05:00,Tuesday,1,0,2,16,daytime,human,54.59
43.256848,76.946708,2026-02-27T17:39:59+05:00,Friday,4,0,2,17,evening,human,59.54
43.345463,76.948964,2025-12-03T07:57:20+05:00,Wednesday,2,0,12,7,morning,transport,77.3
43.253606,76.945888,2025-11-15T21:45:02+05:00,Saturday,5,1,11,21,late_evening,human,67.46
43.260957,76.948822,2026-03-02T09:18:28+05:00,Monday,0,0,3,9,morning,human,63.75
43.234785,76.95287,2026-04-01T18:08:57+05:00,Wednesday,2,0,4,18,evening,transport,74.35
43.234244,76.917668,2026-04-05T15:21:51+05:00,Sunday,6,1,4,15,daytime,transport,58.02
43.238984,76.932287,2026-02-10T23:01:26+05:00,Tuesday,1,0,2,23,late_evening,alert,77.9
43.261409,76.954412,2026-02-16T12:04:11+05:00,Monday,0,0,2,12,daytime,human,52.25
43.238979,76.931066,2025-12-05T22:23:41+05:00,Friday,4,0,12,22,late_evening,alert,69.81
43.238319,76.916533,2026-02-22T07:23:33+05:00,Sunday,6,1,2,7,morning,transport,62.75
43.251791,76.945343,2026-04-27T07:20:25+05:00,Monday,0,0,4,7,morning,human,62.15
43.258251,76.966257,2026-01-21T11:01:20+05:00,Wednesday,2,0,1,11,daytime,human,57.75
43.263007,76.955367,2026-04-20T17:49:46+05:00,Monday,0,0,4,17,evening,alert,66.27
43.236489,76.917481,2026-04-23T09:28:37+05:00,Thursday,3,0,4,9,morning,transport,63.45
43.258026,76.945385,2025-11-19T05:50:37+05:00,Wednesday,2,0,11,5,night,human,48.2
43.244743,76.858805,2025-11-24T19:25:51+05:00,Monday,0,0,11,19,evening,transport,77.09
43.237956,76.953344,2026-04-07T09:17:15+05:00,Tuesday,1,0,4,9,morning,transport,79.1
43.246869,76.939712,2025-12-01T09:56:04+05:00,Monday,0,0,12,9,morning,human,66.95
43.259624,76.926414,2026-05-01T07:04:50+05:00,Friday,4,0,5,7,morning,human,67.87
43.264156,76.955149,2026-04-15T15:30:19+05:00,Wednesday,2,0,4,15,daytime,others,61.41
43.263416,76.925682,2026-03-11T20:55:40+05:00,Wednesday,2,0,3,20,evening,human,57.89
43.340501,76.944741,2026-02-08T11:48:51+05:00,Sunday,6,1,2,11,daytime,human,62.81
43.236877,76.925309,2025-12-19T21:58:52+05:00,Friday,4,0,12,21,late_evening,transport,68.53
43.247812,76.938289,2026-02-07T20:28:29+05:00,Saturday,5,1,2,20,evening,human,69.47
43.23164,76.979561,2026-05-03T08:03:09+05:00,Sunday,6,1,5,8,morning,others,44.71
43.341075,76.948356,2026-03-12T19:31:08+05:00,Thursday,3,0,3,19,evening,transport,80.73
43.250058,76.940731,2025-12-18T10:31:02+05:00,Thursday,3,0,12,10,morning,human,60.53
43.21706,76.930891,2026-02-18T09:15:54+05:00,Wednesday,2,0,2,9,morning,transport,74.99
43.239671,76.929352,2026-01-22T12:28:03+05:00,Thursday,3,0,1,12,daytime,others,57.0
43.233021,76.959718,2026-01-14T07:48:28+05:00,Wednesday,2,0,1,7,morning,human,80.33
43.258583,76.971265,2026-04-26T07:10:08+05:00,Sunday,6,1,4,7,morning,animals,44.54
43.251314,76.937779,2025-11-02T23:47:17+05:00,Sunday,6,1,11,23,late_evening,human,69.49
43.258747,76.943444,2026-05-03T05:56:37+05:00,Sunday,6,1,5,5,night,human,43.14
43.258179,76.946793,2026-02-10T17:05:19+05:00,Tuesday,1,0,2,17,evening,human,66.73
43.244162,76.862006,2025-12-23T12:23:23+05:00,Tuesday,1,0,12,12,daytime,transport,68.3
43.286668,76.895222,2026-01-13T15:35:59+05:00,Tuesday,1,0,1,15,daytime,transport,73.68
43.236317,76.917669,2025-12-29T14:48:32+05:00,Monday,0,0,12,14,daytime,transport,59.74
43.217969,76.927292,2025-12-21T11:53:39+05:00,Sunday,6,1,12,11,daytime,transport,63.05
43.278441,76.887528,2025-11-07T14:04:45+05:00,Friday,4,0,11,14,daytime,building_noise,74.92
43.252968,76.943982,2025-11-08T10:37:35+05:00,Saturday,5,1,11,10,morning,transport,65.41
43.235711,76.912846,2026-04-16T18:56:11+05:00,Thursday,3,0,4,18,evening,transport,67.33
43.217554,76.934627,2026-04-30T18:33:44+05:00,Thursday,3,0,4,18,evening,transport,75.96
43.365609,77.038132,2026-05-08T13:52:39+05:00,Friday,4,0,5,13,daytime,transport,63.99
43.259059,76.970223,2026-03-06T20:46:11+05:00,Friday,4,0,3,20,evening,human,51.52
43.264402,76.822705,2026-04-26T15:44:33+05:00,Sunday,6,1,4,15,daytime,others,55.51
43.233528,76.972369,2026-02-20T13:03:29+05:00,Friday,4,0,2,13,daytime,human,55.43
43.260222,76.973028,2026-04-14T12:01:28+05:00,Tuesday,1,0,4,12,daytime,animals,46.79
43.244815,76.861267,2026-02-28T12:56:26+05:00,Saturday,5,1,2,12,daytime,transport,71.13
43.25802,76.974685,2026-03-29T08:33:58+05:00,Sunday,6,1,3,8,morning,animals,39.62
43.284207,76.899225,2026-01-05T13:57:53+05:00,Monday,0,0,1,13,daytime,building_noise,72.75
43.266971,76.925969,2026-02-27T13:16:47+05:00,Friday,4,0,2,13,daytime,human,57.89
43.235538,76.976626,2026-04-23T10:39:48+05:00,Thursday,3,0,4,10,morning,human,52.44
43.255724,76.943381,2026-03-19T08:59:48+05:00,Thursday,3,0,3,8,morning,human,66.73
43.264627,76.927591,2026-04-02T17:37:50+05:00,Thursday,3,0,4,17,evening,human,67.38
43.334599,76.94695,2026-04-29T19:53:34+05:00,Wednesday,2,0,4,19,evening,transport,77.37
43.262606,76.955074,2025-12-28T16:26:53+05:00,Sunday,6,1,12,16,daytime,human,65.06
43.264556,76.965344,2026-04-16T08:41:30+05:00,Thursday,3,0,4,8,morning,others,48.42
43.224583,76.927741,2026-01-06T14:15:03+05:00,Tuesday,1,0,1,14,daytime,transport,72.98
43.288662,76.890505,2025-12-04T10:48:44+05:00,Thursday,3,0,12,10,morning,building_noise,76.79
43.28692,76.895047,2026-04-15T16:53:41+05:00,Wednesday,2,0,4,16,daytime,building_noise,72.6
43.258639,76.975719,2025-11-03T17:37:56+05:00,Monday,0,0,11,17,evening,animals,49.04
43.265091,76.925852,2026-02-24T13:28:56+05:00,Tuesday,1,0,2,13,daytime,human,66.88
43.278715,76.894812,2026-03-10T11:02:02+05:00,Tuesday,1,0,3,11,daytime,building_noise,71.79
43.255869,76.945689,2025-12-21T18:37:41+05:00,Sunday,6,1,12,18,evening,human,66.36
43.258166,76.943382,2026-04-23T21:46:09+05:00,Thursday,3,0,4,21,late_evening,human,71.25
43.248623,76.939575,2026-03-30T06:23:41+05:00,Monday,0,0,3,6,morning,human,57.69
43.236874,76.954151,2026-04-16T19:17:50+05:00,Thursday,3,0,4,19,evening,others,70.78
43.234321,76.953876,2025-12-26T18:01:39+05:00,Friday,4,0,12,18,evening,building_noise,76.21
43.222464,76.897878,2025-11-22T12:46:56+05:00,Saturday,5,1,11,12,daytime,human,61.18
43.222047,76.926176,2025-11-30T02:53:36+05:00,Sunday,6,1,11,2,night,transport,51.82
43.219856,76.903169,2026-01-16T07:02:52+05:00,Friday,4,0,1,7,morning,others,52.51
43.253061,76.942218,2025-11-30T07:38:51+05:00,Sunday,6,1,11,7,morning,human,63.06
43.258581,76.947107,2026-02-17T12:07:13+05:00,Tuesday,1,0,2,12,daytime,human,61.5
43.249543,76.942041,2026-01-18T02:26:27+05:00,Sunday,6,1,1,2,night,human,53.0
43.263027,76.953396,2026-04-09T05:12:47+05:00,Thursday,3,0,4,5,night,others,35.0
43.248837,76.941145,2026-03-25T00:45:04+05:00,Wednesday,2,0,3,0,night,human,55.19
43.219288,76.928795,2026-04-15T18:15:38+05:00,Wednesday,2,0,4,18,evening,transport,80.89
43.239019,76.917945,2026-02-12T05:06:45+05:00,Thursday,3,0,2,5,night,transport,45.15
43.25578,76.946024,2026-01-29T13:39:53+05:00,Thursday,3,0,1,13,daytime,building_noise,64.74
43.247512,76.859705,2026-04-02T15:25:57+05:00,Thursday,3,0,4,15,daytime,transport,69.23
43.21961,76.899735,2026-02-28T16:39:15+05:00,Saturday,5,1,2,16,daytime,building_noise,60.71
43.255227,76.943067,2025-12-18T09:43:52+05:00,Thursday,3,0,12,9,morning,human,68.84
43.277929,76.888478,2026-04-30T12:02:21+05:00,Thursday,3,0,4,12,daytime,building_noise,74.2
43.280463,76.891562,2026-04-29T17:02:50+05:00,Wednesday,2,0,4,17,evening,building_noise,74.32
43.258861,76.945337,2026-04-28T06:43:24+05:00,Tuesday,1,0,4,6,morning,human,53.42
43.219833,76.92919,2026-04-03T08:32:51+05:00,Friday,4,0,4,8,morning,transport,84.29
43.252549,76.943183,2025-12-28T03:00:47+05:00,Sunday,6,1,12,3,night,alert,63.93
43.279528,76.896638,2026-03-20T11:27:59+05:00,Friday,4,0,3,11,daytime,building_noise,71.77
43.284392,76.889198,2026-04-11T16:36:48+05:00,Saturday,5,1,4,16,daytime,building_noise,74.68
43.237576,76.922468,2025-12-21T14:16:38+05:00,Sunday,6,1,12,14,daytime,transport,62.83
43.232748,76.957291,2025-12-22T20:56:03+05:00,Monday,0,0,12,20,evening,human,68.97
43.239703,76.930645,2026-05-02T18:29:34+05:00,Saturday,5,1,5,18,evening,alert,74.1
43.240278,76.928914,2025-12-06T20:06:35+05:00,Saturday,5,1,12,20,evening,alert,71.02
43.276282,76.895808,2026-04-14T11:44:58+05:00,Tuesday,1,0,4,11,daytime,building_noise,72.12
43.347091,77.034551,2026-03-18T21:33:49+05:00,Wednesday,2,0,3,21,late_evening,transport,74.88
43.255972,76.973912,2026-03-23T17:52:31+05:00,Monday,0,0,3,17,evening,human,55.56
43.260009,76.953067,2026-01-28T20:07:24+05:00,Wednesday,2,0,1,20,evening,others,46.43
43.256747,76.968835,2025-11-23T11:54:28+05:00,Sunday,6,1,11,11,daytime,human,62.96
43.358321,77.036583,2026-02-15T17:43:21+05:00,Sunday,6,1,2,17,evening,alert,79.9
43.260686,76.968968,2026-05-10T12:08:23+05:00,Sunday,6,1,5,12,daytime,human,60.96
43.260346,76.969802,2025-12-05T14:45:48+05:00,Friday,4,0,12,14,daytime,human,55.78
43.21925,76.930981,2025-11-14T18:56:55+05:00,Friday,4,0,11,18,evening,transport,79.27
43.245893,76.862863,2026-04-09T15:43:50+05:00,Thursday,3,0,4,15,daytime,transport,71.48
43.234159,76.914885,2026-02-25T21:35:33+05:00,Wednesday,2,0,2,21,late_evening,transport,58.26
43.219927,76.898882,2026-02-28T16:53:15+05:00,Saturday,5,1,2,16,daytime,building_noise,59.35
43.337975,76.951284,2025-12-24T20:30:43+05:00,Wednesday,2,0,12,20,evening,alert,78.57
43.262752,76.956413,2025-11-20T08:59:40+05:00,Thursday,3,0,11,8,morning,others,49.59
43.238921,76.918713,2025-11-08T05:25:22+05:00,Saturday,5,1,11,5,night,transport,45.21
43.236416,76.953673,2025-12-28T06:03:42+05:00,Sunday,6,1,12,6,morning,human,56.91
43.235706,76.91553,2025-12-31T09:36:43+05:00,Wednesday,2,0,12,9,morning,transport,67.15
43.250724,76.940065,2026-04-28T21:17:43+05:00,Tuesday,1,0,4,21,late_evening,human,68.13
43.262808,76.954392,2025-12-12T22:59:58+05:00,Friday,4,0,12,22,late_evening,alert,61.0
43.251701,76.944477,2026-02-22T15:01:36+05:00,Sunday,6,1,2,15,daytime,human,63.6
43.261234,76.965647,2026-03-09T06:41:20+05:00,Monday,0,0,3,6,morning,animals,35.05
43.24689,76.939948,2026-04-22T22:35:18+05:00,Wednesday,2,0,4,22,late_evening,transport,65.95
43.282309,76.889731,2026-04-14T22:51:31+05:00,Tuesday,1,0,4,22,late_evening,transport,65.71
43.233856,76.953348,2025-12-14T20:33:29+05:00,Sunday,6,1,12,20,evening,human,67.0
43.340098,76.945639,2026-03-30T09:14:38+05:00,Monday,0,0,3,9,morning,transport,76.08
43.235926,76.930646,2025-12-04T19:40:12+05:00,Thursday,3,0,12,19,evening,alert,75.65
43.257944,76.971164,2026-02-19T08:40:47+05:00,Thursday,3,0,2,8,morning,animals,38.58
43.209678,76.926586,2025-11-08T16:12:05+05:00,Saturday,5,1,11,16,daytime,building_noise,71.38
43.254989,76.946367,2025-11-13T08:06:53+05:00,Thursday,3,0,11,8,morning,human,63.22
43.239348,76.927519,2025-11-17T09:37:04+05:00,Monday,0,0,11,9,morning,alert,77.84
43.262251,76.817804,2026-04-30T20:16:50+05:00,Thursday,3,0,4,20,evening,others,57.92
43.238138,76.954642,2026-01-12T23:52:42+05:00,Monday,0,0,1,23,late_evening,building_noise,70.81
43.289693,76.895363,2025-12-02T12:47:23+05:00,Tuesday,1,0,12,12,daytime,building_noise,75.02
43.258916,76.96601,2025-11-13T08:44:44+05:00,Thursday,3,0,11,8,morning,others,47.09
43.237331,76.956495,2025-11-20T19:03:02+05:00,Thursday,3,0,11,19,evening,transport,74.78
43.253669,76.945057,2026-05-05T23:33:58+05:00,Tuesday,1,0,5,23,late_evening,human,68.07
43.250326,76.940184,2026-02-08T09:56:20+05:00,Sunday,6,1,2,9,morning,human,64.42
43.249252,76.939593,2025-12-25T08:17:58+05:00,Thursday,3,0,12,8,morning,building_noise,70.86
43.253866,76.943802,2026-02-25T19:17:53+05:00,Wednesday,2,0,2,19,evening,human,65.04
43.22069,76.901171,2026-03-26T21:44:25+05:00,Thursday,3,0,3,21,late_evening,others,49.01
43.23673,76.918097,2025-11-02T19:38:09+05:00,Sunday,6,1,11,19,evening,transport,61.66
43.232945,76.975616,2026-01-21T21:49:44+05:00,Wednesday,2,0,1,21,late_evening,building_noise,47.95
43.351408,77.043481,2025-11-03T08:08:14+05:00,Monday,0,0,11,8,morning,transport,80.87
43.260213,76.944133,2026-03-03T00:23:33+05:00,Tuesday,1,0,3,0,night,human,53.05
43.258868,76.972234,2026-03-26T11:51:01+05:00,Thursday,3,0,3,11,daytime,animals,45.5
43.247283,76.9448,2025-12-24T14:13:06+05:00,Wednesday,2,0,12,14,daytime,human,60.0
43.247999,76.862647,2025-12-18T19:11:33+05:00,Thursday,3,0,12,19,evening,transport,75.89
43.235993,76.923762,2026-02-15T10:22:48+05:00,Sunday,6,1,2,10,morning,transport,72.28
43.265284,76.820374,2025-12-17T18:31:57+05:00,Wednesday,2,0,12,18,evening,human,60.39
43.220188,76.931255,2026-03-04T17:24:07+05:00,Wednesday,2,0,3,17,evening,transport,84.38
43.341746,76.950377,2025-11-20T16:39:53+05:00,Thursday,3,0,11,16,daytime,transport,65.61
43.261982,76.968947,2026-02-23T08:20:42+05:00,Monday,0,0,2,8,morning,others,54.06
43.259006,76.94661,2026-03-20T07:12:46+05:00,Friday,4,0,3,7,morning,human,64.91
43.225426,76.901377,2026-02-23T17:09:52+05:00,Monday,0,0,2,17,evening,human,60.77
43.241151,76.921827,2026-02-12T11:06:23+05:00,Thursday,3,0,2,11,daytime,alert,75.02
43.216687,76.932604,2026-02-07T22:11:04+05:00,Saturday,5,1,2,22,late_evening,transport,73.25
43.262623,76.956297,2025-12-13T23:26:35+05:00,Saturday,5,1,12,23,late_evening,building_noise,57.69
43.221909,76.929703,2025-12-21T20:51:33+05:00,Sunday,6,1,12,20,evening,transport,72.39
43.237491,76.973124,2025-11-04T16:54:38+05:00,Tuesday,1,0,11,16,daytime,human,53.55
43.232302,76.974155,2026-05-03T10:49:03+05:00,Sunday,6,1,5,10,morning,animals,40.7
43.264938,76.928748,2025-12-24T06:26:26+05:00,Wednesday,2,0,12,6,morning,others,50.97
43.237839,76.923547,2025-11-20T19:01:49+05:00,Thursday,3,0,11,19,evening,transport,76.0
43.21813,76.927421,2026-03-03T10:20:38+05:00,Tuesday,1,0,3,10,morning,alert,75.68
43.246249,76.861828,2026-03-17T18:59:57+05:00,Tuesday,1,0,3,18,evening,transport,75.58
43.239296,76.928178,2026-03-27T09:14:30+05:00,Friday,4,0,3,9,morning,alert,73.49
43.239544,76.921613,2025-12-01T07:46:04+05:00,Monday,0,0,12,7,morning,building_noise,85.34
43.264867,76.924879,2026-03-27T20:33:47+05:00,Friday,4,0,3,20,evening,building_noise,64.37
43.257491,76.97266,2026-02-14T00:23:14+05:00,Saturday,5,1,2,0,night,animals,35.0
43.237681,76.930156,2026-03-02T07:11:20+05:00,Monday,0,0,3,7,morning,transport,61.66
43.218282,76.930643,2026-01-24T17:50:40+05:00,Saturday,5,1,1,17,evening,animals,53.05
43.263682,76.952097,2026-04-17T09:45:07+05:00,Friday,4,0,4,9,morning,others,64.51
43.224049,76.929677,2025-11-02T11:37:30+05:00,Sunday,6,1,11,11,daytime,transport,67.5
43.235823,76.977858,2026-02-04T08:00:42+05:00,Wednesday,2,0,2,8,morning,others,43.12
43.233832,76.972479,2026-04-18T14:42:34+05:00,Saturday,5,1,4,14,daytime,human,58.28
43.2403,76.921672,2026-01-08T10:49:53+05:00,Thursday,3,0,1,10,morning,transport,65.98
43.253785,76.945787,2026-03-22T21:18:30+05:00,Sunday,6,1,3,21,late_evening,human,64.32
43.259906,76.944106,2026-04-15T20:59:44+05:00,Wednesday,2,0,4,20,evening,alert,72.35
43.258058,76.967452,2026-02-27T15:05:49+05:00,Friday,4,0,2,15,daytime,animals,46.02
43.259192,76.964833,2026-03-26T14:39:49+05:00,Thursday,3,0,3,14,daytime,human,55.83
43.237421,76.929098,2026-05-05T09:57:33+05:00,Tuesday,1,0,5,9,morning,alert,72.25
43.261693,76.955631,2026-01-17T17:42:30+05:00,Saturday,5,1,1,17,evening,human,67.38
43.255956,76.975731,2026-04-24T00:12:13+05:00,Friday,4,0,4,0,night,animals,35.0
43.28759,76.898236,2026-02-13T13:05:03+05:00,Friday,4,0,2,13,daytime,building_noise,73.02
43.34092,76.948489,2026-02-17T17:40:30+05:00,Tuesday,1,0,2,17,evening,transport,78.71
43.255724,76.947046,2026-01-14T10:47:21+05:00,Wednesday,2,0,1,10,morning,human,65.24
43.238709,76.930131,2025-12-03T22:51:35+05:00,Wednesday,2,0,12,22,late_evening,alert,71.22
43.2388,76.916284,2025-11-04T18:49:32+05:00,Tuesday,1,0,11,18,evening,transport,69.2
43.260173,76.953864,2026-01-01T02:53:23+05:00,Thursday,3,0,1,2,night,others,36.02
43.276883,76.898071,2025-12-02T22:39:32+05:00,Tuesday,1,0,12,22,late_evening,transport,62.23
43.250516,76.942591,2026-03-02T08:31:16+05:00,Monday,0,0,3,8,morning,human,63.44
43.259946,76.95378,2026-05-02T08:47:14+05:00,Saturday,5,1,5,8,morning,others,54.49
43.260436,76.955306,2026-02-06T22:06:10+05:00,Friday,4,0,2,22,late_evening,others,52.83
43.246305,76.861721,2025-11-28T17:55:00+05:00,Friday,4,0,11,17,evening,transport,75.7
43.236034,76.928476,2026-01-23T07:07:34+05:00,Friday,4,0,1,7,morning,transport,68.99
43.263977,76.821368,2025-12-20T08:51:00+05:00,Saturday,5,1,12,8,morning,building_noise,59.01
43.237445,76.916753,2026-02-06T12:25:43+05:00,Friday,4,0,2,12,daytime,transport,59.71
43.258714,76.972698,2025-11-25T06:40:23+05:00,Tuesday,1,0,11,6,morning,animals,35.0
43.237388,76.927073,2026-01-10T16:36:39+05:00,Saturday,5,1,1,16,daytime,alert,67.13
43.232805,76.974962,2026-02-17T07:19:20+05:00,Tuesday,1,0,2,7,morning,others,44.78
43.248981,76.940158,2026-03-09T23:09:04+05:00,Monday,0,0,3,23,late_evening,human,73.34
43.259859,76.96711,2026-01-02T12:12:54+05:00,Friday,4,0,1,12,daytime,human,55.0
43.267941,76.81758,2025-12-20T21:41:26+05:00,Saturday,5,1,12,21,late_evening,human,62.25
43.247717,76.861808,2026-01-26T17:41:18+05:00,Monday,0,0,1,17,evening,transport,76.32
43.217094,76.926807,2026-04-02T08:52:10+05:00,Thursday,3,0,4,8,morning,transport,78.43
43.234883,76.957712,2026-03-15T08:36:35+05:00,Sunday,6,1,3,8,morning,human,68.74
43.220714,76.903675,2026-02-12T19:16:05+05:00,Thursday,3,0,2,19,evening,human,58.3
43.26306,76.952924,2026-04-05T16:05:44+05:00,Sunday,6,1,4,16,daytime,human,62.4
43.284494,76.895757,2025-12-16T16:23:41+05:00,Tuesday,1,0,12,16,daytime,building_noise,75.71
43.249177,76.941768,2026-03-20T19:30:36+05:00,Friday,4,0,3,19,evening,human,60.14
43.250324,76.938876,2026-04-22T11:33:17+05:00,Wednesday,2,0,4,11,daytime,human,64.3
43.230594,76.977959,2026-04-07T07:51:08+05:00,Tuesday,1,0,4,7,morning,others,44.59
43.276365,76.892431,2025-12-30T18:45:13+05:00,Tuesday,1,0,12,18,evening,building_noise,77.24
43.254184,76.947044,2026-03-19T23:56:26+05:00,Thursday,3,0,3,23,late_evening,others,66.74
43.257537,76.942385,2026-01-28T20:40:07+05:00,Wednesday,2,0,1,20,evening,human,63.33
43.277306,76.898231,2025-12-31T09:47:15+05:00,Wednesday,2,0,12,9,morning,building_noise,76.18
43.239133,76.920001,2025-11-15T21:49:59+05:00,Saturday,5,1,11,21,late_evening,alert,77.2
43.234373,76.958622,2025-11-12T08:48:20+05:00,Wednesday,2,0,11,8,morning,building_noise,76.7
43.258204,76.945995,2025-12-30T09:51:11+05:00,Tuesday,1,0,12,9,morning,others,56.79
43.35785,77.041102,2026-03-16T07:27:54+05:00,Monday,0,0,3,7,morning,transport,74.48
43.263382,76.952639,2026-02-12T18:51:00+05:00,Thursday,3,0,2,18,evening,human,66.84
43.255134,76.971161,2025-11-26T08:14:03+05:00,Wednesday,2,0,11,8,morning,others,46.79
43.246338,76.85915,2026-01-22T08:29:24+05:00,Thursday,3,0,1,8,morning,transport,76.24
43.262343,76.965331,2026-03-06T10:15:32+05:00,Friday,4,0,3,10,morning,human,60.09
43.287407,76.894087,2026-02-12T12:26:25+05:00,Thursday,3,0,2,12,daytime,building_noise,71.41
43.259323,76.972512,2026-05-07T23:00:19+05:00,Thursday,3,0,5,23,late_evening,animals,36.82
43.259902,76.972925,2026-02-15T22:34:02+05:00,Sunday,6,1,2,22,late_evening,animals,35.63
43.239218,76.927837,2026-02-16T14:08:05+05:00,Monday,0,0,2,14,daytime,alert,68.62
43.235842,76.915342,2026-04-27T23:06:45+05:00,Monday,0,0,4,23,late_evening,transport,57.35
43.238727,76.917179,2026-04-28T16:58:21+05:00,Tuesday,1,0,4,16,daytime,building_noise,62.93
43.219577,76.929291,2026-01-17T17:41:58+05:00,Saturday,5,1,1,17,evening,transport,70.75
43.238243,76.927286,2026-05-09T17:21:33+05:00,Saturday,5,1,5,17,evening,alert,75.64
43.241362,76.916094,2026-01-16T18:31:26+05:00,Friday,4,0,1,18,evening,transport,66.29
43.259708,76.966355,2026-01-10T18:41:28+05:00,Saturday,5,1,1,18,evening,human,65.06
43.261559,76.821803,2026-04-09T05:44:09+05:00,Thursday,3,0,4,5,night,human,36.41
43.229575,76.954682,2026-04-08T07:00:22+05:00,Wednesday,2,0,4,7,morning,transport,76.84
43.235893,76.923476,2025-12-26T16:37:40+05:00,Friday,4,0,12,16,daytime,transport,67.77
43.248709,76.943954,2026-02-09T19:29:32+05:00,Monday,0,0,2,19,evening,alert,71.68
43.247315,76.861004,2025-12-21T18:53:47+05:00,Sunday,6,1,12,18,evening,transport,70.63
43.262944,76.972318,2025-12-12T09:40:51+05:00,Friday,4,0,12,9,morning,animals,36.73
43.238572,76.927356,2026-04-02T17:07:49+05:00,Thursday,3,0,4,17,evening,alert,72.98
43.21775,76.92717,2026-01-16T15:32:50+05:00,Friday,4,0,1,15,daytime,transport,67.73
43.249084,76.942337,2026-02-06T05:09:37+05:00,Friday,4,0,2,5,night,human,47.78
43.259948,76.944188,2026-04-15T20:56:44+05:00,Wednesday,2,0,4,20,evening,alert,71.64
43.263844,76.954543,2025-12-09T05:02:51+05:00,Tuesday,1,0,12,5,night,others,36.02
43.2364,76.917911,2026-03-21T17:14:31+05:00,Saturday,5,1,3,17,evening,alert,70.33
43.218121,76.930817,2025-11-18T21:07:24+05:00,Tuesday,1,0,11,21,late_evening,transport,74.77
43.255423,76.945752,2026-02-08T07:38:51+05:00,Sunday,6,1,2,7,morning,human,67.68
43.217369,76.930118,2025-12-29T17:17:18+05:00,Monday,0,0,12,17,evening,animals,52.87
43.258149,76.944263,2026-04-30T19:55:18+05:00,Thursday,3,0,4,19,evening,human,66.3
43.263054,76.926384,2026-04-04T06:45:11+05:00,Saturday,5,1,4,6,morning,human,55.75
43.278827,76.892403,2025-12-09T15:45:29+05:00,Tuesday,1,0,12,15,daytime,building_noise,72.32
43.265227,76.822063,2025-11-20T20:23:59+05:00,Thursday,3,0,11,20,evening,human,57.41
43.217527,76.899612,2026-02-14T20:29:14+05:00,Saturday,5,1,2,20,evening,others,47.52
43.240497,76.932292,2026-05-06T04:33:29+05:00,Wednesday,2,0,5,4,night,transport,51.56
43.220015,76.924966,2025-11-01T17:15:28+05:00,Saturday,5,1,11,17,evening,others,65.86
43.238953,76.921543,2026-02-14T21:46:05+05:00,Saturday,5,1,2,21,late_evening,building_noise,64.13
43.219279,76.926938,2025-11-22T08:04:11+05:00,Saturday,5,1,11,8,morning,transport,72.46
43.241514,76.930768,2025-12-25T08:32:28+05:00,Thursday,3,0,12,8,morning,alert,68.35
43.254421,76.945156,2026-02-04T23:49:34+05:00,Wednesday,2,0,2,23,late_evening,human,67.88
43.260305,76.948897,2025-11-08T19:36:48+05:00,Saturday,5,1,11,19,evening,alert,76.26
43.240027,76.928187,2025-11-08T09:29:16+05:00,Saturday,5,1,11,9,morning,alert,75.45
43.258208,76.945736,2026-03-10T20:26:28+05:00,Tuesday,1,0,3,20,evening,human,63.46
43.231652,76.975403,2026-02-05T18:14:22+05:00,Thursday,3,0,2,18,evening,human,60.25
43.260342,76.97027,2026-04-05T17:04:27+05:00,Sunday,6,1,4,17,evening,human,57.88
43.244577,76.861622,2026-04-21T08:20:44+05:00,Tuesday,1,0,4,8,morning,transport,72.88
43.261821,76.928493,2026-02-03T23:22:37+05:00,Tuesday,1,0,2,23,late_evening,others,55.99
43.252727,76.944877,2026-04-06T08:02:01+05:00,Monday,0,0,4,8,morning,human,68.51
43.278611,76.894007,2026-03-04T08:42:28+05:00,Wednesday,2,0,3,8,morning,alert,80.24
43.249324,76.859645,2026-05-08T19:05:54+05:00,Friday,4,0,5,19,evening,alert,89.18
43.263181,76.820435,2026-04-16T19:19:22+05:00,Thursday,3,0,4,19,evening,human,61.27
43.266133,76.825459,2026-01-24T20:12:48+05:00,Saturday,5,1,1,20,evening,human,61.36
43.237813,76.915218,2026-04-12T16:50:15+05:00,Sunday,6,1,4,16,daytime,transport,58.8
43.260718,76.973782,2025-12-05T19:53:17+05:00,Friday,4,0,12,19,evening,human,57.92
43.238105,76.925233,2026-02-13T17:47:41+05:00,Friday,4,0,2,17,evening,transport,82.0
43.237547,76.922096,2026-01-11T13:24:32+05:00,Sunday,6,1,1,13,daytime,transport,68.06
43.262624,76.971471,2026-03-27T09:34:38+05:00,Friday,4,0,3,9,morning,animals,35.0
43.252853,76.942652,2025-12-01T21:25:01+05:00,Monday,0,0,12,21,late_evening,human,65.66
43.236597,76.954471,2026-01-10T08:27:15+05:00,Saturday,5,1,1,8,morning,human,69.06
43.260071,76.943113,2025-11-17T22:21:29+05:00,Monday,0,0,11,22,late_evening,human,66.88
43.237999,76.930399,2026-01-09T21:06:06+05:00,Friday,4,0,1,21,late_evening,alert,74.95
43.260064,76.972655,2026-02-15T22:25:02+05:00,Sunday,6,1,2,22,late_evening,animals,35.0
43.225428,76.902645,2026-01-16T08:33:13+05:00,Friday,4,0,1,8,morning,others,50.25
43.254601,76.944525,2026-02-17T15:39:40+05:00,Tuesday,1,0,2,15,daytime,human,63.2
43.255806,76.944524,2026-01-14T20:12:41+05:00,Wednesday,2,0,1,20,evening,human,65.19
43.252694,76.944638,2026-01-23T14:40:01+05:00,Friday,4,0,1,14,daytime,human,62.84
43.258179,76.97279,2026-04-27T08:55:40+05:00,Monday,0,0,4,8,morning,animals,42.79
43.2407,76.921991,2025-12-20T10:11:30+05:00,Saturday,5,1,12,10,morning,transport,66.0
43.257529,76.973718,2026-01-08T21:35:52+05:00,Thursday,3,0,1,21,late_evening,animals,36.0
43.3407,76.946655,2025-12-07T11:53:53+05:00,Sunday,6,1,12,11,daytime,transport,67.43
43.215571,76.925769,2026-04-04T09:28:06+05:00,Saturday,5,1,4,9,morning,transport,71.23
43.225562,76.902731,2026-01-16T08:41:13+05:00,Friday,4,0,1,8,morning,others,49.45
43.245825,76.942875,2025-11-22T21:42:38+05:00,Saturday,5,1,11,21,late_evening,others,66.21
43.238498,76.929512,2025-12-22T21:30:07+05:00,Monday,0,0,12,21,late_evening,alert,69.74
43.238738,76.912906,2026-01-16T08:12:42+05:00,Friday,4,0,1,8,morning,transport,71.53
43.256488,76.947435,2025-11-30T21:28:10+05:00,Sunday,6,1,11,21,late_evening,human,67.8
43.233893,76.953957,2026-02-06T14:49:41+05:00,Friday,4,0,2,14,daytime,transport,69.28
43.233277,76.916437,2026-05-01T08:32:40+05:00,Friday,4,0,5,8,morning,transport,64.28
43.351804,77.043192,2026-01-20T00:49:56+05:00,Tuesday,1,0,1,0,night,transport,56.64
43.25501,76.947197,2025-11-14T21:25:56+05:00,Friday,4,0,11,21,late_evening,human,66.45
43.249751,76.862574,2026-02-26T13:50:28+05:00,Thursday,3,0,2,13,daytime,transport,69.13
43.262124,76.924846,2026-04-05T18:34:33+05:00,Sunday,6,1,4,18,evening,others,61.28
43.253382,76.946573,2026-04-18T13:26:36+05:00,Saturday,5,1,4,13,daytime,human,59.95
43.260622,76.953857,2026-04-09T14:36:52+05:00,Thursday,3,0,4,14,daytime,human,58.03
43.235684,76.923926,2025-12-01T08:06:31+05:00,Monday,0,0,12,8,morning,transport,78.25
43.26026,76.973086,2025-12-16T11:08:52+05:00,Tuesday,1,0,12,11,daytime,others,49.32
43.282207,76.893762,2026-02-10T12:13:35+05:00,Tuesday,1,0,2,12,daytime,building_noise,75.58
43.239629,76.916629,2026-04-11T16:37:28+05:00,Saturday,5,1,4,16,daytime,transport,55.62
43.240764,76.921067,2026-03-31T13:21:37+05:00,Tuesday,1,0,3,13,daytime,transport,64.47
43.236965,76.956895,2025-12-27T15:48:13+05:00,Saturday,5,1,12,15,daytime,human,60.69
43.236217,76.91749,2026-04-09T17:30:27+05:00,Thursday,3,0,4,17,evening,transport,70.1
43.233059,76.976163,2026-05-10T16:09:24+05:00,Sunday,6,1,5,16,daytime,animals,42.15
43.250039,76.938903,2025-12-24T20:13:36+05:00,Wednesday,2,0,12,20,evening,alert,78.34
43.34045,76.948614,2026-03-30T22:41:13+05:00,Monday,0,0,3,22,late_evening,transport,69.49
43.2203,76.925273,2026-03-30T10:57:04+05:00,Monday,0,0,3,10,morning,transport,68.54
43.283884,76.897983,2026-03-16T12:18:15+05:00,Monday,0,0,3,12,daytime,building_noise,75.22
43.219244,76.901894,2026-03-08T23:05:10+05:00,Sunday,6,1,3,23,late_evening,others,46.72
43.25356,76.945475,2025-12-30T08:43:00+05:00,Tuesday,1,0,12,8,morning,others,62.4
43.236471,76.92165,2026-03-31T16:27:54+05:00,Tuesday,1,0,3,16,daytime,transport,53.04
43.235932,76.917493,2026-02-17T08:55:36+05:00,Tuesday,1,0,2,8,morning,transport,66.34
43.217946,76.899376,2026-02-21T06:57:20+05:00,Saturday,5,1,2,6,morning,others,50.42
43.243544,76.933202,2025-11-24T08:34:40+05:00,Monday,0,0,11,8,morning,alert,66.9
43.263109,76.954465,2026-01-23T07:12:20+05:00,Friday,4,0,1,7,morning,transport,58.08
43.263933,76.928473,2026-01-03T08:06:57+05:00,Saturday,5,1,1,8,morning,human,62.41
43.217687,76.930686,2026-04-06T19:40:29+05:00,Monday,0,0,4,19,evening,transport,76.0
43.284445,76.897062,2026-01-02T16:49:46+05:00,Friday,4,0,1,16,daytime,building_noise,74.55
43.258582,76.945425,2026-01-05T21:28:43+05:00,Monday,0,0,1,21,late_evening,human,62.99
43.243512,76.864285,2026-03-27T23:42:39+05:00,Friday,4,0,3,23,late_evening,transport,61.5
43.23302,76.978239,2026-01-16T20:48:27+05:00,Friday,4,0,1,20,evening,others,46.1
43.260936,76.966669,2026-04-03T13:31:31+05:00,Friday,4,0,4,13,daytime,human,57.07
43.341683,76.949718,2026-03-03T17:17:21+05:00,Tuesday,1,0,3,17,evening,transport,81.36
43.279152,76.892121,2026-01-07T17:31:43+05:00,Wednesday,2,0,1,17,evening,building_noise,78.59
43.23663,76.916149,2026-03-02T07:30:27+05:00,Monday,0,0,3,7,morning,transport,70.48
43.259369,76.96829,2025-11-16T21:39:09+05:00,Sunday,6,1,11,21,late_evening,others,45.89
43.220059,76.926666,2026-01-19T16:41:59+05:00,Monday,0,0,1,16,daytime,transport,68.24
43.218269,76.932352,2026-04-11T18:37:35+05:00,Saturday,5,1,4,18,evening,transport,73.66
43.249535,76.941201,2026-04-04T15:22:04+05:00,Saturday,5,1,4,15,daytime,animals,49.74
43.24151,76.925767,2025-12-11T14:29:31+05:00,Thursday,3,0,12,14,daytime,transport,68.49
43.257161,76.942421,2026-04-09T16:02:19+05:00,Thursday,3,0,4,16,daytime,others,61.87
43.241524,76.919891,2025-12-07T15:35:58+05:00,Sunday,6,1,12,15,daytime,transport,65.09
43.255435,76.943463,2025-12-23T19:55:15+05:00,Tuesday,1,0,12,19,evening,human,62.77
43.231517,76.955603,2026-04-12T14:20:45+05:00,Sunday,6,1,4,14,daytime,human,62.09
43.257531,76.967627,2026-01-03T19:26:57+05:00,Saturday,5,1,1,19,evening,animals,53.68
43.262659,76.82359,2026-04-02T05:45:26+05:00,Thursday,3,0,4,5,night,others,35.0
43.239559,76.930711,2026-04-21T18:13:26+05:00,Tuesday,1,0,4,18,evening,alert,71.72
43.233763,76.955323,2025-12-03T19:36:46+05:00,Wednesday,2,0,12,19,evening,transport,70.46
43.24832,76.944026,2026-03-20T12:22:40+05:00,Friday,4,0,3,12,daytime,human,60.6
43.263484,76.953708,2026-04-19T15:10:48+05:00,Sunday,6,1,4,15,daytime,human,58.27
43.241342,76.931701,2026-02-18T22:24:38+05:00,Wednesday,2,0,2,22,late_evening,alert,72.18
43.264205,76.953276,2025-11-15T18:29:26+05:00,Saturday,5,1,11,18,evening,human,68.29
43.288198,76.891926,2025-11-10T14:21:05+05:00,Monday,0,0,11,14,daytime,building_noise,73.55
43.257122,76.948463,2025-12-28T16:31:07+05:00,Sunday,6,1,12,16,daytime,human,60.82
43.248478,76.93911,2025-12-01T07:26:17+05:00,Monday,0,0,12,7,morning,human,60.35
43.238377,76.92175,2026-01-20T17:14:18+05:00,Tuesday,1,0,1,17,evening,transport,77.52
43.264204,76.818235,2026-02-17T12:23:09+05:00,Tuesday,1,0,2,12,daytime,others,55.35
43.235478,76.954221,2026-01-02T17:11:30+05:00,Friday,4,0,1,17,evening,transport,71.61
43.23938,76.928864,2026-01-25T19:56:09+05:00,Sunday,6,1,1,19,evening,alert,77.85
43.214139,76.926641,2026-02-12T07:45:57+05:00,Thursday,3,0,2,7,morning,transport,73.91
43.241979,76.925739,2026-01-01T08:26:29+05:00,Thursday,3,0,1,8,morning,transport,81.28
43.251287,76.940476,2026-05-05T07:17:07+05:00,Tuesday,1,0,5,7,morning,human,67.02
43.351808,77.034841,2026-03-31T16:06:35+05:00,Tuesday,1,0,3,16,daytime,transport,67.24
43.250087,76.866473,2026-03-14T17:39:57+05:00,Saturday,5,1,3,17,evening,transport,72.46
43.254928,76.944418,2026-04-29T17:51:38+05:00,Wednesday,2,0,4,17,evening,human,71.79
43.258885,76.975215,2026-01-07T19:12:01+05:00,Wednesday,2,0,1,19,evening,animals,52.39
43.246533,76.938814,2026-03-26T08:13:00+05:00,Thursday,3,0,3,8,morning,human,69.91
43.243705,76.858165,2026-04-06T01:25:31+05:00,Monday,0,0,4,1,night,transport,57.02
43.257239,76.974499,2025-11-27T08:18:11+05:00,Thursday,3,0,11,8,morning,animals,40.31
43.266754,76.926147,2026-03-21T08:48:05+05:00,Saturday,5,1,3,8,morning,others,61.12
43.236046,76.958288,2026-03-30T07:42:09+05:00,Monday,0,0,3,7,morning,transport,74.43
43.238766,76.921507,2025-11-20T19:52:30+05:00,Thursday,3,0,11,19,evening,transport,80.97
43.218615,76.927292,2026-04-26T19:48:59+05:00,Sunday,6,1,4,19,evening,transport,71.44
43.230905,76.974379,2026-03-23T11:15:58+05:00,Monday,0,0,3,11,daytime,human,54.8
43.259837,76.944325,2026-02-12T17:38:37+05:00,Thursday,3,0,2,17,evening,human,62.42
43.24718,76.858873,2025-12-16T08:43:12+05:00,Tuesday,1,0,12,8,morning,transport,72.06
43.262713,76.953899,2025-12-16T06:40:13+05:00,Tuesday,1,0,12,6,morning,others,38.53
43.217783,76.927668,2026-01-16T17:06:50+05:00,Friday,4,0,1,17,evening,transport,76.13
43.230273,76.974256,2026-03-19T08:40:20+05:00,Thursday,3,0,3,8,morning,others,47.68
43.23759,76.930704,2026-02-10T10:00:57+05:00,Tuesday,1,0,2,10,morning,alert,68.91
43.259102,76.944037,2026-05-08T15:31:25+05:00,Friday,4,0,5,15,daytime,animals,48.91
43.277806,76.893986,2026-01-05T17:06:13+05:00,Monday,0,0,1,17,evening,building_noise,78.15
43.239904,76.928029,2026-05-03T22:36:57+05:00,Sunday,6,1,5,22,late_evening,alert,71.51
43.284296,76.892877,2026-03-26T08:30:21+05:00,Thursday,3,0,3,8,morning,building_noise,80.88
43.248451,76.944902,2025-11-15T01:02:29+05:00,Saturday,5,1,11,1,night,human,59.67
43.257296,76.946716,2026-02-26T13:16:51+05:00,Thursday,3,0,2,13,daytime,human,60.28
43.23742,76.931568,2025-12-20T17:33:15+05:00,Saturday,5,1,12,17,evening,alert,66.97
43.249213,76.938802,2026-02-21T02:53:33+05:00,Saturday,5,1,2,2,night,building_noise,65.19
43.247951,76.863486,2026-01-12T18:11:49+05:00,Monday,0,0,1,18,evening,transport,77.73
43.340557,76.948958,2025-12-18T16:30:49+05:00,Thursday,3,0,12,16,daytime,others,62.38
43.220447,76.931292,2026-02-26T07:08:44+05:00,Thursday,3,0,2,7,morning,transport,81.47
43.280072,76.895301,2026-01-05T17:12:58+05:00,Monday,0,0,1,17,evening,building_noise,84.23
43.26455,76.823239,2026-04-26T15:53:33+05:00,Sunday,6,1,4,15,daytime,others,56.04
43.253657,76.945715,2026-02-08T17:04:56+05:00,Sunday,6,1,2,17,evening,human,67.71
43.237329,76.915734,2026-02-18T13:32:19+05:00,Wednesday,2,0,2,13,daytime,transport,61.26
43.22353,76.899734,2025-12-14T06:44:34+05:00,Sunday,6,1,12,6,morning,others,37.4
43.218154,76.925945,2026-04-22T17:22:29+05:00,Wednesday,2,0,4,17,evening,transport,79.37
43.238473,76.917584,2025-11-15T20:42:14+05:00,Saturday,5,1,11,20,evening,transport,63.14
43.231685,76.958141,2025-11-05T20:02:50+05:00,Wednesday,2,0,11,20,evening,human,61.93
43.260486,76.973225,2026-02-25T08:54:40+05:00,Wednesday,2,0,2,8,morning,animals,48.76
43.25892,76.974222,2025-11-30T12:32:26+05:00,Sunday,6,1,11,12,daytime,human,54.07
43.351786,77.040532,2026-03-12T08:07:52+05:00,Thursday,3,0,3,8,morning,transport,75.54
43.262755,76.823537,2026-01-07T17:08:32+05:00,Wednesday,2,0,1,17,evening,human,63.91
43.239412,76.921261,2026-03-24T09:40:13+05:00,Tuesday,1,0,3,9,morning,transport,75.69
43.245577,76.864344,2026-03-28T18:04:19+05:00,Saturday,5,1,3,18,evening,transport,75.64
43.260416,76.96977,2026-04-19T23:12:29+05:00,Sunday,6,1,4,23,late_evening,animals,38.94
43.232533,76.95537,2026-04-15T23:51:26+05:00,Wednesday,2,0,4,23,late_evening,human,66.83
43.247859,76.940335,2026-04-04T11:48:19+05:00,Saturday,5,1,4,11,daytime,transport,66.63
43.21625,76.933797,2025-12-14T13:00:15+05:00,Sunday,6,1,12,13,daytime,transport,65.96
43.219487,76.902949,2026-01-16T07:10:52+05:00,Friday,4,0,1,7,morning,others,51.1
43.257821,76.965016,2026-01-21T09:17:26+05:00,Wednesday,2,0,1,9,morning,animals,38.68
43.35288,77.04168,2026-03-06T09:25:33+05:00,Friday,4,0,3,9,morning,transport,77.12
43.226223,76.903605,2026-01-11T20:50:28+05:00,Sunday,6,1,1,20,evening,others,46.7
43.350714,77.035096,2025-11-25T11:49:51+05:00,Tuesday,1,0,11,11,daytime,alert,75.0
43.237304,76.929851,2026-01-09T21:13:06+05:00,Friday,4,0,1,21,late_evening,alert,75.25
43.233301,76.976391,2026-03-18T18:27:34+05:00,Wednesday,2,0,3,18,evening,human,55.93
43.235389,76.959636,2026-04-02T21:24:11+05:00,Thursday,3,0,4,21,late_evening,transport,69.22
43.239921,76.914476,2025-12-30T11:26:54+05:00,Tuesday,1,0,12,11,daytime,transport,58.36
43.339584,76.944408,2025-12-26T19:16:29+05:00,Friday,4,0,12,19,evening,transport,73.82
43.260412,76.972462,2025-12-16T11:02:52+05:00,Tuesday,1,0,12,11,daytime,others,48.76
43.238844,76.918023,2026-02-12T11:51:40+05:00,Thursday,3,0,2,11,daytime,transport,61.24
43.256565,76.945741,2025-12-30T06:31:55+05:00,Tuesday,1,0,12,6,morning,human,60.3
43.284377,76.894188,2026-03-02T08:37:17+05:00,Monday,0,0,3,8,morning,building_noise,74.27
43.236825,76.955481,2026-04-08T11:24:38+05:00,Wednesday,2,0,4,11,daytime,human,64.55
43.281484,76.894838,2025-12-11T10:57:30+05:00,Thursday,3,0,12,10,morning,building_noise,71.22
43.25863,76.945432,2026-03-13T07:00:54+05:00,Friday,4,0,3,7,morning,human,67.91
43.234245,76.922753,2025-11-22T09:07:11+05:00,Saturday,5,1,11,9,morning,alert,78.22
43.264874,76.824966,2026-01-31T18:19:54+05:00,Saturday,5,1,1,18,evening,human,70.82
43.265631,76.927939,2026-04-12T22:41:52+05:00,Sunday,6,1,4,22,late_evening,human,58.67
43.261827,76.954556,2026-01-16T04:18:51+05:00,Friday,4,0,1,4,night,others,35.0
43.241075,76.918632,2026-02-06T04:08:40+05:00,Friday,4,0,2,4,night,transport,38.54
43.260706,76.946053,2026-03-29T21:35:58+05:00,Sunday,6,1,3,21,late_evening,human,68.2
43.250317,76.943687,2026-05-06T00:17:29+05:00,Wednesday,2,0,5,0,night,human,54.52
43.233552,76.976821,2025-11-16T22:51:14+05:00,Sunday,6,1,11,22,late_evening,others,44.57
43.259052,76.946948,2025-11-10T21:02:16+05:00,Monday,0,0,11,21,late_evening,human,61.39
43.219062,76.899477,2025-12-04T16:45:58+05:00,Thursday,3,0,12,16,daytime,human,49.95
43.238297,76.91587,2025-11-25T11:47:32+05:00,Tuesday,1,0,11,11,daytime,transport,62.11
43.350376,77.042705,2026-04-20T17:01:33+05:00,Monday,0,0,4,17,evening,transport,80.35
43.265093,76.92905,2026-04-25T18:47:11+05:00,Saturday,5,1,4,18,evening,human,71.7
43.266669,76.927713,2025-11-17T07:11:12+05:00,Monday,0,0,11,7,morning,human,66.52
43.237688,76.922685,2026-03-14T12:30:20+05:00,Saturday,5,1,3,12,daytime,animals,54.12
43.277962,76.889388,2026-04-10T19:41:11+05:00,Friday,4,0,4,19,evening,transport,69.44
43.256906,76.942632,2025-12-08T19:43:38+05:00,Monday,0,0,12,19,evening,building_noise,67.73
43.250247,76.865078,2025-12-09T21:55:39+05:00,Tuesday,1,0,12,21,late_evening,others,64.68
43.241783,76.928218,2025-12-22T09:28:53+05:00,Monday,0,0,12,9,morning,alert,71.06
43.23597,76.976329,2026-01-26T07:47:05+05:00,Monday,0,0,1,7,morning,others,45.81
43.263307,76.930826,2025-11-05T15:50:14+05:00,Wednesday,2,0,11,15,daytime,others,56.94
43.257876,76.944319,2026-03-07T20:48:24+05:00,Saturday,5,1,3,20,evening,human,70.84
43.236041,76.919845,2026-01-31T05:21:21+05:00,Saturday,5,1,1,5,night,transport,51.6
43.217419,76.924831,2025-11-20T16:42:04+05:00,Thursday,3,0,11,16,daytime,human,69.47
43.262427,76.824317,2025-12-28T11:17:11+05:00,Sunday,6,1,12,11,daytime,human,64.21
43.354671,77.041647,2026-03-16T20:44:35+05:00,Monday,0,0,3,20,evening,transport,73.17
43.252959,76.946565,2026-03-04T09:44:13+05:00,Wednesday,2,0,3,9,morning,human,66.62
43.263854,76.958021,2026-03-26T13:56:29+05:00,Thursday,3,0,3,13,daytime,human,64.13
43.232721,76.95268,2026-01-18T17:51:13+05:00,Sunday,6,1,1,17,evening,human,65.3
43.238491,76.921113,2026-04-09T07:15:29+05:00,Thursday,3,0,4,7,morning,human,77.12
43.254779,76.943704,2026-01-08T23:45:53+05:00,Thursday,3,0,1,23,late_evening,human,68.25
43.254877,76.94738,2026-02-05T16:19:02+05:00,Thursday,3,0,2,16,daytime,human,66.31
43.237826,76.928266,2025-12-28T20:34:49+05:00,Sunday,6,1,12,20,evening,alert,69.2
43.220434,76.927897,2026-05-10T14:25:26+05:00,Sunday,6,1,5,14,daytime,transport,67.73
43.220952,76.927778,2025-11-11T21:42:13+05:00,Tuesday,1,0,11,21,late_evening,transport,66.58
43.233994,76.918079,2026-01-18T21:06:37+05:00,Sunday,6,1,1,21,late_evening,transport,58.92
43.275562,76.890754,2026-04-03T09:23:18+05:00,Friday,4,0,4,9,morning,building_noise,76.37
43.223426,76.928608,2025-11-06T22:49:28+05:00,Thursday,3,0,11,22,late_evening,transport,74.23
43.281731,76.89214,2025-12-26T16:59:39+05:00,Friday,4,0,12,16,daytime,building_noise,78.86
43.26548,76.928934,2026-01-10T11:03:58+05:00,Saturday,5,1,1,11,daytime,human,63.78
43.215575,76.930431,2026-04-29T06:15:29+05:00,Wednesday,2,0,4,6,morning,transport,62.32
43.239281,76.921443,2026-02-14T21:44:05+05:00,Saturday,5,1,2,21,late_evening,building_noise,64.14
43.258853,76.974465,2025-12-22T10:15:49+05:00,Monday,0,0,12,10,morning,human,58.23
43.35206,77.037908,2026-04-15T22:33:44+05:00,Wednesday,2,0,4,22,late_evening,transport,67.05
43.218618,76.924633,2026-03-29T18:03:10+05:00,Sunday,6,1,3,18,evening,transport,77.87
43.253435,76.944486,2026-01-19T15:37:47+05:00,Monday,0,0,1,15,daytime,human,67.52
43.236907,76.929533,2026-03-04T12:07:43+05:00,Wednesday,2,0,3,12,daytime,transport,61.56
43.33727,76.954348,2025-12-06T15:47:14+05:00,Saturday,5,1,12,15,daytime,human,66.21
43.257144,76.969515,2025-12-28T10:43:42+05:00,Sunday,6,1,12,10,morning,human,52.72
43.263944,76.928391,2025-12-15T07:14:41+05:00,Monday,0,0,12,7,morning,human,67.0
43.262842,76.953127,2026-04-26T16:22:25+05:00,Sunday,6,1,4,16,daytime,human,64.05
43.21673,76.927981,2026-04-01T07:58:57+05:00,Wednesday,2,0,4,7,morning,transport,85.06
43.240511,76.930566,2026-04-23T18:18:11+05:00,Thursday,3,0,4,18,evening,transport,63.45
43.256543,76.944948,2026-02-10T09:14:59+05:00,Tuesday,1,0,2,9,morning,transport,67.36
43.22314,76.904414,2026-04-16T23:02:53+05:00,Thursday,3,0,4,23,late_evening,others,40.59
43.279877,76.890134,2026-04-29T17:02:07+05:00,Wednesday,2,0,4,17,evening,building_noise,70.4
43.236756,76.915828,2025-12-14T08:53:04+05:00,Sunday,6,1,12,8,morning,others,55.38
43.261803,76.968619,2025-11-29T10:25:49+05:00,Saturday,5,1,11,10,morning,human,58.34
43.223827,76.903059,2026-05-10T11:08:54+05:00,Sunday,6,1,5,11,daytime,human,62.39
43.254423,76.946477,2026-02-04T19:31:27+05:00,Wednesday,2,0,2,19,evening,human,65.26
43.244452,76.857752,2026-01-21T08:52:09+05:00,Wednesday,2,0,1,8,morning,transport,78.76
43.284009,76.89318,2025-12-11T17:12:29+05:00,Thursday,3,0,12,17,evening,building_noise,78.41
43.262867,76.953107,2026-03-01T20:32:42+05:00,Sunday,6,1,3,20,evening,human,53.01
43.279639,76.892434,2026-01-09T08:52:54+05:00,Friday,4,0,1,8,morning,building_noise,76.74
43.263605,76.954395,2026-02-16T17:57:49+05:00,Monday,0,0,2,17,evening,human,55.63
43.218723,76.902977,2026-01-08T21:26:33+05:00,Thursday,3,0,1,21,late_evening,transport,50.93
43.232479,76.973327,2026-04-20T15:38:31+05:00,Monday,0,0,4,15,daytime,animals,46.12
43.23317,76.978355,2025-12-03T08:28:08+05:00,Wednesday,2,0,12,8,morning,others,43.2
43.281761,76.895561,2026-05-10T19:39:24+05:00,Sunday,6,1,5,19,evening,alert,75.71
43.251719,76.942055,2025-12-31T18:29:50+05:00,Wednesday,2,0,12,18,evening,building_noise,69.21
43.24557,76.861794,2025-11-20T08:15:47+05:00,Thursday,3,0,11,8,morning,transport,75.9
43.237191,76.930141,2026-02-19T06:13:07+05:00,Thursday,3,0,2,6,morning,transport,60.69
43.230469,76.954699,2026-03-02T17:44:32+05:00,Monday,0,0,3,17,evening,transport,73.12
43.284967,76.898926,2025-11-28T07:22:43+05:00,Friday,4,0,11,7,morning,transport,65.69
43.233977,76.975438,2025-11-07T18:21:17+05:00,Friday,4,0,11,18,evening,human,56.05
43.287359,76.898804,2026-02-13T13:04:03+05:00,Friday,4,0,2,13,daytime,building_noise,72.8
43.26705,76.928471,2026-02-17T16:58:31+05:00,Tuesday,1,0,2,16,daytime,human,56.5
43.22018,76.926462,2026-02-14T16:52:26+05:00,Saturday,5,1,2,16,daytime,transport,66.44
43.240136,76.923121,2026-04-06T14:19:59+05:00,Monday,0,0,4,14,daytime,transport,68.56
43.237898,76.930188,2025-12-06T09:07:28+05:00,Saturday,5,1,12,9,morning,alert,72.34
43.262096,76.957814,2025-11-01T09:24:31+05:00,Saturday,5,1,11,9,morning,human,68.52
43.249025,76.939454,2026-04-30T13:57:10+05:00,Thursday,3,0,4,13,daytime,human,59.95
43.2634,76.953085,2026-03-15T12:43:01+05:00,Sunday,6,1,3,12,daytime,human,65.47
43.288192,76.891126,2026-01-06T18:16:06+05:00,Tuesday,1,0,1,18,evening,building_noise,78.56
43.340726,76.949849,2025-11-23T09:33:20+05:00,Sunday,6,1,11,9,morning,transport,72.59
43.266944,76.926728,2025-11-27T02:29:41+05:00,Thursday,3,0,11,2,night,human,47.31
43.264584,76.92733,2026-03-27T00:42:08+05:00,Friday,4,0,3,0,night,human,49.57
43.234034,76.916795,2026-04-04T10:01:12+05:00,Saturday,5,1,4,10,morning,alert,65.29
43.263455,76.953752,2026-02-24T18:30:53+05:00,Tuesday,1,0,2,18,evening,human,63.69
43.236311,76.917379,2026-03-21T17:25:31+05:00,Saturday,5,1,3,17,evening,alert,71.7
43.22422,76.903487,2025-12-18T15:16:28+05:00,Thursday,3,0,12,15,daytime,human,49.57
43.235157,76.920593,2026-01-23T09:16:31+05:00,Friday,4,0,1,9,morning,transport,78.75
43.261689,76.970652,2026-01-06T16:55:14+05:00,Tuesday,1,0,1,16,daytime,human,60.86
43.256511,76.970572,2025-11-21T08:00:55+05:00,Friday,4,0,11,8,morning,animals,43.8
43.261739,76.922423,2026-04-19T20:30:07+05:00,Sunday,6,1,4,20,evening,human,67.05
43.260677,76.953435,2026-05-09T07:31:03+05:00,Saturday,5,1,5,7,morning,others,49.92
43.259211,76.972963,2025-12-28T18:10:46+05:00,Sunday,6,1,12,18,evening,human,60.07
43.258867,76.973321,2025-11-09T00:44:37+05:00,Sunday,6,1,11,0,night,animals,35.0
43.238107,76.932185,2026-02-12T19:40:01+05:00,Thursday,3,0,2,19,evening,alert,71.04
43.240253,76.919725,2026-02-27T08:08:28+05:00,Friday,4,0,2,8,morning,transport,75.96
43.262406,76.953821,2026-01-15T10:39:26+05:00,Thursday,3,0,1,10,morning,human,61.34
43.232095,76.955209,2026-02-25T08:50:31+05:00,Wednesday,2,0,2,8,morning,others,67.38
43.22081,76.9271,2025-12-05T17:16:43+05:00,Friday,4,0,12,17,evening,transport,81.63
43.253823,76.944135,2025-12-21T15:13:57+05:00,Sunday,6,1,12,15,daytime,human,58.54
43.254556,76.9439,2026-04-24T05:50:36+05:00,Friday,4,0,4,5,night,human,43.62
43.259145,76.965975,2025-11-13T08:54:44+05:00,Thursday,3,0,11,8,morning,others,46.82
43.224455,76.89869,2026-03-01T13:10:30+05:00,Sunday,6,1,3,13,daytime,animals,46.48
43.261655,76.965314,2025-11-15T23:17:00+05:00,Saturday,5,1,11,23,late_evening,others,50.53
43.338065,76.94786,2026-03-16T20:45:58+05:00,Monday,0,0,3,20,evening,transport,67.0
43.256242,76.944742,2025-11-27T19:31:01+05:00,Thursday,3,0,11,19,evening,human,67.26
43.23953,76.932185,2026-03-21T10:11:23+05:00,Saturday,5,1,3,10,morning,alert,69.13
43.237859,76.929462,2026-01-31T20:32:22+05:00,Saturday,5,1,1,20,evening,others,57.9
43.258658,76.973753,2025-12-13T21:05:36+05:00,Saturday,5,1,12,21,late_evening,animals,35.0
43.223185,76.899175,2026-01-17T18:09:24+05:00,Saturday,5,1,1,18,evening,human,64.97
43.280323,76.891636,2026-04-10T06:37:37+05:00,Friday,4,0,4,6,morning,transport,54.03
43.23813,76.915728,2025-12-04T02:07:47+05:00,Thursday,3,0,12,2,night,transport,47.16
43.250575,76.937253,2025-12-07T14:07:16+05:00,Sunday,6,1,12,14,daytime,human,60.14
43.261321,76.953138,2025-12-20T17:16:04+05:00,Saturday,5,1,12,17,evening,human,68.3
43.358725,77.03686,2026-02-15T17:26:21+05:00,Sunday,6,1,2,17,evening,alert,80.77
43.237575,76.919129,2025-11-01T08:30:26+05:00,Saturday,5,1,11,8,morning,transport,67.62
43.338631,76.947861,2026-03-28T08:51:06+05:00,Saturday,5,1,3,8,morning,building_noise,71.94
43.239107,76.927332,2026-04-11T09:27:26+05:00,Saturday,5,1,4,9,morning,alert,70.82
43.234373,76.976286,2025-11-21T10:35:22+05:00,Friday,4,0,11,10,morning,building_noise,56.26
43.23623,76.952758,2026-01-10T15:53:42+05:00,Saturday,5,1,1,15,daytime,human,67.09
43.236229,76.916899,2026-02-23T16:14:26+05:00,Monday,0,0,2,16,daytime,transport,58.16
43.235882,76.930635,2025-11-14T09:26:49+05:00,Friday,4,0,11,9,morning,alert,73.85
43.216598,76.923707,2025-12-28T17:46:30+05:00,Sunday,6,1,12,17,evening,transport,72.11
43.233775,76.956791,2025-11-26T17:43:38+05:00,Wednesday,2,0,11,17,evening,human,75.4
43.262203,76.822326,2026-05-05T00:09:06+05:00,Tuesday,1,0,5,0,night,human,41.23
43.220374,76.928467,2026-04-03T17:31:22+05:00,Friday,4,0,4,17,evening,alert,88.44
43.346938,77.044462,2026-04-29T22:19:15+05:00,Wednesday,2,0,4,22,late_evening,transport,69.83
43.238396,76.922143,2026-04-27T09:07:09+05:00,Monday,0,0,4,9,morning,transport,75.18
43.254668,76.939253,2025-11-19T17:17:27+05:00,Wednesday,2,0,11,17,evening,others,64.15
43.263712,76.955426,2026-03-11T08:47:38+05:00,Wednesday,2,0,3,8,morning,others,46.89
43.248107,76.862515,2025-12-15T20:15:36+05:00,Monday,0,0,12,20,evening,transport,64.08
43.25118,76.939584,2026-01-14T11:04:25+05:00,Wednesday,2,0,1,11,daytime,human,63.57
43.247327,76.940448,2026-02-19T12:36:48+05:00,Thursday,3,0,2,12,daytime,human,60.83
43.225711,76.900075,2025-12-03T19:30:12+05:00,Wednesday,2,0,12,19,evening,animals,50.16
43.345279,77.039465,2026-04-02T10:16:40+05:00,Thursday,3,0,4,10,morning,transport,70.28
43.258384,76.972885,2025-12-21T20:51:40+05:00,Sunday,6,1,12,20,evening,animals,40.13
43.258054,76.94319,2026-01-28T10:57:26+05:00,Wednesday,2,0,1,10,morning,human,57.97
43.220586,76.928708,2026-04-30T09:51:56+05:00,Thursday,3,0,4,9,morning,transport,79.71
43.246525,76.935879,2026-02-06T13:32:51+05:00,Friday,4,0,2,13,daytime,human,64.66
43.258713,76.947352,2026-02-14T22:40:28+05:00,Saturday,5,1,2,22,late_evening,human,68.45
43.222304,76.898099,2026-01-26T19:20:44+05:00,Monday,0,0,1,19,evening,others,53.95
43.218553,76.897696,2026-04-01T06:57:05+05:00,Wednesday,2,0,4,6,morning,others,35.0
43.273692,76.898863,2025-12-16T10:02:31+05:00,Tuesday,1,0,12,10,morning,building_noise,75.04
43.235282,76.922508,2025-11-10T08:43:44+05:00,Monday,0,0,11,8,morning,transport,78.13
43.234758,76.974767,2025-11-24T22:59:26+05:00,Monday,0,0,11,22,late_evening,others,42.78
43.234666,76.975381,2025-12-09T15:48:36+05:00,Tuesday,1,0,12,15,daytime,human,53.02
43.283863,76.894309,2025-11-22T18:19:46+05:00,Saturday,5,1,11,18,evening,building_noise,74.8
43.282119,76.890065,2026-02-04T16:43:04+05:00,Wednesday,2,0,2,16,daytime,building_noise,69.64
43.264453,76.956305,2025-11-05T22:23:45+05:00,Wednesday,2,0,11,22,late_evening,others,48.35
43.247005,76.861415,2025-11-07T09:33:52+05:00,Friday,4,0,11,9,morning,transport,76.39
43.260477,76.967837,2026-01-09T21:43:09+05:00,Friday,4,0,1,21,late_evening,others,47.64
43.25374,76.943959,2026-02-25T19:58:39+05:00,Wednesday,2,0,2,19,evening,transport,71.11
43.21672,76.927956,2026-01-29T02:09:11+05:00,Thursday,3,0,1,2,night,human,53.8
43.282026,76.889797,2025-12-17T13:17:33+05:00,Wednesday,2,0,12,13,daytime,building_noise,75.82
43.258262,76.973445,2026-03-26T17:23:32+05:00,Thursday,3,0,3,17,evening,others,56.86
43.227233,76.902368,2026-01-05T18:00:45+05:00,Monday,0,0,1,18,evening,human,58.75
43.233582,76.976329,2025-12-17T10:51:10+05:00,Wednesday,2,0,12,10,morning,human,45.63
43.258206,76.975404,2026-04-28T11:32:36+05:00,Tuesday,1,0,4,11,daytime,animals,43.76
43.235031,76.915234,2026-04-30T18:23:14+05:00,Thursday,3,0,4,18,evening,animals,51.48
43.356606,77.039214,2026-02-07T07:17:47+05:00,Saturday,5,1,2,7,morning,transport,72.31
43.238711,76.956982,2026-03-20T21:40:21+05:00,Friday,4,0,3,21,late_evening,building_noise,72.29
43.237933,76.928335,2026-05-01T06:13:54+05:00,Friday,4,0,5,6,morning,transport,54.02
43.25313,76.943411,2025-12-28T02:51:47+05:00,Sunday,6,1,12,2,night,alert,62.77
43.234642,76.975833,2025-12-16T07:56:08+05:00,Tuesday,1,0,12,7,morning,others,46.4
43.236308,76.975169,2025-11-18T06:57:19+05:00,Tuesday,1,0,11,6,morning,animals,35.0
43.280024,76.890838,2026-03-14T01:33:28+05:00,Saturday,5,1,3,1,night,building_noise,47.03
43.240075,76.921898,2026-01-11T12:59:27+05:00,Sunday,6,1,1,12,daytime,transport,64.4
43.280942,76.894027,2026-02-21T13:55:48+05:00,Saturday,5,1,2,13,daytime,building_noise,75.28
43.259517,76.971572,2026-04-17T07:10:01+05:00,Friday,4,0,4,7,morning,animals,41.03
43.356952,77.044937,2025-11-23T15:04:40+05:00,Sunday,6,1,11,15,daytime,transport,64.04
43.258457,76.972581,2026-01-11T13:00:42+05:00,Sunday,6,1,1,13,daytime,others,55.64
43.233859,76.957649,2026-01-04T09:31:19+05:00,Sunday,6,1,1,9,morning,human,70.15
43.282746,76.894156,2026-04-03T21:35:28+05:00,Friday,4,0,4,21,late_evening,human,60.41
43.257925,76.945701,2026-02-05T20:14:50+05:00,Thursday,3,0,2,20,evening,human,64.0
43.212029,76.928605,2026-01-17T20:52:53+05:00,Saturday,5,1,1,20,evening,transport,69.14
43.238125,76.929408,2025-11-03T07:19:53+05:00,Monday,0,0,11,7,morning,transport,70.14
43.218459,76.923915,2025-12-29T16:13:35+05:00,Monday,0,0,12,16,daytime,transport,72.59
43.25877,76.955265,2025-11-21T08:45:11+05:00,Friday,4,0,11,8,morning,others,49.42
43.250885,76.943841,2026-04-26T23:37:43+05:00,Sunday,6,1,4,23,late_evening,human,67.26
43.25394,76.946897,2026-03-15T09:21:16+05:00,Sunday,6,1,3,9,morning,human,63.93
43.276495,76.89158,2025-11-05T13:26:49+05:00,Wednesday,2,0,11,13,daytime,building_noise,71.67
43.248207,76.943641,2026-02-09T19:28:32+05:00,Monday,0,0,2,19,evening,alert,73.73
43.238887,76.97613,2026-04-21T17:22:52+05:00,Tuesday,1,0,4,17,evening,human,52.74
43.23798,76.95773,2026-02-12T12:21:37+05:00,Thursday,3,0,2,12,daytime,human,61.76
43.259794,76.97182,2025-12-12T12:02:08+05:00,Friday,4,0,12,12,daytime,human,53.51
43.239778,76.920099,2026-01-02T08:58:31+05:00,Friday,4,0,1,8,morning,transport,78.03
43.25759,76.944614,2026-03-06T16:25:27+05:00,Friday,4,0,3,16,daytime,human,59.02
43.261182,76.929933,2026-03-24T00:56:22+05:00,Tuesday,1,0,3,0,night,transport,50.15
43.236192,76.910462,2026-03-14T08:11:42+05:00,Saturday,5,1,3,8,morning,transport,62.67
43.281689,76.892432,2025-12-04T17:24:50+05:00,Thursday,3,0,12,17,evening,transport,74.6
43.232035,76.95474,2026-04-11T21:30:05+05:00,Saturday,5,1,4,21,late_evening,human,71.51
43.221006,76.902673,2026-04-15T09:54:09+05:00,Wednesday,2,0,4,9,morning,others,45.5
43.245688,76.854687,2026-03-02T14:28:25+05:00,Monday,0,0,3,14,daytime,transport,67.74
43.258884,76.974134,2026-02-02T08:51:48+05:00,Monday,0,0,2,8,morning,animals,42.17
43.2586,76.966184,2026-02-02T20:42:54+05:00,Monday,0,0,2,20,evening,others,44.34
43.257932,76.966342,2026-01-03T20:31:38+05:00,Saturday,5,1,1,20,evening,others,47.76
43.249324,76.94333,2026-02-27T18:41:21+05:00,Friday,4,0,2,18,evening,human,66.21
43.25835,76.942975,2026-02-20T20:46:42+05:00,Friday,4,0,2,20,evening,human,71.29
43.24799,76.937536,2025-12-16T21:02:23+05:00,Tuesday,1,0,12,21,late_evening,human,69.19
43.26244,76.954461,2025-12-11T06:06:42+05:00,Thursday,3,0,12,6,morning,others,45.28
43.263684,76.955599,2025-11-26T21:54:23+05:00,Wednesday,2,0,11,21,late_evening,others,45.31
43.251456,76.945332,2026-04-18T00:07:27+05:00,Saturday,5,1,4,0,night,others,51.18
43.221347,76.92763,2026-01-03T18:24:59+05:00,Saturday,5,1,1,18,evening,transport,72.38
43.257696,76.975944,2026-03-01T21:27:06+05:00,Sunday,6,1,3,21,late_evening,animals,35.16
43.238858,76.917778,2026-02-26T17:19:10+05:00,Thursday,3,0,2,17,evening,transport,70.79
43.260378,76.973557,2025-12-01T21:24:29+05:00,Monday,0,0,12,21,late_evening,animals,40.23
43.222637,76.903479,2025-11-14T07:47:42+05:00,Friday,4,0,11,7,morning,building_noise,52.07
43.275878,76.897931,2026-02-25T10:11:29+05:00,Wednesday,2,0,2,10,morning,building_noise,75.38
43.222368,76.899388,2026-03-30T09:08:57+05:00,Monday,0,0,3,9,morning,others,50.49
43.249633,76.94112,2026-04-11T05:53:22+05:00,Saturday,5,1,4,5,night,human,55.96
43.219798,76.933176,2026-02-28T08:33:50+05:00,Saturday,5,1,2,8,morning,transport,72.21
43.253419,76.943879,2026-04-22T19:00:34+05:00,Wednesday,2,0,4,19,evening,human,62.62
43.335029,76.947768,2026-02-12T16:38:35+05:00,Thursday,3,0,2,16,daytime,transport,65.06
43.236821,76.955636,2025-11-01T01:39:08+05:00,Saturday,5,1,11,1,night,human,61.69
43.238345,76.92998,2025-12-26T08:55:39+05:00,Friday,4,0,12,8,morning,alert,71.61
43.237323,76.928632,2026-01-11T18:41:18+05:00,Sunday,6,1,1,18,evening,alert,70.51
43.255385,76.942708,2025-12-26T11:24:54+05:00,Friday,4,0,12,11,daytime,building_noise,69.58
43.216797,76.898144,2025-11-27T23:26:39+05:00,Thursday,3,0,11,23,late_evening,others,45.64
43.231967,76.981515,2026-05-05T07:52:47+05:00,Tuesday,1,0,5,7,morning,others,43.94
43.261905,76.95554,2026-03-10T08:48:38+05:00,Tuesday,1,0,3,8,morning,others,58.55
43.252344,76.93754,2026-01-30T16:16:31+05:00,Friday,4,0,1,16,daytime,others,57.41
43.282888,76.897612,2026-04-06T07:24:23+05:00,Monday,0,0,4,7,morning,building_noise,69.83
43.26232,76.954948,2026-04-15T17:03:01+05:00,Wednesday,2,0,4,17,evening,human,67.61
43.250674,76.942919,2025-11-02T07:59:01+05:00,Sunday,6,1,11,7,morning,others,64.06
43.248701,76.941893,2025-11-16T22:17:53+05:00,Sunday,6,1,11,22,late_evening,human,69.53
43.239414,76.923359,2026-03-21T11:06:29+05:00,Saturday,5,1,3,11,daytime,transport,67.82
43.255174,76.939476,2025-11-19T17:09:27+05:00,Wednesday,2,0,11,17,evening,others,64.37
43.238442,76.918264,2026-03-24T06:44:19+05:00,Tuesday,1,0,3,6,morning,transport,63.97
43.215165,76.926767,2025-11-19T19:23:58+05:00,Wednesday,2,0,11,19,evening,transport,85.1
43.277209,76.897879,2026-03-17T12:06:54+05:00,Tuesday,1,0,3,12,daytime,building_noise,73.06
43.246123,76.863984,2026-02-22T12:42:15+05:00,Sunday,6,1,2,12,daytime,transport,68.24
43.218285,76.930446,2026-02-13T21:01:55+05:00,Friday,4,0,2,21,late_evening,transport,73.99
43.245286,76.861353,2026-05-10T17:34:12+05:00,Sunday,6,1,5,17,evening,transport,71.61
43.261222,76.972501,2026-01-12T13:47:45+05:00,Monday,0,0,1,13,daytime,human,55.08
43.234167,76.955745,2026-01-28T09:28:02+05:00,Wednesday,2,0,1,9,morning,transport,75.64
43.339311,76.945012,2026-03-31T09:43:34+05:00,Tuesday,1,0,3,9,morning,transport,78.97
43.239665,76.91773,2025-11-24T02:23:31+05:00,Monday,0,0,11,2,night,others,40.15
43.259545,76.948183,2025-11-17T13:36:29+05:00,Monday,0,0,11,13,daytime,human,58.67
43.214938,76.923177,2025-12-04T18:41:36+05:00,Thursday,3,0,12,18,evening,others,75.83
43.21748,76.900001,2025-11-05T12:19:28+05:00,Wednesday,2,0,11,12,daytime,transport,57.16
43.257371,76.946385,2025-11-23T13:26:18+05:00,Sunday,6,1,11,13,daytime,human,59.25
43.2361,76.954175,2026-04-28T09:05:41+05:00,Tuesday,1,0,4,9,morning,building_noise,77.05
43.219953,76.903944,2025-12-21T07:23:46+05:00,Sunday,6,1,12,7,morning,transport,50.89
43.217448,76.933812,2026-04-22T10:35:28+05:00,Wednesday,2,0,4,10,morning,transport,73.09
43.218334,76.931886,2026-04-23T18:02:19+05:00,Thursday,3,0,4,18,evening,transport,81.06
43.242079,76.923438,2026-03-11T18:05:20+05:00,Wednesday,2,0,3,18,evening,transport,78.98
43.243603,76.940722,2026-03-30T09:13:41+05:00,Monday,0,0,3,9,morning,building_noise,72.3
43.248153,76.860544,2026-03-11T08:37:47+05:00,Wednesday,2,0,3,8,morning,transport,79.74
43.245702,76.940046,2026-04-17T08:59:38+05:00,Friday,4,0,4,8,morning,human,68.68
43.225379,76.901053,2026-01-01T09:38:59+05:00,Thursday,3,0,1,9,morning,others,47.13
43.262204,76.96946,2026-04-12T07:43:51+05:00,Sunday,6,1,4,7,morning,others,54.04
43.281025,76.894227,2026-02-13T15:24:18+05:00,Friday,4,0,2,15,daytime,building_noise,74.51
43.263555,76.955299,2026-03-16T21:46:16+05:00,Monday,0,0,3,21,late_evening,others,51.27
43.26022,76.976754,2026-01-18T08:29:50+05:00,Sunday,6,1,1,8,morning,animals,40.91
43.22364,76.901123,2025-11-17T02:55:24+05:00,Monday,0,0,11,2,night,others,35.0
43.247794,76.858858,2026-04-21T17:27:16+05:00,Tuesday,1,0,4,17,evening,transport,75.85
43.255786,76.944151,2025-11-21T23:25:28+05:00,Friday,4,0,11,23,late_evening,transport,72.76
43.224059,76.901155,2025-11-10T08:50:14+05:00,Monday,0,0,11,8,morning,others,50.8
43.251024,76.939382,2026-03-11T17:09:37+05:00,Wednesday,2,0,3,17,evening,human,67.01
43.235082,76.92269,2025-12-29T08:53:18+05:00,Monday,0,0,12,8,morning,transport,80.15
43.255157,76.945076,2025-11-18T21:34:53+05:00,Tuesday,1,0,11,21,late_evening,human,69.28
43.340867,76.949116,2026-04-19T19:37:12+05:00,Sunday,6,1,4,19,evening,transport,78.55
43.262787,76.952067,2026-01-28T22:10:19+05:00,Wednesday,2,0,1,22,late_evening,others,45.73
43.221294,76.930236,2026-04-27T18:46:32+05:00,Monday,0,0,4,18,evening,transport,79.78
43.256641,76.944936,2026-03-20T08:14:27+05:00,Friday,4,0,3,8,morning,building_noise,61.31
43.23864,76.920119,2025-11-15T21:55:59+05:00,Saturday,5,1,11,21,late_evening,alert,75.74
43.239303,76.927456,2025-12-28T19:44:29+05:00,Sunday,6,1,12,19,evening,alert,69.68
43.257777,76.944045,2026-04-13T19:16:51+05:00,Monday,0,0,4,19,evening,human,67.17
43.245205,76.858676,2026-04-06T04:06:37+05:00,Monday,0,0,4,4,night,transport,57.76
43.262636,76.953522,2026-01-28T14:57:56+05:00,Wednesday,2,0,1,14,daytime,human,63.36
43.236375,76.917633,2026-03-21T17:31:31+05:00,Saturday,5,1,3,17,evening,alert,71.63
43.221964,76.897461,2025-12-15T16:59:27+05:00,Monday,0,0,12,16,daytime,human,49.23
43.259551,76.966658,2025-12-18T03:40:57+05:00,Thursday,3,0,12,3,night,others,35.0
43.237073,76.917305,2025-12-05T10:20:41+05:00,Friday,4,0,12,10,morning,transport,65.64
43.23556,76.914664,2025-12-16T22:06:56+05:00,Tuesday,1,0,12,22,late_evening,transport,55.74
43.220612,76.928723,2025-12-06T06:19:16+05:00,Saturday,5,1,12,6,morning,transport,62.59
43.221632,76.92661,2026-02-23T20:54:28+05:00,Monday,0,0,2,20,evening,transport,74.24
43.279131,76.892285,2025-12-26T12:34:09+05:00,Friday,4,0,12,12,daytime,building_noise,69.27
43.259417,76.965052,2025-12-07T09:51:10+05:00,Sunday,6,1,12,9,morning,human,53.58
43.261677,76.974595,2026-03-25T09:25:01+05:00,Wednesday,2,0,3,9,morning,animals,41.37
43.265135,76.955842,2025-11-12T11:15:31+05:00,Wednesday,2,0,11,11,daytime,human,61.14
43.243722,76.865846,2026-01-03T02:16:33+05:00,Saturday,5,1,1,2,night,transport,52.28
43.260682,76.822715,2026-04-23T08:48:19+05:00,Thursday,3,0,4,8,morning,others,57.32
43.258597,76.945889,2026-01-09T14:34:01+05:00,Friday,4,0,1,14,daytime,others,56.9
43.23658,76.921215,2025-12-22T17:26:34+05:00,Monday,0,0,12,17,evening,transport,69.77
43.343898,76.949097,2025-12-02T18:15:48+05:00,Tuesday,1,0,12,18,evening,transport,77.48
43.258685,76.967776,2026-02-27T14:47:49+05:00,Friday,4,0,2,14,daytime,animals,45.4
43.261659,76.952787,2026-03-16T23:55:32+05:00,Monday,0,0,3,23,late_evening,others,47.21
43.342273,76.945214,2026-03-23T19:17:01+05:00,Monday,0,0,3,19,evening,others,71.21
43.261548,76.925694,2026-03-27T17:04:52+05:00,Friday,4,0,3,17,evening,human,66.69
43.342025,76.947592,2026-03-17T12:09:41+05:00,Tuesday,1,0,3,12,daytime,transport,65.82
43.264237,76.928512,2026-01-03T18:29:38+05:00,Saturday,5,1,1,18,evening,human,69.18
43.288583,76.894156,2025-11-05T08:55:00+05:00,Wednesday,2,0,11,8,morning,building_noise,77.15
43.253098,76.945096,2026-04-05T20:18:21+05:00,Sunday,6,1,4,20,evening,human,65.78
43.236482,76.978505,2025-12-25T14:21:56+05:00,Thursday,3,0,12,14,daytime,human,52.76
43.260183,76.975447,2026-01-08T09:05:54+05:00,Thursday,3,0,1,9,morning,animals,37.61
43.258691,76.971202,2026-04-26T06:58:08+05:00,Sunday,6,1,4,6,morning,animals,45.14
43.25938,76.943367,2025-12-22T14:26:38+05:00,Monday,0,0,12,14,daytime,human,62.17
43.25904,76.97174,2026-03-26T11:34:01+05:00,Thursday,3,0,3,11,daytime,animals,43.3
43.217262,76.931627,2025-12-11T15:16:17+05:00,Thursday,3,0,12,15,daytime,transport,71.57
43.261545,76.974345,2025-12-07T08:36:08+05:00,Sunday,6,1,12,8,morning,animals,38.38
43.261555,76.967323,2026-01-08T20:32:54+05:00,Thursday,3,0,1,20,evening,others,45.29
43.247773,76.85729,2026-01-21T17:22:48+05:00,Wednesday,2,0,1,17,evening,transport,79.96
43.252458,76.857377,2026-01-20T17:09:05+05:00,Tuesday,1,0,1,17,evening,transport,82.75
43.283806,76.900805,2026-01-09T09:59:55+05:00,Friday,4,0,1,9,morning,building_noise,76.91
43.26185,76.954327,2025-12-23T07:41:24+05:00,Tuesday,1,0,12,7,morning,alert,68.49
43.2354,76.977868,2025-12-27T17:54:26+05:00,Saturday,5,1,12,17,evening,human,52.77
43.248446,76.939209,2025-12-31T17:07:13+05:00,Wednesday,2,0,12,17,evening,human,68.43
43.237304,76.921043,2026-05-08T07:09:11+05:00,Friday,4,0,5,7,morning,transport,80.0
43.284374,76.896241,2026-02-27T13:44:35+05:00,Friday,4,0,2,13,daytime,building_noise,70.84
43.238553,76.916518,2026-04-28T16:58:21+05:00,Tuesday,1,0,4,16,daytime,building_noise,62.44
43.239223,76.928844,2026-01-05T22:35:05+05:00,Monday,0,0,1,22,late_evening,alert,70.81
43.233245,76.957553,2025-11-08T00:04:37+05:00,Saturday,5,1,11,0,night,human,59.62
43.249684,76.946055,2026-01-13T17:18:08+05:00,Tuesday,1,0,1,17,evening,human,64.47
43.261072,76.952198,2026-01-15T17:49:50+05:00,Thursday,3,0,1,17,evening,human,65.97
43.250685,76.861526,2026-05-05T08:42:42+05:00,Tuesday,1,0,5,8,morning,transport,80.84
43.262344,76.955493,2026-03-14T18:17:28+05:00,Saturday,5,1,3,18,evening,human,72.81
43.222124,76.903575,2025-11-20T08:57:55+05:00,Thursday,3,0,11,8,morning,others,47.7
43.235448,76.917961,2025-12-27T12:41:33+05:00,Saturday,5,1,12,12,daytime,transport,59.49
43.251342,76.86331,2025-12-04T10:01:24+05:00,Thursday,3,0,12,10,morning,transport,69.62
43.283665,76.89208,2025-12-24T16:15:50+05:00,Wednesday,2,0,12,16,daytime,building_noise,75.83
43.265965,76.823379,2026-04-08T20:52:15+05:00,Wednesday,2,0,4,20,evening,human,62.18
43.237432,76.954646,2025-12-20T23:22:46+05:00,Saturday,5,1,12,23,late_evening,human,72.05
43.260489,76.94703,2025-12-27T00:30:35+05:00,Saturday,5,1,12,0,night,human,53.62
43.28578,76.893756,2025-12-08T15:21:05+05:00,Monday,0,0,12,15,daytime,building_noise,72.26
43.241272,76.926383,2026-03-19T12:38:31+05:00,Thursday,3,0,3,12,daytime,others,57.7
43.217524,76.929561,2026-01-14T04:37:46+05:00,Wednesday,2,0,1,4,night,transport,57.8
43.261297,76.968763,2026-05-05T13:10:33+05:00,Tuesday,1,0,5,13,daytime,others,54.72
43.234974,76.976514,2026-02-03T09:45:35+05:00,Tuesday,1,0,2,9,morning,others,48.93
43.240375,76.932913,2026-01-26T15:26:02+05:00,Monday,0,0,1,15,daytime,others,53.33
43.234535,76.921238,2026-01-02T03:31:36+05:00,Friday,4,0,1,3,night,transport,57.82
43.218709,76.924461,2026-02-04T16:29:35+05:00,Wednesday,2,0,2,16,daytime,transport,77.97
43.21676,76.933541,2025-12-01T06:34:18+05:00,Monday,0,0,12,6,morning,transport,63.86
43.261608,76.95316,2026-04-08T13:37:43+05:00,Wednesday,2,0,4,13,daytime,human,64.94
43.236847,76.914731,2026-01-11T18:17:05+05:00,Sunday,6,1,1,18,evening,building_noise,67.35
43.240622,76.959492,2025-11-20T15:05:08+05:00,Thursday,3,0,11,15,daytime,human,55.37
43.234413,76.914216,2026-01-23T07:08:31+05:00,Friday,4,0,1,7,morning,transport,68.19
43.26669,76.822723,2025-12-13T17:44:10+05:00,Saturday,5,1,12,17,evening,others,57.79
43.260334,76.96563,2026-03-09T06:41:20+05:00,Monday,0,0,3,6,morning,animals,35.0
43.353065,77.042711,2026-03-01T08:02:01+05:00,Sunday,6,1,3,8,morning,transport,74.5
43.255189,76.942655,2026-02-01T20:10:33+05:00,Sunday,6,1,2,20,evening,human,65.56
43.29039,76.893741,2025-12-12T18:10:14+05:00,Friday,4,0,12,18,evening,building_noise,76.87
43.239572,76.923501,2026-04-12T18:37:59+05:00,Sunday,6,1,4,18,evening,alert,77.95
43.234853,76.958393,2026-01-09T08:11:54+05:00,Friday,4,0,1,8,morning,transport,74.78
43.259124,76.941759,2026-02-21T06:03:45+05:00,Saturday,5,1,2,6,morning,human,57.99
43.263601,76.954717,2026-02-26T07:04:57+05:00,Thursday,3,0,2,7,morning,others,35.0
43.258162,76.971885,2026-04-19T08:38:24+05:00,Sunday,6,1,4,8,morning,animals,43.95
43.356594,77.043406,2026-02-03T17:21:59+05:00,Tuesday,1,0,2,17,evening,alert,81.63
43.260747,76.954786,2026-03-29T17:13:37+05:00,Sunday,6,1,3,17,evening,human,67.71
43.281459,76.89691,2026-01-18T10:16:42+05:00,Sunday,6,1,1,10,morning,transport,61.07
43.232034,76.975423,2026-01-21T21:54:44+05:00,Wednesday,2,0,1,21,late_evening,building_noise,48.03
43.238048,76.925134,2026-03-12T18:57:47+05:00,Thursday,3,0,3,18,evening,transport,82.25
43.233232,76.978647,2025-12-21T12:24:28+05:00,Sunday,6,1,12,12,daytime,animals,47.22
43.221102,76.926925,2026-04-04T07:23:47+05:00,Saturday,5,1,4,7,morning,transport,67.0
43.238113,76.917392,2026-03-13T07:33:25+05:00,Friday,4,0,3,7,morning,transport,70.24
43.354239,77.043387,2026-05-09T20:40:00+05:00,Saturday,5,1,5,20,evening,human,63.05
43.235633,76.930024,2025-11-12T22:50:10+05:00,Wednesday,2,0,11,22,late_evening,others,53.54
43.249634,76.861019,2026-02-03T18:30:56+05:00,Tuesday,1,0,2,18,evening,transport,70.96
43.238841,76.923097,2026-03-18T17:27:22+05:00,Wednesday,2,0,3,17,evening,transport,82.28
43.272927,76.896338,2026-02-16T07:47:01+05:00,Monday,0,0,2,7,morning,transport,66.6
43.256496,76.973282,2026-02-10T11:19:10+05:00,Tuesday,1,0,2,11,daytime,human,51.59
43.263126,76.967207,2025-12-03T07:10:43+05:00,Wednesday,2,0,12,7,morning,others,48.62
43.256299,76.974662,2026-01-16T09:02:56+05:00,Friday,4,0,1,9,morning,animals,43.77
43.239024,76.92065,2026-04-16T07:02:20+05:00,Thursday,3,0,4,7,morning,human,77.1
43.260926,76.953208,2025-11-25T18:49:03+05:00,Tuesday,1,0,11,18,evening,human,69.47
43.246971,76.857092,2025-12-06T17:04:51+05:00,Saturday,5,1,12,17,evening,transport,75.8
43.265733,76.966428,2026-01-22T16:38:35+05:00,Thursday,3,0,1,16,daytime,human,55.09
43.252103,76.944249,2026-01-10T15:49:33+05:00,Saturday,5,1,1,15,daytime,human,65.03
43.276894,76.890813,2025-12-22T08:53:04+05:00,Monday,0,0,12,8,morning,building_noise,74.41
43.218791,76.8986,2026-02-12T11:23:21+05:00,Thursday,3,0,2,11,daytime,human,50.52
43.264476,76.924926,2026-03-04T18:31:52+05:00,Wednesday,2,0,3,18,evening,human,65.39
43.24815,76.936453,2026-05-07T08:47:58+05:00,Thursday,3,0,5,8,morning,human,71.76
43.261891,76.95457,2025-11-24T06:31:53+05:00,Monday,0,0,11,6,morning,others,43.33
43.239315,76.932332,2025-12-20T12:43:43+05:00,Saturday,5,1,12,12,daytime,transport,63.03
43.23871,76.930511,2025-12-12T21:01:31+05:00,Friday,4,0,12,21,late_evening,alert,66.47
43.238315,76.930575,2026-04-27T20:05:35+05:00,Monday,0,0,4,20,evening,alert,73.47
43.263287,76.928719,2026-01-08T18:59:16+05:00,Thursday,3,0,1,18,evening,others,61.3
43.240586,76.93001,2026-05-09T20:35:42+05:00,Saturday,5,1,5,20,evening,alert,66.72
43.350323,77.039489,2026-04-30T19:31:06+05:00,Thursday,3,0,4,19,evening,transport,80.72
43.239735,76.92128,2026-02-06T22:25:04+05:00,Friday,4,0,2,22,late_evening,transport,74.34
43.250957,76.862748,2026-02-18T15:30:08+05:00,Wednesday,2,0,2,15,daytime,transport,68.18
43.243358,76.85745,2025-12-14T09:25:33+05:00,Sunday,6,1,12,9,morning,transport,72.15
43.257223,76.973099,2026-02-20T09:05:44+05:00,Friday,4,0,2,9,morning,animals,45.02
43.262685,76.954326,2025-12-12T22:52:58+05:00,Friday,4,0,12,22,late_evening,alert,62.37
43.238791,76.958217,2026-04-20T07:51:39+05:00,Monday,0,0,4,7,morning,transport,73.2
43.240427,76.922117,2026-05-06T18:19:03+05:00,Wednesday,2,0,5,18,evening,transport,77.1
43.235672,76.957514,2025-11-06T21:32:02+05:00,Thursday,3,0,11,21,late_evening,human,71.86
43.26207,76.968401,2026-01-18T07:08:01+05:00,Sunday,6,1,1,7,morning,others,52.22
43.254441,76.944539,2026-03-22T14:35:19+05:00,Sunday,6,1,3,14,daytime,human,64.22
43.26498,76.820227,2026-03-30T06:55:54+05:00,Monday,0,0,3,6,morning,transport,44.5
43.289315,76.895024,2025-12-02T12:46:23+05:00,Tuesday,1,0,12,12,daytime,building_noise,76.69
43.247921,76.862197,2025-11-21T23:02:03+05:00,Friday,4,0,11,23,late_evening,transport,66.98
43.258374,76.973748,2026-04-28T09:13:17+05:00,Tuesday,1,0,4,9,morning,animals,42.2
43.254173,76.942606,2025-12-17T14:40:41+05:00,Wednesday,2,0,12,14,daytime,human,60.78
43.235891,76.914682,2026-01-10T19:28:37+05:00,Saturday,5,1,1,19,evening,transport,62.89
43.282451,76.89354,2026-05-05T17:43:18+05:00,Tuesday,1,0,5,17,evening,building_noise,77.95
43.23702,76.929717,2026-01-03T16:27:20+05:00,Saturday,5,1,1,16,daytime,alert,71.26
43.265592,76.930097,2026-03-30T13:35:41+05:00,Monday,0,0,3,13,daytime,alert,69.86
43.261016,76.973286,2026-03-31T07:45:37+05:00,Tuesday,1,0,3,7,morning,animals,38.83
43.219946,76.929862,2026-01-19T17:20:08+05:00,Monday,0,0,1,17,evening,transport,84.96
43.223397,76.899399,2025-12-08T06:27:14+05:00,Monday,0,0,12,6,morning,others,36.73
43.252288,76.94317,2026-02-01T08:35:18+05:00,Sunday,6,1,2,8,morning,human,61.2
43.256221,76.972347,2025-12-01T07:09:01+05:00,Monday,0,0,12,7,morning,animals,42.4
43.259981,76.968709,2026-02-21T15:59:07+05:00,Saturday,5,1,2,15,daytime,human,57.45
43.237654,76.974708,2026-03-04T11:39:25+05:00,Wednesday,2,0,3,11,daytime,animals,46.23
43.233461,76.972972,2025-11-06T07:44:22+05:00,Thursday,3,0,11,7,morning,others,49.66
43.26652,76.928836,2026-03-08T17:12:26+05:00,Sunday,6,1,3,17,evening,human,69.9
43.236979,76.929936,2026-04-20T15:40:37+05:00,Monday,0,0,4,15,daytime,transport,58.93
43.263685,76.926004,2026-02-27T11:13:53+05:00,Friday,4,0,2,11,daytime,human,65.59
43.21836,76.901635,2026-02-06T21:29:40+05:00,Friday,4,0,2,21,late_evening,others,43.77
43.255937,76.943095,2026-02-16T23:03:29+05:00,Monday,0,0,2,23,late_evening,human,66.58
43.233566,76.95633,2025-12-23T12:39:20+05:00,Tuesday,1,0,12,12,daytime,human,64.88
43.222416,76.901808,2026-04-04T20:21:22+05:00,Saturday,5,1,4,20,evening,others,39.84
43.262738,76.953232,2026-01-17T08:24:09+05:00,Saturday,5,1,1,8,morning,others,47.07
43.350956,77.03673,2026-03-04T15:25:58+05:00,Wednesday,2,0,3,15,daytime,transport,71.71
43.264642,76.954812,2026-03-15T08:43:24+05:00,Sunday,6,1,3,8,morning,others,46.17
43.284626,76.896879,2025-12-04T12:25:05+05:00,Thursday,3,0,12,12,daytime,building_noise,76.06
43.219395,76.925776,2025-11-15T08:53:37+05:00,Saturday,5,1,11,8,morning,transport,70.7
43.23437,76.923315,2025-11-22T09:02:11+05:00,Saturday,5,1,11,9,morning,alert,78.22
43.216847,76.927612,2026-04-10T18:02:27+05:00,Friday,4,0,4,18,evening,transport,82.27
43.238521,76.914491,2026-02-25T15:10:34+05:00,Wednesday,2,0,2,15,daytime,others,52.9
43.250292,76.944689,2025-11-12T07:56:15+05:00,Wednesday,2,0,11,7,morning,animals,54.3
43.237262,76.954376,2026-04-16T08:20:15+05:00,Thursday,3,0,4,8,morning,transport,73.71
43.261302,76.968963,2026-02-19T09:45:41+05:00,Thursday,3,0,2,9,morning,others,49.14
43.219673,76.924742,2026-03-25T17:22:17+05:00,Wednesday,2,0,3,17,evening,transport,83.9
43.216228,76.92684,2026-02-14T10:47:45+05:00,Saturday,5,1,2,10,morning,transport,70.58
43.278974,76.892974,2025-12-09T15:23:29+05:00,Tuesday,1,0,12,15,daytime,building_noise,72.05
43.264918,76.929864,2025-12-15T11:10:51+05:00,Monday,0,0,12,11,daytime,human,59.06
43.252662,76.945439,2026-04-26T12:50:10+05:00,Sunday,6,1,4,12,daytime,human,65.86
43.268506,76.821609,2026-03-20T22:58:46+05:00,Friday,4,0,3,22,late_evening,human,64.86
43.217714,76.930802,2025-11-19T12:58:21+05:00,Wednesday,2,0,11,12,daytime,transport,73.96
43.278289,76.894017,2026-01-05T17:01:13+05:00,Monday,0,0,1,17,evening,building_noise,77.33
43.239739,76.928372,2025-11-26T11:40:48+05:00,Wednesday,2,0,11,11,daytime,transport,63.8
43.262987,76.95588,2025-11-06T07:48:01+05:00,Thursday,3,0,11,7,morning,others,54.63
43.217375,76.92798,2026-02-25T20:34:00+05:00,Wednesday,2,0,2,20,evening,transport,78.28
43.239279,76.918726,2025-12-08T20:08:13+05:00,Monday,0,0,12,20,evening,others,51.5
43.343247,76.948443,2026-04-27T20:37:00+05:00,Monday,0,0,4,20,evening,transport,63.23
43.286488,76.890267,2025-11-24T12:14:55+05:00,Monday,0,0,11,12,daytime,building_noise,74.96
43.256017,76.974079,2026-01-29T23:47:36+05:00,Thursday,3,0,1,23,late_evening,animals,35.7
43.214938,76.927366,2025-11-10T18:33:56+05:00,Monday,0,0,11,18,evening,transport,82.18
43.250522,76.944704,2026-01-26T17:58:37+05:00,Monday,0,0,1,17,evening,human,67.48
43.254763,76.947526,2026-01-07T10:54:48+05:00,Wednesday,2,0,1,10,morning,human,65.25
43.245966,76.941632,2025-12-08T15:45:19+05:00,Monday,0,0,12,15,daytime,human,62.05
43.250951,76.859553,2026-04-23T17:46:20+05:00,Thursday,3,0,4,17,evening,transport,79.41
43.240138,76.917037,2026-04-14T07:40:28+05:00,Tuesday,1,0,4,7,morning,transport,63.12
43.280398,76.894769,2026-04-04T18:39:33+05:00,Saturday,5,1,4,18,evening,building_noise,73.66
43.259318,76.975923,2026-03-05T22:34:17+05:00,Thursday,3,0,3,22,late_evening,animals,39.24
43.26708,76.926483,2026-05-05T13:31:21+05:00,Tuesday,1,0,5,13,daytime,human,59.71
43.261038,76.952738,2026-03-30T22:45:19+05:00,Monday,0,0,3,22,late_evening,others,50.92
43.240078,76.922446,2026-01-12T20:47:40+05:00,Monday,0,0,1,20,evening,animals,50.58
43.350426,77.043747,2026-03-24T17:29:07+05:00,Tuesday,1,0,3,17,evening,transport,78.18
43.236133,76.956151,2025-11-03T20:00:04+05:00,Monday,0,0,11,20,evening,human,67.51
43.260162,76.973636,2025-11-08T13:48:19+05:00,Saturday,5,1,11,13,daytime,animals,50.1
43.237523,76.926357,2025-11-11T21:35:30+05:00,Tuesday,1,0,11,21,late_evening,alert,65.48
43.242947,76.85945,2026-03-01T12:47:16+05:00,Sunday,6,1,3,12,daytime,transport,66.36
43.236499,76.957544,2025-11-14T07:44:57+05:00,Friday,4,0,11,7,morning,transport,73.36
43.265432,76.823163,2026-02-20T13:24:31+05:00,Friday,4,0,2,13,daytime,human,58.43
43.237871,76.917065,2025-11-28T23:31:07+05:00,Friday,4,0,11,23,late_evening,transport,61.54
43.34277,76.950893,2026-03-13T17:35:37+05:00,Friday,4,0,3,17,evening,transport,72.41
43.346211,77.035491,2026-04-10T07:00:06+05:00,Friday,4,0,4,7,morning,transport,80.13
43.264362,76.952597,2026-04-15T23:50:44+05:00,Wednesday,2,0,4,23,late_evening,others,46.82
43.257178,76.944053,2025-11-22T08:36:39+05:00,Saturday,5,1,11,8,morning,others,62.47
43.262963,76.819895,2026-01-26T16:22:02+05:00,Monday,0,0,1,16,daytime,human,51.8
43.284715,76.895035,2026-05-08T15:18:26+05:00,Friday,4,0,5,15,daytime,transport,75.18
43.220707,76.926296,2026-01-27T19:04:39+05:00,Tuesday,1,0,1,19,evening,transport,82.62
43.247525,76.941527,2026-03-28T01:09:03+05:00,Saturday,5,1,3,1,night,human,54.18
43.263,76.95359,2025-12-24T18:15:07+05:00,Wednesday,2,0,12,18,evening,transport,71.95
43.221089,76.900317,2026-02-23T13:16:20+05:00,Monday,0,0,2,13,daytime,human,50.28
43.259007,76.969128,2025-12-06T16:31:45+05:00,Saturday,5,1,12,16,daytime,human,56.59
43.260846,76.94773,2026-02-11T18:28:28+05:00,Wednesday,2,0,2,18,evening,human,70.93
43.232859,76.953777,2026-04-08T11:12:20+05:00,Wednesday,2,0,4,11,daytime,human,65.39
43.242571,76.919618,2025-11-19T16:45:26+05:00,Wednesday,2,0,11,16,daytime,transport,60.77
43.337683,76.94732,2026-04-03T17:15:07+05:00,Friday,4,0,4,17,evening,alert,84.47
43.252895,76.942156,2026-01-06T18:53:09+05:00,Tuesday,1,0,1,18,evening,others,68.56
43.223847,76.900423,2025-12-14T11:09:38+05:00,Sunday,6,1,12,11,daytime,human,55.45
43.257281,76.944821,2026-03-20T08:04:27+05:00,Friday,4,0,3,8,morning,building_noise,62.07
43.276955,76.897885,2026-02-14T08:40:23+05:00,Saturday,5,1,2,8,morning,building_noise,80.4
43.262826,76.971369,2025-11-25T14:17:13+05:00,Tuesday,1,0,11,14,daytime,human,54.67
43.234846,76.924431,2026-02-18T08:27:41+05:00,Wednesday,2,0,2,8,morning,transport,79.74
43.273932,76.891018,2026-03-11T15:01:39+05:00,Wednesday,2,0,3,15,daytime,building_noise,74.53
43.264296,76.954708,2026-04-05T15:18:30+05:00,Sunday,6,1,4,15,daytime,human,60.05
43.220648,76.928568,2025-11-05T13:47:24+05:00,Wednesday,2,0,11,13,daytime,transport,68.57
43.236661,76.91622,2026-02-09T08:20:16+05:00,Monday,0,0,2,8,morning,transport,72.17
43.240934,76.921068,2026-04-16T17:29:04+05:00,Thursday,3,0,4,17,evening,alert,88.49
43.237912,76.913816,2026-02-01T17:58:39+05:00,Sunday,6,1,2,17,evening,building_noise,63.93
43.234752,76.953748,2026-04-04T08:25:36+05:00,Saturday,5,1,4,8,morning,human,68.16
43.263901,76.951843,2026-01-23T17:27:15+05:00,Friday,4,0,1,17,evening,others,69.02
43.239338,76.930017,2026-02-25T21:29:19+05:00,Wednesday,2,0,2,21,late_evening,alert,70.32
43.255967,76.94188,2026-01-06T21:12:14+05:00,Tuesday,1,0,1,21,late_evening,human,67.28
43.24002,76.930556,2026-03-17T12:00:31+05:00,Tuesday,1,0,3,12,daytime,alert,70.01
43.237946,76.929322,2026-01-25T19:45:16+05:00,Sunday,6,1,1,19,evening,transport,63.53
43.265293,76.824357,2026-04-05T14:56:47+05:00,Sunday,6,1,4,14,daytime,transport,60.69
43.220976,76.923688,2026-03-03T19:03:42+05:00,Tuesday,1,0,3,19,evening,transport,79.97
43.237709,76.91564,2026-04-04T13:47:08+05:00,Saturday,5,1,4,13,daytime,transport,57.6
43.266008,76.926577,2025-12-04T11:15:28+05:00,Thursday,3,0,12,11,daytime,building_noise,65.54
43.266667,76.926954,2025-11-07T21:53:40+05:00,Friday,4,0,11,21,late_evening,human,61.59
43.245407,76.860918,2026-01-20T16:25:00+05:00,Tuesday,1,0,1,16,daytime,transport,69.17
43.219329,76.92836,2026-03-02T23:10:33+05:00,Monday,0,0,3,23,late_evening,transport,68.44
43.287304,76.892005,2025-11-10T14:37:05+05:00,Monday,0,0,11,14,daytime,building_noise,75.33
43.235114,76.92033,2026-04-10T08:01:47+05:00,Friday,4,0,4,8,morning,transport,77.94
43.221039,76.925528,2025-11-09T17:41:44+05:00,Sunday,6,1,11,17,evening,transport,66.46
43.261761,76.955602,2026-01-28T10:53:58+05:00,Wednesday,2,0,1,10,morning,human,66.0
43.243899,76.85514,2026-02-24T07:06:10+05:00,Tuesday,1,0,2,7,morning,transport,76.63
43.239219,76.923959,2026-01-18T09:30:31+05:00,Sunday,6,1,1,9,morning,transport,69.92
43.234666,76.95638,2026-05-09T08:23:55+05:00,Saturday,5,1,5,8,morning,human,63.05
43.261602,76.964567,2026-03-05T09:33:23+05:00,Thursday,3,0,3,9,morning,others,49.39
43.238979,76.976299,2026-02-20T16:31:23+05:00,Friday,4,0,2,16,daytime,human,53.15
43.220319,76.899853,2025-12-31T16:00:03+05:00,Wednesday,2,0,12,16,daytime,human,55.33
43.217769,76.900377,2026-02-15T07:43:49+05:00,Sunday,6,1,2,7,morning,others,44.18
43.239167,76.931233,2025-12-16T09:29:08+05:00,Tuesday,1,0,12,9,morning,alert,78.87
43.23917,76.918902,2026-02-11T18:08:06+05:00,Wednesday,2,0,2,18,evening,transport,71.98
43.239813,76.93156,2026-03-21T09:59:23+05:00,Saturday,5,1,3,9,morning,alert,68.87
43.258229,76.945751,2026-04-11T18:08:24+05:00,Saturday,5,1,4,18,evening,human,63.38
43.218818,76.927233,2026-03-03T08:24:46+05:00,Tuesday,1,0,3,8,morning,transport,78.8
43.260124,76.972037,2026-02-05T19:19:37+05:00,Thursday,3,0,2,19,evening,animals,50.01
43.238165,76.929991,2026-03-30T23:29:39+05:00,Monday,0,0,3,23,late_evening,alert,73.98
43.260588,76.945139,2025-12-30T10:21:59+05:00,Tuesday,1,0,12,10,morning,human,58.01
43.234029,76.916123,2026-02-08T10:10:13+05:00,Sunday,6,1,2,10,morning,others,57.85
43.262271,76.956154,2025-11-20T08:55:40+05:00,Thursday,3,0,11,8,morning,others,51.88
43.262903,76.954755,2025-12-05T15:55:45+05:00,Friday,4,0,12,15,daytime,human,66.76
43.262271,76.955033,2026-03-23T08:06:38+05:00,Monday,0,0,3,8,morning,others,54.56
43.237294,76.920686,2026-04-24T08:18:55+05:00,Friday,4,0,4,8,morning,transport,83.71
43.237977,76.915137,2025-12-07T12:12:11+05:00,Sunday,6,1,12,12,daytime,transport,56.11
43.282856,76.897269,2026-04-06T07:30:23+05:00,Monday,0,0,4,7,morning,building_noise,69.09
43.262487,76.953677,2026-02-06T08:56:19+05:00,Friday,4,0,2,8,morning,others,56.34
43.239947,76.915185,2025-12-05T13:47:49+05:00,Friday,4,0,12,13,daytime,human,61.01
43.223679,76.898442,2026-04-04T07:45:52+05:00,Saturday,5,1,4,7,morning,others,53.72
43.250146,76.943436,2026-02-04T12:48:48+05:00,Wednesday,2,0,2,12,daytime,human,66.49
43.237629,76.924932,2026-02-22T22:28:59+05:00,Sunday,6,1,2,22,late_evening,transport,71.38
43.258286,76.973742,2026-04-28T09:24:17+05:00,Tuesday,1,0,4,9,morning,animals,41.81
43.23453,76.958922,2026-01-24T02:13:32+05:00,Saturday,5,1,1,2,night,human,57.16
43.260125,76.966151,2025-12-09T07:19:40+05:00,Tuesday,1,0,12,7,morning,others,50.13
43.236768,76.916687,2026-03-16T07:21:01+05:00,Monday,0,0,3,7,morning,transport,70.06
43.262891,76.953119,2026-01-15T13:29:28+05:00,Thursday,3,0,1,13,daytime,human,68.96
43.33745,76.947371,2026-05-06T08:37:26+05:00,Wednesday,2,0,5,8,morning,transport,82.04
43.215758,76.929894,2026-02-21T17:30:08+05:00,Saturday,5,1,2,17,evening,transport,70.48
43.287564,76.899038,2026-04-22T09:34:40+05:00,Wednesday,2,0,4,9,morning,building_noise,71.17
43.221763,76.898895,2025-12-05T09:15:35+05:00,Friday,4,0,12,9,morning,others,48.46
43.232495,76.956805,2026-02-14T20:49:57+05:00,Saturday,5,1,2,20,evening,human,70.48
43.28356,76.899315,2026-01-10T19:32:28+05:00,Saturday,5,1,1,19,evening,transport,63.79
43.239531,76.931031,2026-02-02T07:10:33+05:00,Monday,0,0,2,7,morning,transport,63.65
43.273333,76.89882,2025-12-16T10:02:31+05:00,Tuesday,1,0,12,10,morning,building_noise,73.95
43.218726,76.928301,2026-01-23T11:20:40+05:00,Friday,4,0,1,11,daytime,transport,70.22
43.220136,76.900881,2026-01-29T13:26:42+05:00,Thursday,3,0,1,13,daytime,human,55.18
43.236877,76.917153,2026-03-04T05:32:41+05:00,Wednesday,2,0,3,5,night,transport,45.39
43.239727,76.915334,2026-04-11T12:42:01+05:00,Saturday,5,1,4,12,daytime,building_noise,58.45
43.262667,76.954371,2026-01-24T15:20:50+05:00,Saturday,5,1,1,15,daytime,human,66.92
43.252576,76.943822,2026-04-21T06:20:21+05:00,Tuesday,1,0,4,6,morning,human,54.99
43.262393,76.968837,2026-02-17T17:11:42+05:00,Tuesday,1,0,2,17,evening,human,63.95
43.25984,76.944652,2026-02-17T06:20:41+05:00,Tuesday,1,0,2,6,morning,alert,63.88
43.228696,76.977448,2026-04-20T16:01:46+05:00,Monday,0,0,4,16,daytime,human,53.02
43.257046,76.970923,2026-02-19T08:37:47+05:00,Thursday,3,0,2,8,morning,animals,37.88
43.260229,76.968629,2025-11-30T17:11:10+05:00,Sunday,6,1,11,17,evening,human,59.34
43.266368,76.92822,2026-02-26T16:31:33+05:00,Thursday,3,0,2,16,daytime,human,64.41
43.24778,76.861932,2025-11-18T08:58:24+05:00,Tuesday,1,0,11,8,morning,transport,77.46
43.233368,76.957303,2025-12-12T04:08:35+05:00,Friday,4,0,12,4,night,building_noise,52.65
43.238479,76.929588,2026-05-01T19:16:07+05:00,Friday,4,0,5,19,evening,alert,74.67
43.260366,76.975081,2025-11-29T20:45:34+05:00,Saturday,5,1,11,20,evening,animals,35.76
43.248284,76.856421,2025-12-21T22:36:49+05:00,Sunday,6,1,12,22,late_evening,transport,72.6
43.2607,76.825313,2026-02-06T18:47:20+05:00,Friday,4,0,2,18,evening,human,66.44
43.280566,76.896217,2026-03-06T10:46:44+05:00,Friday,4,0,3,10,morning,building_noise,73.54
43.236352,76.920349,2026-01-06T03:27:41+05:00,Tuesday,1,0,1,3,night,transport,55.46
43.236359,76.975196,2025-11-18T07:07:19+05:00,Tuesday,1,0,11,7,morning,animals,36.55
43.259933,76.973778,2026-01-13T17:11:28+05:00,Tuesday,1,0,1,17,evening,human,60.53
43.246749,76.857504,2026-02-13T18:09:47+05:00,Friday,4,0,2,18,evening,transport,78.31
43.259143,76.965657,2026-04-21T20:26:43+05:00,Tuesday,1,0,4,20,evening,others,46.67
43.258055,76.967006,2026-01-09T23:42:38+05:00,Friday,4,0,1,23,late_evening,building_noise,52.54
43.263422,76.951506,2026-01-23T17:34:15+05:00,Friday,4,0,1,17,evening,others,68.38
43.235153,76.975533,2025-12-03T23:11:03+05:00,Wednesday,2,0,12,23,late_evening,others,40.02
43.221921,76.930924,2026-01-09T17:25:47+05:00,Friday,4,0,1,17,evening,transport,76.62
43.260587,76.967787,2026-01-09T21:35:09+05:00,Friday,4,0,1,21,late_evening,others,48.27
43.237597,76.929455,2026-03-21T22:46:16+05:00,Saturday,5,1,3,22,late_evening,alert,73.79
43.256934,76.946354,2025-12-10T01:26:02+05:00,Wednesday,2,0,12,1,night,human,49.69
43.236714,76.956303,2026-03-26T18:58:52+05:00,Thursday,3,0,3,18,evening,transport,76.08
43.264232,76.929225,2026-01-25T16:20:47+05:00,Sunday,6,1,1,16,daytime,transport,63.23
43.217173,76.927367,2025-12-25T19:33:02+05:00,Thursday,3,0,12,19,evening,transport,80.75
43.264276,76.953592,2026-03-19T17:37:00+05:00,Thursday,3,0,3,17,evening,human,71.76
43.245704,76.857752,2026-02-22T00:54:27+05:00,Sunday,6,1,2,0,night,transport,53.6
43.23906,76.916187,2026-04-19T18:46:09+05:00,Sunday,6,1,4,18,evening,transport,63.25
43.236228,76.957899,2026-03-02T19:58:13+05:00,Monday,0,0,3,19,evening,transport,71.16
43.262007,76.92751,2025-12-10T10:22:54+05:00,Wednesday,2,0,12,10,morning,human,64.37
43.351999,77.037699,2026-03-15T18:27:10+05:00,Sunday,6,1,3,18,evening,transport,70.84
43.246677,76.858255,2025-12-10T15:32:55+05:00,Wednesday,2,0,12,15,daytime,transport,68.19
43.283117,76.895431,2025-12-05T13:24:10+05:00,Friday,4,0,12,13,daytime,building_noise,74.38
43.234339,76.977257,2025-11-05T23:25:01+05:00,Wednesday,2,0,11,23,late_evening,others,42.97
43.222674,76.904793,2025-11-28T20:51:28+05:00,Friday,4,0,11,20,evening,others,43.73
43.255687,76.946799,2026-02-20T09:13:14+05:00,Friday,4,0,2,9,morning,human,65.45
43.264654,76.824613,2026-02-21T19:23:44+05:00,Saturday,5,1,2,19,evening,human,67.26
43.240045,76.915277,2025-11-24T08:44:51+05:00,Monday,0,0,11,8,morning,transport,67.75
43.236037,76.955745,2026-01-14T09:52:41+05:00,Wednesday,2,0,1,9,morning,transport,75.9
43.26549,76.92555,2026-04-30T06:19:22+05:00,Thursday,3,0,4,6,morning,human,54.05
43.343257,76.950148,2026-01-12T15:21:37+05:00,Monday,0,0,1,15,daytime,transport,71.51
43.257445,76.976348,2026-03-01T21:24:06+05:00,Sunday,6,1,3,21,late_evening,animals,35.0
43.257298,76.968246,2026-02-17T20:23:03+05:00,Tuesday,1,0,2,20,evening,others,40.46
43.260969,76.954103,2026-04-20T07:56:22+05:00,Monday,0,0,4,7,morning,others,52.28
43.216752,76.922481,2026-02-17T09:47:23+05:00,Tuesday,1,0,2,9,morning,alert,87.29
43.242536,76.920866,2026-02-25T14:26:50+05:00,Wednesday,2,0,2,14,daytime,transport,71.55
43.285025,76.900532,2026-01-16T08:22:39+05:00,Friday,4,0,1,8,morning,building_noise,71.92
43.263654,76.955879,2025-12-25T19:26:55+05:00,Thursday,3,0,12,19,evening,others,67.94
43.264427,76.924787,2025-11-21T18:16:18+05:00,Friday,4,0,11,18,evening,human,65.87
43.23981,76.91559,2026-04-04T00:26:02+05:00,Saturday,5,1,4,0,night,transport,52.6
43.285346,76.89743,2025-12-20T18:52:29+05:00,Saturday,5,1,12,18,evening,building_noise,81.52
43.254012,76.94792,2026-04-10T14:26:31+05:00,Friday,4,0,4,14,daytime,human,67.95
43.250012,76.862676,2026-03-11T15:07:47+05:00,Wednesday,2,0,3,15,daytime,transport,67.41
43.241578,76.919049,2026-04-26T14:53:26+05:00,Sunday,6,1,4,14,daytime,others,54.48
43.266586,76.822986,2026-02-21T22:48:53+05:00,Saturday,5,1,2,22,late_evening,alert,77.27
43.254789,76.94572,2026-01-28T09:32:46+05:00,Wednesday,2,0,1,9,morning,human,62.48
43.216412,76.928868,2025-11-08T08:29:12+05:00,Saturday,5,1,11,8,morning,transport,67.41
43.235506,76.957048,2026-01-25T07:45:00+05:00,Sunday,6,1,1,7,morning,human,71.35
43.265755,76.822692,2026-04-10T11:47:30+05:00,Friday,4,0,4,11,daytime,human,56.74
43.237022,76.925083,2026-02-03T07:35:57+05:00,Tuesday,1,0,2,7,morning,transport,77.55
43.242737,76.920868,2026-03-09T20:59:12+05:00,Monday,0,0,3,20,evening,transport,68.62
43.223515,76.900778,2026-01-13T08:52:31+05:00,Tuesday,1,0,1,8,morning,others,47.66
43.225979,76.901253,2026-01-01T09:29:59+05:00,Thursday,3,0,1,9,morning,others,49.12
43.289266,76.895652,2025-12-18T13:26:49+05:00,Thursday,3,0,12,13,daytime,building_noise,71.26
43.252696,76.94491,2026-01-29T20:07:32+05:00,Thursday,3,0,1,20,evening,building_noise,71.13
43.254314,76.948101,2025-12-20T22:41:29+05:00,Saturday,5,1,12,22,late_evening,human,64.39
43.261264,76.969301,2026-05-03T13:59:28+05:00,Sunday,6,1,5,13,daytime,human,55.43
43.254362,76.943097,2026-01-11T07:15:29+05:00,Sunday,6,1,1,7,morning,human,72.31
43.283674,76.897031,2026-03-13T08:42:56+05:00,Friday,4,0,3,8,morning,building_noise,74.06
43.246698,76.857777,2025-11-09T09:22:43+05:00,Sunday,6,1,11,9,morning,transport,77.95
43.253577,76.942408,2026-02-20T07:42:17+05:00,Friday,4,0,2,7,morning,human,62.72
43.215217,76.927182,2025-11-04T23:55:11+05:00,Tuesday,1,0,11,23,late_evening,transport,69.74
43.277627,76.895163,2025-11-15T15:14:54+05:00,Saturday,5,1,11,15,daytime,building_noise,70.75
43.240732,76.923092,2026-04-24T22:53:01+05:00,Friday,4,0,4,22,late_evening,transport,65.41
43.235482,76.959081,2025-12-29T12:21:00+05:00,Monday,0,0,12,12,daytime,human,63.31
43.266967,76.824091,2026-04-23T08:02:39+05:00,Thursday,3,0,4,8,morning,human,61.6
43.23541,76.956961,2026-03-05T13:26:58+05:00,Thursday,3,0,3,13,daytime,transport,68.68
43.262698,76.954939,2025-12-13T14:59:33+05:00,Saturday,5,1,12,14,daytime,human,64.85
43.224258,76.900712,2026-03-26T08:11:52+05:00,Thursday,3,0,3,8,morning,others,48.9
43.340865,76.948968,2026-04-14T06:16:11+05:00,Tuesday,1,0,4,6,morning,transport,60.73
43.256131,76.946202,2026-04-07T09:45:57+05:00,Tuesday,1,0,4,9,morning,human,68.41
43.276806,76.897599,2026-02-14T08:48:23+05:00,Saturday,5,1,2,8,morning,building_noise,80.64
43.244797,76.860971,2026-02-02T17:55:21+05:00,Monday,0,0,2,17,evening,transport,78.34
43.21649,76.92868,2026-01-12T17:42:16+05:00,Monday,0,0,1,17,evening,transport,81.42
43.257744,76.973489,2025-12-09T21:51:35+05:00,Tuesday,1,0,12,21,late_evening,animals,41.21
43.218446,76.897533,2026-04-01T06:52:05+05:00,Wednesday,2,0,4,6,morning,others,35.0
43.261075,76.965626,2026-02-06T14:57:30+05:00,Friday,4,0,2,14,daytime,human,56.04
43.260064,76.966927,2025-11-02T16:09:53+05:00,Sunday,6,1,11,16,daytime,human,62.97
43.261709,76.96746,2025-12-31T18:04:59+05:00,Wednesday,2,0,12,18,evening,human,55.7
43.257851,76.972326,2025-11-27T09:56:43+05:00,Thursday,3,0,11,9,morning,animals,35.99
43.221084,76.930736,2025-12-10T17:13:25+05:00,Wednesday,2,0,12,17,evening,transport,82.67
43.258845,76.945733,2025-11-03T06:52:15+05:00,Monday,0,0,11,6,morning,human,52.8
43.256929,76.968381,2026-01-14T16:35:00+05:00,Wednesday,2,0,1,16,daytime,animals,46.64
43.2553,76.941291,2026-04-30T22:29:50+05:00,Thursday,3,0,4,22,late_evening,human,66.93
43.254229,76.944927,2025-12-27T11:35:44+05:00,Saturday,5,1,12,11,daytime,human,63.08
43.21618,76.929503,2026-02-13T19:43:06+05:00,Friday,4,0,2,19,evening,transport,76.28
43.260401,76.973272,2025-11-08T13:57:19+05:00,Saturday,5,1,11,13,daytime,animals,48.12
43.245392,76.944832,2026-02-19T08:51:12+05:00,Thursday,3,0,2,8,morning,human,67.58
43.339849,76.947331,2026-04-19T09:30:29+05:00,Sunday,6,1,4,9,morning,transport,69.71
43.258062,76.945122,2026-04-08T11:03:55+05:00,Wednesday,2,0,4,11,daytime,human,66.98
43.261636,76.973475,2026-04-02T12:46:56+05:00,Thursday,3,0,4,12,daytime,human,53.72
43.261397,76.973159,2026-02-01T08:37:55+05:00,Sunday,6,1,2,8,morning,animals,40.16
43.220849,76.903374,2025-11-02T07:17:13+05:00,Sunday,6,1,11,7,morning,others,45.15
43.280011,76.892353,2026-05-05T08:01:30+05:00,Tuesday,1,0,5,8,morning,building_noise,79.22
43.282405,76.887427,2025-12-25T12:57:31+05:00,Thursday,3,0,12,12,daytime,building_noise,73.45
43.216986,76.927916,2025-12-03T21:30:27+05:00,Wednesday,2,0,12,21,late_evening,transport,72.39
43.287272,76.898966,2026-02-13T13:06:03+05:00,Friday,4,0,2,13,daytime,building_noise,72.78
43.237861,76.929591,2025-11-18T08:12:55+05:00,Tuesday,1,0,11,8,morning,alert,76.66
43.284611,76.897356,2025-12-08T12:17:05+05:00,Monday,0,0,12,12,daytime,building_noise,71.18
43.216666,76.925024,2026-03-09T08:49:00+05:00,Monday,0,0,3,8,morning,transport,79.07
43.23995,76.928922,2026-03-26T22:48:55+05:00,Thursday,3,0,3,22,late_evening,alert,68.18
43.257825,76.973451,2025-12-24T09:33:27+05:00,Wednesday,2,0,12,9,morning,others,46.58
43.218174,76.927718,2026-01-25T16:40:51+05:00,Sunday,6,1,1,16,daytime,transport,68.54
43.264953,76.927217,2026-02-23T17:35:26+05:00,Monday,0,0,2,17,evening,human,69.7
43.222111,76.92945,2026-01-17T21:53:05+05:00,Saturday,5,1,1,21,late_evening,transport,67.65
43.216274,76.924988,2026-03-31T14:15:05+05:00,Tuesday,1,0,3,14,daytime,transport,69.25
43.236395,76.929644,2026-03-27T18:09:17+05:00,Friday,4,0,3,18,evening,alert,73.87
43.335053,76.952367,2025-12-09T23:30:18+05:00,Tuesday,1,0,12,23,late_evening,transport,68.7
43.23352,76.978074,2025-12-10T18:34:59+05:00,Wednesday,2,0,12,18,evening,human,56.87
43.251169,76.946808,2026-01-31T20:26:26+05:00,Saturday,5,1,1,20,evening,others,66.88
43.266481,76.927249,2026-02-10T15:37:49+05:00,Tuesday,1,0,2,15,daytime,human,65.06
43.236235,76.915746,2026-01-24T19:40:07+05:00,Saturday,5,1,1,19,evening,transport,61.27
43.276378,76.890606,2026-03-03T13:32:04+05:00,Tuesday,1,0,3,13,daytime,building_noise,75.4
43.238181,76.927438,2026-05-09T17:23:33+05:00,Saturday,5,1,5,17,evening,alert,76.09
43.258564,76.973378,2025-12-20T18:20:03+05:00,Saturday,5,1,12,18,evening,animals,45.61
43.233542,76.918169,2026-03-09T01:49:13+05:00,Monday,0,0,3,1,night,transport,49.7
43.220251,76.929432,2026-04-19T16:57:09+05:00,Sunday,6,1,4,16,daytime,transport,69.14
43.258218,76.947166,2025-12-22T18:52:08+05:00,Monday,0,0,12,18,evening,human,72.71
43.234302,76.979209,2025-12-24T09:53:11+05:00,Wednesday,2,0,12,9,morning,others,46.05
43.260431,76.970075,2026-02-16T20:28:47+05:00,Monday,0,0,2,20,evening,animals,35.56
43.260662,76.928068,2026-03-08T11:05:39+05:00,Sunday,6,1,3,11,daytime,transport,67.02
43.236252,76.916239,2026-05-05T19:10:02+05:00,Tuesday,1,0,5,19,evening,transport,70.33
43.260656,76.974801,2025-11-27T08:23:17+05:00,Thursday,3,0,11,8,morning,animals,38.25
43.348394,77.039118,2026-03-14T10:42:49+05:00,Saturday,5,1,3,10,morning,transport,67.17
43.265252,76.95497,2026-01-26T22:59:36+05:00,Monday,0,0,1,22,late_evening,others,49.98
43.235301,76.955943,2026-03-10T19:25:54+05:00,Tuesday,1,0,3,19,evening,transport,76.4
43.260686,76.953508,2025-11-02T17:19:47+05:00,Sunday,6,1,11,17,evening,building_noise,74.76
43.253394,76.944604,2026-03-21T00:11:58+05:00,Saturday,5,1,3,0,night,human,61.3
43.254287,76.944754,2026-02-09T11:02:48+05:00,Monday,0,0,2,11,daytime,human,63.76
43.237999,76.920411,2026-02-07T18:42:19+05:00,Saturday,5,1,2,18,evening,transport,73.38
43.235644,76.91816,2026-01-31T16:13:43+05:00,Saturday,5,1,1,16,daytime,transport,56.16
43.22351,76.903178,2026-04-16T17:34:26+05:00,Thursday,3,0,4,17,evening,human,61.64
43.254195,76.947753,2026-02-12T03:41:41+05:00,Thursday,3,0,2,3,night,human,47.14
43.250194,76.939861,2025-11-01T20:14:04+05:00,Saturday,5,1,11,20,evening,human,70.83
43.257818,76.973864,2026-04-07T20:10:15+05:00,Tuesday,1,0,4,20,evening,animals,40.37
43.262157,76.944546,2025-11-15T22:29:08+05:00,Saturday,5,1,11,22,late_evening,human,70.31
43.237452,76.929951,2026-01-24T08:30:01+05:00,Saturday,5,1,1,8,morning,alert,73.93
43.217739,76.92799,2026-04-06T16:43:01+05:00,Monday,0,0,4,16,daytime,transport,71.61
43.256735,76.971784,2026-01-06T07:41:55+05:00,Tuesday,1,0,1,7,morning,animals,40.57
43.217605,76.924057,2026-01-03T09:14:13+05:00,Saturday,5,1,1,9,morning,transport,71.25
43.263318,76.954165,2025-11-29T16:27:35+05:00,Saturday,5,1,11,16,daytime,human,64.29
43.258257,76.967872,2026-05-04T08:42:38+05:00,Monday,0,0,5,8,morning,others,45.69
43.261975,76.9533,2025-12-11T08:38:16+05:00,Thursday,3,0,12,8,morning,others,48.75
43.23688,76.91463,2025-12-25T07:58:24+05:00,Thursday,3,0,12,7,morning,transport,67.66
43.259163,76.946656,2026-02-25T07:48:06+05:00,Wednesday,2,0,2,7,morning,human,66.17
43.268131,76.81945,2026-04-15T15:42:41+05:00,Wednesday,2,0,4,15,daytime,human,55.45
43.247233,76.85951,2025-12-22T18:49:58+05:00,Monday,0,0,12,18,evening,transport,74.24
43.280817,76.891166,2026-02-13T08:37:08+05:00,Friday,4,0,2,8,morning,building_noise,74.74
43.264639,76.928722,2025-12-24T06:41:26+05:00,Wednesday,2,0,12,6,morning,others,49.83
43.248115,76.865726,2025-11-13T16:11:05+05:00,Thursday,3,0,11,16,daytime,transport,65.85
43.346987,77.044397,2026-02-22T16:41:26+05:00,Sunday,6,1,2,16,daytime,transport,63.64
43.237866,76.921309,2025-11-06T19:02:55+05:00,Thursday,3,0,11,19,evening,transport,78.49
43.252082,76.941163,2026-03-01T15:55:33+05:00,Sunday,6,1,3,15,daytime,human,61.82
43.239088,76.930015,2025-12-15T08:20:22+05:00,Monday,0,0,12,8,morning,alert,69.15
43.266731,76.822469,2026-02-21T22:48:53+05:00,Saturday,5,1,2,22,late_evening,alert,76.52
43.257292,76.972746,2025-11-27T10:04:43+05:00,Thursday,3,0,11,10,morning,animals,35.07
43.259869,76.946941,2026-04-03T21:43:58+05:00,Friday,4,0,4,21,late_evening,human,73.62
43.235881,76.913575,2025-12-26T07:50:14+05:00,Friday,4,0,12,7,morning,transport,70.3
43.342479,76.949273,2025-12-25T08:10:31+05:00,Thursday,3,0,12,8,morning,transport,75.44
43.26527,76.956466,2026-01-22T06:48:57+05:00,Thursday,3,0,1,6,morning,others,35.43
43.262,76.952989,2026-02-05T22:00:37+05:00,Thursday,3,0,2,22,late_evening,building_noise,56.79
43.239487,76.92157,2026-02-14T21:48:05+05:00,Saturday,5,1,2,21,late_evening,building_noise,64.47
43.25747,76.9444,2026-03-07T09:31:05+05:00,Saturday,5,1,3,9,morning,human,63.05
43.221154,76.927596,2026-04-07T18:01:39+05:00,Tuesday,1,0,4,18,evening,transport,79.6
43.25318,76.947299,2025-12-02T22:26:48+05:00,Tuesday,1,0,12,22,late_evening,human,68.74
43.233519,76.914394,2026-01-28T16:27:47+05:00,Wednesday,2,0,1,16,daytime,others,57.6
43.235817,76.91326,2026-02-17T14:38:11+05:00,Tuesday,1,0,2,14,daytime,transport,60.07
43.25669,76.944659,2026-01-06T09:09:38+05:00,Tuesday,1,0,1,9,morning,human,67.05
43.243626,76.940731,2026-03-19T07:37:45+05:00,Thursday,3,0,3,7,morning,human,67.18
43.239304,76.928591,2026-04-09T22:18:45+05:00,Thursday,3,0,4,22,late_evening,alert,65.45
43.249154,76.943066,2026-03-07T10:40:05+05:00,Saturday,5,1,3,10,morning,human,65.12
43.254288,76.944814,2026-03-02T09:54:40+05:00,Monday,0,0,3,9,morning,human,62.74
43.260765,76.953093,2026-02-26T15:40:26+05:00,Thursday,3,0,2,15,daytime,human,65.59
43.275186,76.88995,2025-11-21T14:40:20+05:00,Friday,4,0,11,14,daytime,building_noise,73.89
43.257127,76.944407,2025-11-22T00:12:27+05:00,Saturday,5,1,11,0,night,human,59.87
43.336033,76.948364,2026-01-04T09:44:21+05:00,Sunday,6,1,1,9,morning,animals,55.67
43.340296,76.944662,2026-01-10T20:52:43+05:00,Saturday,5,1,1,20,evening,others,66.6
43.26286,76.928172,2026-01-08T18:54:16+05:00,Thursday,3,0,1,18,evening,others,61.77
43.250107,76.942277,2026-04-07T09:28:18+05:00,Tuesday,1,0,4,9,morning,human,62.02
43.264086,76.932739,2026-04-27T07:50:25+05:00,Monday,0,0,4,7,morning,human,62.8
43.265581,76.926337,2026-04-06T18:41:50+05:00,Monday,0,0,4,18,evening,human,65.35
43.236915,76.921453,2025-11-19T18:47:37+05:00,Wednesday,2,0,11,18,evening,transport,78.44
43.258403,76.970646,2026-01-03T09:50:19+05:00,Saturday,5,1,1,9,morning,animals,36.26
43.237613,76.930024,2026-01-30T11:41:22+05:00,Friday,4,0,1,11,daytime,alert,73.08
43.222751,76.90107,2026-02-19T20:56:16+05:00,Thursday,3,0,2,20,evening,others,48.39
43.258984,76.968597,2025-12-18T11:40:08+05:00,Thursday,3,0,12,11,daytime,human,57.18
43.2506,76.938895,2025-12-08T08:03:01+05:00,Monday,0,0,12,8,morning,others,64.17
43.258164,76.968387,2025-11-08T13:43:59+05:00,Saturday,5,1,11,13,daytime,human,56.24
43.262797,76.956341,2025-11-30T15:02:54+05:00,Sunday,6,1,11,15,daytime,building_noise,67.99
43.253951,76.944361,2026-03-30T06:28:45+05:00,Monday,0,0,3,6,morning,human,51.5
43.219006,76.930219,2026-04-28T16:23:05+05:00,Tuesday,1,0,4,16,daytime,building_noise,69.24
43.26112,76.953815,2026-02-22T15:06:16+05:00,Sunday,6,1,2,15,daytime,human,64.53
43.239645,76.919893,2026-04-16T18:00:25+05:00,Thursday,3,0,4,18,evening,transport,79.19
43.238602,76.930948,2026-01-05T21:30:54+05:00,Monday,0,0,1,21,late_evening,alert,74.13
43.250974,76.936717,2026-01-15T20:03:36+05:00,Thursday,3,0,1,20,evening,transport,67.3
43.250337,76.93739,2026-02-05T18:01:41+05:00,Thursday,3,0,2,18,evening,human,64.58
43.215339,76.928688,2026-05-10T18:45:56+05:00,Sunday,6,1,5,18,evening,transport,69.66
43.213511,76.928355,2026-04-12T17:42:58+05:00,Sunday,6,1,4,17,evening,transport,73.06
43.219025,76.925593,2026-04-04T18:20:43+05:00,Saturday,5,1,4,18,evening,transport,75.08
43.249867,76.861452,2025-11-12T14:54:03+05:00,Wednesday,2,0,11,14,daytime,transport,65.16
43.264294,76.927742,2026-01-02T20:19:33+05:00,Friday,4,0,1,20,evening,human,65.81
43.236587,76.917352,2025-11-11T17:09:23+05:00,Tuesday,1,0,11,17,evening,transport,65.28
43.239604,76.917296,2026-02-13T09:58:43+05:00,Friday,4,0,2,9,morning,transport,66.69
43.235986,76.918894,2026-03-28T20:40:16+05:00,Saturday,5,1,3,20,evening,others,59.47
43.22419,76.900499,2025-12-16T09:59:36+05:00,Tuesday,1,0,12,9,morning,animals,45.72
43.235202,76.954872,2026-01-07T18:40:10+05:00,Wednesday,2,0,1,18,evening,transport,72.33
43.239726,76.930726,2025-12-16T09:51:44+05:00,Tuesday,1,0,12,9,morning,building_noise,67.98
43.231505,76.974641,2026-03-01T11:13:33+05:00,Sunday,6,1,3,11,daytime,human,54.85
43.237277,76.919806,2025-12-02T07:06:34+05:00,Tuesday,1,0,12,7,morning,transport,66.32
43.258368,76.945327,2026-02-21T05:57:52+05:00,Saturday,5,1,2,5,night,human,52.0
43.235003,76.955969,2026-01-29T19:08:21+05:00,Thursday,3,0,1,19,evening,transport,74.92
43.245741,76.936894,2026-05-10T15:51:25+05:00,Sunday,6,1,5,15,daytime,human,61.72
43.237365,76.92963,2026-01-31T20:24:22+05:00,Saturday,5,1,1,20,evening,others,58.49
43.291011,76.891185,2025-12-13T08:53:18+05:00,Saturday,5,1,12,8,morning,building_noise,75.52
43.218933,76.934271,2025-11-01T23:59:38+05:00,Saturday,5,1,11,23,late_evening,transport,69.29
43.246279,76.939948,2026-01-05T01:43:58+05:00,Monday,0,0,1,1,night,human,49.74
43.266144,76.925638,2026-04-10T18:54:23+05:00,Friday,4,0,4,18,evening,others,60.78
43.253865,76.944307,2025-12-19T17:28:16+05:00,Friday,4,0,12,17,evening,human,66.98
43.234785,76.955564,2025-12-05T18:08:37+05:00,Friday,4,0,12,18,evening,transport,76.82
43.217736,76.926975,2025-12-26T02:05:48+05:00,Friday,4,0,12,2,night,transport,53.88
43.215413,76.93164,2025-11-19T07:42:10+05:00,Wednesday,2,0,11,7,morning,transport,80.27
43.26474,76.818169,2026-04-11T22:58:35+05:00,Saturday,5,1,4,22,late_evening,human,68.55
43.282499,76.897906,2025-12-15T16:50:02+05:00,Monday,0,0,12,16,daytime,building_noise,74.1
43.259931,76.97456,2026-02-03T18:36:03+05:00,Tuesday,1,0,2,18,evening,human,58.48
43.253954,76.944797,2026-03-02T20:05:59+05:00,Monday,0,0,3,20,evening,human,67.39
43.218664,76.930888,2025-12-14T14:51:57+05:00,Sunday,6,1,12,14,daytime,transport,66.97
43.240869,76.923685,2025-12-04T18:34:05+05:00,Thursday,3,0,12,18,evening,transport,80.99
43.340946,76.947575,2026-05-08T07:36:48+05:00,Friday,4,0,5,7,morning,transport,81.73
43.218084,76.929041,2026-01-25T19:26:10+05:00,Sunday,6,1,1,19,evening,transport,76.73
43.23765,76.929856,2026-01-24T08:40:01+05:00,Saturday,5,1,1,8,morning,alert,75.03
43.23474,76.922299,2026-04-24T08:26:15+05:00,Friday,4,0,4,8,morning,building_noise,82.43
43.258627,76.976402,2026-03-05T22:35:17+05:00,Thursday,3,0,3,22,late_evening,animals,38.3
43.219008,76.928448,2025-12-23T01:03:07+05:00,Tuesday,1,0,12,1,night,transport,60.06
43.259824,76.965403,2026-04-10T07:45:09+05:00,Friday,4,0,4,7,morning,others,45.47
43.26355,76.930738,2025-12-17T13:07:44+05:00,Wednesday,2,0,12,13,daytime,human,67.71
43.223542,76.898708,2026-01-11T22:02:52+05:00,Sunday,6,1,1,22,late_evening,others,39.17
43.248606,76.857618,2025-12-15T08:54:59+05:00,Monday,0,0,12,8,morning,transport,73.65
43.262913,76.971716,2026-03-27T09:29:38+05:00,Friday,4,0,3,9,morning,animals,35.17
43.268415,76.824888,2025-11-10T04:23:33+05:00,Monday,0,0,11,4,night,human,38.4
43.237886,76.921205,2026-01-05T19:12:00+05:00,Monday,0,0,1,19,evening,transport,75.11
43.259761,76.972711,2026-05-07T22:54:19+05:00,Thursday,3,0,5,22,late_evening,animals,36.39
43.239311,76.922885,2026-01-23T13:45:41+05:00,Friday,4,0,1,13,daytime,transport,65.29
43.240521,76.956506,2025-11-09T18:10:20+05:00,Sunday,6,1,11,18,evening,human,70.96
43.261935,76.928413,2025-12-12T15:29:18+05:00,Friday,4,0,12,15,daytime,animals,48.98
43.240731,76.920363,2025-11-11T13:04:30+05:00,Tuesday,1,0,11,13,daytime,transport,72.94
43.344803,76.950623,2026-05-05T13:05:07+05:00,Tuesday,1,0,5,13,daytime,transport,67.55
43.279106,76.897063,2026-04-19T00:32:51+05:00,Sunday,6,1,4,0,night,others,48.46
43.254111,76.944198,2025-11-14T20:14:17+05:00,Friday,4,0,11,20,evening,human,68.71
43.248451,76.860505,2026-05-07T09:27:53+05:00,Thursday,3,0,5,9,morning,transport,77.73
43.233272,76.917124,2026-01-04T00:44:08+05:00,Sunday,6,1,1,0,night,transport,51.64
43.252941,76.946641,2026-01-16T08:46:11+05:00,Friday,4,0,1,8,morning,human,65.07
43.235049,76.978601,2026-02-06T08:31:13+05:00,Friday,4,0,2,8,morning,others,48.27
43.263145,76.956713,2026-03-06T08:59:29+05:00,Friday,4,0,3,8,morning,others,52.85
43.288288,76.89043,2025-12-04T09:03:46+05:00,Thursday,3,0,12,9,morning,building_noise,74.73
43.262975,76.95654,2026-01-22T19:14:02+05:00,Thursday,3,0,1,19,evening,human,70.51
43.237221,76.912421,2025-11-10T19:06:53+05:00,Monday,0,0,11,19,evening,others,69.06
43.276649,76.896632,2026-03-04T02:13:42+05:00,Wednesday,2,0,3,2,night,transport,48.57
43.353062,77.038598,2025-12-26T15:33:26+05:00,Friday,4,0,12,15,daytime,alert,75.02
43.284127,76.8905,2026-03-14T15:41:34+05:00,Saturday,5,1,3,15,daytime,building_noise,74.66
43.264666,76.927121,2025-11-19T16:28:39+05:00,Wednesday,2,0,11,16,daytime,human,61.19
43.254752,76.945496,2025-11-26T00:02:08+05:00,Wednesday,2,0,11,0,night,human,49.52
43.275973,76.900592,2025-12-01T14:54:27+05:00,Monday,0,0,12,14,daytime,building_noise,76.51
43.261685,76.97322,2025-11-13T18:13:43+05:00,Thursday,3,0,11,18,evening,human,55.86
43.260807,76.965432,2025-11-21T09:37:41+05:00,Friday,4,0,11,9,morning,others,47.37
43.284469,76.892213,2026-03-28T15:10:05+05:00,Saturday,5,1,3,15,daytime,building_noise,75.42
43.237437,76.923,2025-12-25T12:22:47+05:00,Thursday,3,0,12,12,daytime,transport,70.18
43.221231,76.935746,2026-03-25T14:22:05+05:00,Wednesday,2,0,3,14,daytime,transport,69.11
43.23532,76.953337,2026-04-04T14:44:56+05:00,Saturday,5,1,4,14,daytime,human,65.66
43.240852,76.932695,2026-03-29T15:40:57+05:00,Sunday,6,1,3,15,daytime,transport,59.87
43.263948,76.953648,2026-02-16T08:20:20+05:00,Monday,0,0,2,8,morning,others,49.78
43.344462,76.944789,2026-01-27T23:52:03+05:00,Tuesday,1,0,1,23,late_evening,alert,76.03
43.265347,76.955042,2026-01-26T23:08:36+05:00,Monday,0,0,1,23,late_evening,others,50.48
43.264037,76.927689,2026-03-27T23:40:28+05:00,Friday,4,0,3,23,late_evening,human,63.02
43.261194,76.95453,2026-01-16T22:14:13+05:00,Friday,4,0,1,22,late_evening,others,49.43
43.248347,76.939829,2025-12-11T23:38:28+05:00,Thursday,3,0,12,23,late_evening,human,71.46
43.234208,76.957065,2026-02-06T18:19:31+05:00,Friday,4,0,2,18,evening,transport,75.62
43.287793,76.900717,2026-02-17T08:07:02+05:00,Tuesday,1,0,2,8,morning,building_noise,75.09
43.239871,76.923361,2026-03-20T17:27:57+05:00,Friday,4,0,3,17,evening,transport,78.49
43.26098,76.973076,2026-02-04T21:13:29+05:00,Wednesday,2,0,2,21,late_evening,animals,36.82
43.284468,76.89344,2026-04-20T16:59:47+05:00,Monday,0,0,4,16,daytime,building_noise,74.53
43.257359,76.970911,2025-12-19T15:22:01+05:00,Friday,4,0,12,15,daytime,human,55.3
43.351562,77.038089,2025-12-11T13:02:27+05:00,Thursday,3,0,12,13,daytime,alert,76.59
43.254113,76.941957,2025-11-03T15:05:11+05:00,Monday,0,0,11,15,daytime,human,60.67
43.236434,76.973164,2026-04-28T08:00:57+05:00,Tuesday,1,0,4,8,morning,others,43.24
43.240328,76.93272,2025-11-13T14:30:25+05:00,Thursday,3,0,11,14,daytime,transport,63.24
43.281872,76.888494,2025-12-10T11:09:26+05:00,Wednesday,2,0,12,11,daytime,building_noise,77.23
43.257274,76.967603,2026-01-20T08:08:06+05:00,Tuesday,1,0,1,8,morning,others,40.35
43.2383,76.925429,2025-12-08T09:13:46+05:00,Monday,0,0,12,9,morning,transport,75.49
43.221169,76.901867,2026-04-04T22:08:26+05:00,Saturday,5,1,4,22,late_evening,others,42.14
43.279093,76.894149,2026-02-26T21:30:10+05:00,Thursday,3,0,2,21,late_evening,transport,59.02
43.220226,76.929361,2025-12-17T12:42:50+05:00,Wednesday,2,0,12,12,daytime,transport,74.74
43.236037,76.954336,2026-04-05T06:41:53+05:00,Sunday,6,1,4,6,morning,human,55.03
43.256809,76.964308,2026-02-14T07:21:27+05:00,Saturday,5,1,2,7,morning,others,50.49
43.240477,76.924934,2026-02-28T18:24:04+05:00,Saturday,5,1,2,18,evening,transport,72.6
43.218776,76.928899,2026-04-18T07:35:38+05:00,Saturday,5,1,4,7,morning,transport,71.58
43.260053,76.972119,2026-01-28T22:24:40+05:00,Wednesday,2,0,1,22,late_evening,animals,38.81
43.256449,76.944015,2025-11-14T07:10:52+05:00,Friday,4,0,11,7,morning,human,65.42
43.259391,76.966791,2025-12-15T13:50:53+05:00,Monday,0,0,12,13,daytime,human,54.46
43.217005,76.92708,2025-11-28T09:02:45+05:00,Friday,4,0,11,9,morning,transport,80.03
43.264077,76.968751,2026-03-22T15:24:42+05:00,Sunday,6,1,3,15,daytime,human,51.67
43.288769,76.897505,2025-12-03T17:10:30+05:00,Wednesday,2,0,12,17,evening,building_noise,76.55
43.245684,76.942429,2026-04-16T13:59:45+05:00,Thursday,3,0,4,13,daytime,human,65.65
43.253349,76.944331,2026-04-20T13:31:19+05:00,Monday,0,0,4,13,daytime,human,64.9
43.220536,76.927373,2025-12-05T19:28:07+05:00,Friday,4,0,12,19,evening,transport,85.39
43.241174,76.918496,2026-04-26T14:40:26+05:00,Sunday,6,1,4,14,daytime,others,55.27
43.240119,76.928408,2025-12-12T17:49:45+05:00,Friday,4,0,12,17,evening,alert,69.19
43.237725,76.933127,2026-04-29T08:48:52+05:00,Wednesday,2,0,4,8,morning,alert,70.85
43.264719,76.954839,2025-12-16T21:35:50+05:00,Tuesday,1,0,12,21,late_evening,others,51.07
43.215808,76.930208,2025-12-02T19:24:06+05:00,Tuesday,1,0,12,19,evening,transport,84.65
43.223168,76.928328,2026-03-30T18:05:05+05:00,Monday,0,0,3,18,evening,transport,82.26
43.350393,77.034853,2025-11-25T11:51:51+05:00,Tuesday,1,0,11,11,daytime,alert,74.25
43.265547,76.926882,2025-12-20T07:04:14+05:00,Saturday,5,1,12,7,morning,human,66.08
43.24077,76.921336,2026-04-16T17:25:04+05:00,Thursday,3,0,4,17,evening,alert,89.18
43.282793,76.893832,2026-04-24T14:46:55+05:00,Friday,4,0,4,14,daytime,building_noise,70.94
43.26205,76.952636,2025-11-28T07:19:22+05:00,Friday,4,0,11,7,morning,others,53.67
43.282474,76.891843,2026-01-24T08:36:25+05:00,Saturday,5,1,1,8,morning,building_noise,77.59
43.236819,76.972677,2025-11-17T08:54:03+05:00,Monday,0,0,11,8,morning,others,42.05
43.283282,76.90083,2026-01-09T09:51:55+05:00,Friday,4,0,1,9,morning,building_noise,76.82
43.26102,76.970739,2026-03-24T10:56:33+05:00,Tuesday,1,0,3,10,morning,human,51.65
43.258127,76.974422,2026-04-08T22:08:20+05:00,Wednesday,2,0,4,22,late_evening,animals,35.0
43.237939,76.956919,2026-03-20T21:45:21+05:00,Friday,4,0,3,21,late_evening,building_noise,73.74
43.263024,76.824362,2026-04-01T13:50:48+05:00,Wednesday,2,0,4,13,daytime,human,56.01
43.279158,76.890824,2026-05-02T16:19:59+05:00,Saturday,5,1,5,16,daytime,transport,70.59
43.265198,76.926078,2025-11-18T21:21:06+05:00,Tuesday,1,0,11,21,late_evening,human,62.65
43.276235,76.899509,2026-02-20T16:49:34+05:00,Friday,4,0,2,16,daytime,transport,71.27
43.260357,76.966758,2026-03-19T09:11:38+05:00,Thursday,3,0,3,9,morning,others,49.23
43.235854,76.978296,2026-03-19T00:16:53+05:00,Thursday,3,0,3,0,night,animals,35.55
43.338764,76.948624,2026-03-28T08:36:06+05:00,Saturday,5,1,3,8,morning,building_noise,72.54
43.239148,76.928449,2026-03-12T00:22:24+05:00,Thursday,3,0,3,0,night,transport,44.35
43.247831,76.858314,2026-01-01T17:03:46+05:00,Thursday,3,0,1,17,evening,human,80.74
43.245389,76.857278,2026-03-08T16:47:21+05:00,Sunday,6,1,3,16,daytime,transport,63.81
43.23556,76.956949,2025-11-06T00:52:37+05:00,Thursday,3,0,11,0,night,building_noise,58.1
43.236197,76.924194,2026-02-05T21:35:52+05:00,Thursday,3,0,2,21,late_evening,transport,73.13
43.247771,76.942804,2026-01-24T20:02:27+05:00,Saturday,5,1,1,20,evening,human,74.45
43.248846,76.860847,2026-05-09T08:43:33+05:00,Saturday,5,1,5,8,morning,transport,73.1
43.284188,76.894098,2026-03-02T08:25:17+05:00,Monday,0,0,3,8,morning,building_noise,74.8
43.262678,76.819553,2025-12-11T19:05:39+05:00,Thursday,3,0,12,19,evening,human,63.79
43.239246,76.92242,2026-01-12T20:43:40+05:00,Monday,0,0,1,20,evening,animals,53.09
43.277855,76.896159,2025-12-21T08:18:23+05:00,Sunday,6,1,12,8,morning,others,62.32
43.341704,76.951842,2026-05-09T18:20:50+05:00,Saturday,5,1,5,18,evening,transport,67.4
43.26072,76.954913,2026-03-26T20:14:49+05:00,Thursday,3,0,3,20,evening,others,46.69
43.232889,76.977675,2026-05-10T16:04:24+05:00,Sunday,6,1,5,16,daytime,animals,43.36
43.260614,76.968682,2026-04-09T08:13:58+05:00,Thursday,3,0,4,8,morning,others,47.77
43.266378,76.824512,2026-01-26T15:22:27+05:00,Monday,0,0,1,15,daytime,human,52.04
43.281052,76.890617,2026-03-30T14:22:59+05:00,Monday,0,0,3,14,daytime,building_noise,67.35
43.237216,76.91612,2026-01-06T03:50:19+05:00,Tuesday,1,0,1,3,night,alert,57.1
43.259943,76.948349,2025-11-08T19:30:48+05:00,Saturday,5,1,11,19,evening,alert,77.26
43.23629,76.922009,2026-01-17T10:17:36+05:00,Saturday,5,1,1,10,morning,transport,69.06
43.238672,76.929217,2026-03-08T08:44:34+05:00,Sunday,6,1,3,8,morning,alert,74.39
43.240623,76.923633,2026-04-13T01:50:21+05:00,Monday,0,0,4,1,night,transport,57.67
43.219587,76.928105,2025-12-20T08:00:56+05:00,Saturday,5,1,12,8,morning,transport,68.7
43.254242,76.945396,2026-03-13T23:38:45+05:00,Friday,4,0,3,23,late_evening,human,71.23
43.259909,76.969017,2026-04-29T19:42:21+05:00,Wednesday,2,0,4,19,evening,human,62.19
43.283724,76.894381,2025-11-19T08:25:38+05:00,Wednesday,2,0,11,8,morning,building_noise,73.92
43.218477,76.90143,2026-03-25T18:32:36+05:00,Wednesday,2,0,3,18,evening,human,55.9
43.235294,76.916497,2026-01-29T17:48:08+05:00,Thursday,3,0,1,17,evening,transport,68.2
43.234474,76.956063,2025-12-25T09:26:35+05:00,Thursday,3,0,12,9,morning,transport,77.41
43.251355,76.94311,2026-02-05T12:21:18+05:00,Thursday,3,0,2,12,daytime,human,64.15
43.252604,76.943951,2026-05-05T15:50:47+05:00,Tuesday,1,0,5,15,daytime,human,63.81
43.242334,76.930356,2026-03-14T19:48:38+05:00,Saturday,5,1,3,19,evening,alert,74.05
43.254305,76.9455,2025-12-03T08:25:23+05:00,Wednesday,2,0,12,8,morning,human,70.01
43.219712,76.901261,2026-05-02T10:07:49+05:00,Saturday,5,1,5,10,morning,human,55.95
43.282389,76.896629,2026-03-20T10:39:11+05:00,Friday,4,0,3,10,morning,building_noise,77.31
43.256081,76.943588,2026-02-15T18:46:05+05:00,Sunday,6,1,2,18,evening,human,62.35
43.238923,76.926941,2026-04-02T16:53:49+05:00,Thursday,3,0,4,16,daytime,alert,73.1
43.238432,76.930387,2025-12-16T17:21:43+05:00,Tuesday,1,0,12,17,evening,alert,73.11
43.262217,76.819667,2025-11-04T01:04:58+05:00,Tuesday,1,0,11,1,night,others,35.0
43.239427,76.92334,2026-01-06T07:10:16+05:00,Tuesday,1,0,1,7,morning,transport,82.55
43.234648,76.955932,2026-03-23T08:54:55+05:00,Monday,0,0,3,8,morning,transport,70.65
43.258198,76.94682,2026-05-03T21:30:14+05:00,Sunday,6,1,5,21,late_evening,human,65.13
43.257379,76.968626,2026-04-01T20:51:14+05:00,Wednesday,2,0,4,20,evening,others,44.6
43.354667,77.043158,2026-03-14T09:06:30+05:00,Saturday,5,1,3,9,morning,transport,73.16
43.237028,76.914117,2026-04-28T09:33:19+05:00,Tuesday,1,0,4,9,morning,transport,66.68
43.258349,76.94751,2026-02-20T22:07:50+05:00,Friday,4,0,2,22,late_evening,human,67.84
43.23858,76.953405,2026-02-16T15:56:51+05:00,Monday,0,0,2,15,daytime,others,64.66
43.257947,76.947249,2025-11-14T21:20:54+05:00,Friday,4,0,11,21,late_evening,human,70.02
43.267335,76.822501,2026-01-21T13:32:14+05:00,Wednesday,2,0,1,13,daytime,human,57.82
43.260986,76.945038,2026-03-19T08:39:47+05:00,Thursday,3,0,3,8,morning,building_noise,71.02
43.219899,76.930164,2026-03-02T17:32:40+05:00,Monday,0,0,3,17,evening,transport,81.73
43.241345,76.862336,2025-11-16T19:31:39+05:00,Sunday,6,1,11,19,evening,transport,73.26
43.257903,76.945399,2026-01-19T18:45:51+05:00,Monday,0,0,1,18,evening,human,70.96
43.220605,76.902943,2026-04-17T20:01:39+05:00,Friday,4,0,4,20,evening,others,42.07
43.282915,76.897921,2025-12-02T22:37:53+05:00,Tuesday,1,0,12,22,late_evening,transport,59.82
43.237012,76.916709,2026-02-02T09:31:13+05:00,Monday,0,0,2,9,morning,transport,68.74
43.3414,76.948218,2026-01-06T09:21:46+05:00,Tuesday,1,0,1,9,morning,transport,75.52
43.265191,76.929447,2026-03-13T19:22:32+05:00,Friday,4,0,3,19,evening,human,65.12
43.258215,76.966249,2026-01-01T07:02:12+05:00,Thursday,3,0,1,7,morning,others,47.99
